Dealer ID,GCD Code,Assigned Sales Officer,Assigned Sales Manager,Dealership Name,Original Onboarding Date,Original Approved Credit Limit (in PHP),Original Approved Drawing Limit (in PHP),"Current Approved 
Credit Limit",Current Approved Drawing Power,Total Outstanding Amount,Total Available Credit Limit,Total Available Drawing Power,Lifetime TXN's,No. of open Loans,Netbank,Credit Line Status,Reason for CL Hold Status,Netbank - Approved Credit Limit,Netbank - Approved Drawing Power,Netbank - Outstanding Principal,Netbank - Available Credit Limit,Netbank - Available Drawing Power,Finsso,Credit Line Status,Reason for CL Hold Status,Finsso - Approved Credit Limit,Finsso - Approved Drawing Power,Finsso - Outstanding Principal,Finsso - Available Credit Limit,Finsso - Available Drawing Power,L3M Average Repayment Delay,% Utilization ,% Repayment,% Repayment Efficiency,80% LTV Qualified?,Qualified for Automatic CL Increase,"Date 
of Next 
CL Increase","Amount 
of Next 
CL/DP Increase","Remaining 
CL/DP
after Increase",Total Paid Renewal 1 in the last 90 days,Total Paid Renewal 2 in the last 90 days,Total Maturity Payments Made in the last 90 days,Total Payments made in the last 90 days,Total Repayments due in the last 90 days,First TXN,Last TXN,Pending Remittance w/ Netbank,Outstanding Netbank Booking,Credit Line Status,Reason for Hold / Blacklisting,Date of Blacklisting,Reassessement Date,December 2025 Blacklist,% Repayment (L3M),Effective Risk Pricing,Same Group,Onboarded Month,L6M Average Repayment Delay,Netbank Credit Line ID,Finsso Credit Line ID,Onboarding (Regular / Express),Total Number of CL Increase (Lifetime),Total Number of Automatic CL Increase (Lifetime),Credit Line Expiry Date,Credit Line Expiry Date,"(for Onboarded Masterlist)
Original Credit Line issuance Date","(for Onboarded Masterlist)
Original CLA Signed Date",Available CL w/ Netbank
IF0001,GCD3943,Marlon Llamas,Albert Dalupang,EMC PRADO AUTO INC,45316,5000000,3000000,5000000,3000000,0,5000000,3000000,1,0,Yes,Hold,Expired Credit Line,5000000,3000000,0,5000000,3000000,No,,,0,0,0,0,0,0,0,0,0,No,No,,5000000,,0,0,0,0,0,45317,45394,0,0,Hold,Finsso: Pending CL | Netbank: Expired CL,,,,0,0.0175,,Jan'24,0,IF0001-NB,,Regular Onboarding,,,45679,Expired Credit Line,45313,45316,5000000
IF0002,GCD3944,Marlon Llamas,Albert Dalupang,DCP-DASH CAR PRO TRADING CORP (Dashcarr Pro),45342,2000000,2000000,20000000,20000000,36405481.32,-16405481.32,-16405481.32,1,59,Yes,Hold,Maturity DPD,20000000,20000000,36405481.32,-16405481.32,-16405481.32,Yes,Hold,Expired Credit Line,20000000,20000000,0,20000000,20000000,23.33333333,0.0707222885,0,0,No,No,45885,,,0,0,0,0,21,45345,45345,0,36405481.32,Blacklisted,15 DPD,46142,,,0,0.0175,DCP Family,Feb'24,98.20833333,IF0002-NB,IF0002-FFC,Regular Onboarding,2,1,46269,Expired Credit Line,45337,45342,-16405481.32
IF0003,GCD1739,Elvira Ladea,Marah Luriely A. Villaruz,OKSCARS AUTOFINANCING CAR TRADING,45342,3000000,2000000,3000000,2000000,0,3000000,2000000,1,0,Yes,Hold,Expired Credit Line,3000000,2000000,0,3000000,2000000,No,,,0,0,0,0,0,0,0,0,0,No,No,,3000000,,0,0,0,0,0,45348,45348,0,0,Hold,Finsso: Pending CL | Netbank: Expired CL,,,,0,0.0175,,Feb'24,0,IF0003-NB,,Regular Onboarding,,,45707,Expired Credit Line,45338,45342,3000000
IF0004,GCD213,Marlon Llamas,Albert Dalupang,YOCARS AUTOMOTIVE CARE SERVICES,45349,3000000,2000000,5000000,5000000,6768000,-1768000,-1768000,1,11,Yes,Hold,Maturity DPD,5000000,5000000,4778000,222000,222000,Yes,Hold,Maturity DPD,5000000,5000000,1990000,3010000,3010000,33.2,0.248,0,0,No,No,45995,7500000,,0,0,0,0,13,45352,46202,0,4778000,Open,Finsso: Open | Netbank: Expired CL,,,,0,0.0175,,Feb'24,49.5,IF0004-NB,IF0004-FFC,Regular Onboarding,2,2,46287,Soon Expiry,45349,45349,222000
IF0005,GCD4058,Marlon Llamas,Albert Dalupang,RANDALL AUTO TRADING,45362.38819,500000,500000,750000,750000,0,750000,750000,1,0,Yes,Hold,Expired Credit Line,750000,750000,0,750000,750000,No,,,0,0,0,0,0,0,0,0,0,No,No,45526,1125000,,0,0,0,0,0,45366,45468,0,0,Hold,Finsso: Pending CL | Netbank: Expired CL,,,,0,0.0175,,Mar'24,0,IF0005-NB,,Regular Onboarding,1,2,45798,Expired Credit Line,45351.44583,45362.38819,750000
IF0006,GCD2174,Rhoyland Alagon,Marah Luriely A. Villaruz,MJM MOTOR SHOP,45357,300000,300000,300000,300000,165000,135000,135000,1,1,Yes,Blacklisted,Multiple DPD / HIstory of Repossession,300000,300000,165000,135000,135000,No,,,0,0,0,0,0,0,0,0,0,No,No,,300000,,0,0,0,0,0,45373,45373,0,0,Blacklisted,15 DPD,45402,,,0,0.0175,,Mar'24,0,IF0006-NB,,Regular Onboarding,,,45721,Expired Credit Line,45357,45357,135000
IF0007,GCD1716,Marlon Llamas,Albert Dalupang,RAMP AUTO TRADING,45358,2000000,2000000,6750000,6750000,8048000,-1298000,-1298000,1,13,Yes,Hold,Pending CLA Signature,6750000,6750000,5000000,1750000,1750000,Yes,Hold,Maturity DPD,6750000,6750000,3048000,3702000,3702000,0,0,0,0,No,No,46343,,,0,0,0,0,13,45371,46168,0,5000000,Blacklisted,15 DPD,46184,,,0,0.0175,,Mar'24,89.19047619,IF0007-NB,IF0007-FFC,Regular Onboarding,3,3,46615,,45358,45358,1750000
IF0008,GCD2134,Marlon Llamas,Albert Dalupang,JAYJAY CAR TRADING,45364,5000000,5000000,10000000,10000000,0,10000000,10000000,1,0,Yes,Hold,Expired Credit Line,10000000,10000000,0,10000000,10000000,No,,,0,0,0,0,0,0,0,0,0,No,No,45456,,,0,0,0,0,0,45378,45590,0,0,Hold,Finsso: Pending CL | Netbank: Expired CL,,,,0,0.0175,,Mar'24,0,IF0008-NB,,Regular Onboarding,,,45728,Expired Credit Line,45364,45364,10000000
IF0009,GCD1912,Rexcell Juegos,Albert Dalupang,MIKMIK'S CAR TRADING,45364,1200000,800000,1200000,1000000,0,1200000,1000000,0,0,Yes,Hold,Expired Credit Line,1200000,800000,0,1200000,800000,Yes,Open,,1200000,1000000,0,1200000,1000000,0,0,0,0,No,No,45456,1800000,,0,0,0,0,0,,,0,0,Open,Finsso: Open | Netbank: Expired CL,,,,0,0.0175,,Mar'24,0,IF0009-NB,IF0009-FFC,Regular Onboarding,,,46514,,45364,45364,1200000
IF0010,GCD2868,Marlon Llamas,Albert Dalupang,GARAGE888 AUTO TRADING,45401,1500000,750000,2250000,2250000,0,2250000,2250000,1,0,Yes,Hold,Expired Credit Line,2250000,2250000,0,2250000,2250000,No,,,0,0,0,0,0,0,0,0,0,No,No,45556,3375000,,0,0,0,0,0,45436,45439,0,0,Hold,Finsso: Pending CL | Netbank: Expired CL,,,,0,0.0175,,Apr'24,0,IF0010-NB,,Regular Onboarding,1,1,45828,Expired Credit Line,45400,45401,2250000
IF0011,GCD1728,Marlon Llamas,Albert Dalupang,DAVE AND MELODY VEHICLE TRADING (Formerly as D.M Cars),45404,480000,480000,2430000,2430000,3473000,-1043000,-1043000,1,5,Yes,Hold,Maturity DPD,2430000,2430000,3473000,-1043000,-1043000,Yes,Open,,2430000,2430000,0,2430000,2430000,19,0.3053497942,0,0,No,No,46359,3645000,,0,0,0,0,4,45406,45406,0,3473000,Open,,,,,0,0.0175,,Apr'24,79.5,IF0011-NB,IF0011-FFC,Regular Onboarding,4,4,46632,,45401,45404,-1043000
IF0012,,Zhesa Resurrecion,Albert Dalupang,GCE VEHICLE TRADING (Formerly: LINIS SIKAT CARWASH & ACCESSORIES),45408,480000,480000,1500000,1000000,2000000,-500000,-1000000,1,2,Yes,Blacklisted,Done Re-assessement,1500000,1000000,1000000,500000,0,Yes,Hold,Done Re-assessement,1500000,1000000,1000000,500000,0,20.38541667,1,0,0,No,No,46312,2250000,,0,0,0,0,3,45412,46223.61458,0,1000000,Open,,,46132.58958,,0,0.02,,Apr'24,64.84635417,IF0012-NB,IF0012-FFC,Regular Onboarding,5,6,46584,,45773,45408,500000
IF0013,GCD3942,Marlon Llamas,Albert Dalupang,DON/GIE 2ND HAND CAR TRADING,45411,640000,400000,1000000,1000000,2127000,-1127000,-1127000,1,8,Yes,Hold,Maturity DPD,1000000,1000000,2127000,-1127000,-1127000,Yes,Open,,1000000,1000000,0,1000000,1000000,17,0.462,0,0,No,No,46083,1500000,,0,0,0,0,8,45419,46212,0,2127000,Open,,,,,0,0.0175,,Apr'24,79.28571429,IF0013-NB,IF0013-FFC,Regular Onboarding,,,46357,Soon Expiry,45408,45411,-1127000
IF0014,GCD1898,Jerome Cacayan,Albert Dalupang,QRA AUTOSALE AND AUTOWORKS ENTERPRISES CORP.,45408,2000000,1400000,2000000,2000000,0,2000000,2000000,1,0,Yes,Hold,Multiple DPD / HIstory of Repossession,2000000,2000000,0,2000000,2000000,No,,,0,0,0,0,0,0,0,0,0,No,No,45498,3000000,,0,0,0,0,0,45414,45443,0,0,Hold,Finsso: Pending CL | Netbank: Expired CL,,,,0,0.0175,,Apr'24,0,IF0014-NB,,Regular Onboarding,,,45771,Expired Credit Line,45407,45408,2000000
IF0015,GCD1880,Marlon Llamas,Albert Dalupang,CARMATRIO AUTO TRADING,45418,2400000,1440000,2400000,2400000,0,2400000,2400000,1,0,Yes,Hold,Expired Credit Line,2400000,2400000,0,2400000,2400000,No,,,0,0,0,0,0,0,0,0,0,No,No,45498,3600000,,0,0,0,0,0,45511,45716,0,0,Hold,Finsso: Pending CL | Netbank: Expired CL,,,,0,0.0175,,May'24,0,IF0015-NB,,Regular Onboarding,,,45771,Expired Credit Line,45407,45418,2400000
IF0016,GCD1518,Marlon Llamas,Albert Dalupang,VERSATILE AUTO SALES,45419,800000,500000,6075000,6075000,0,6075000,6075000,1,0,Yes,Blacklisted,Multiple DPD / HIstory of Repossession,6075000,6075000,0,6075000,6075000,Yes,Blacklisted,Multiple DPD / HIstory of Repossession,6075000,6075000,0,6075000,6075000,0,0,0,0,No,No,45952,9112500,,0,0,0,0,0,45447,45982,0,0,Blacklisted,Manual,46006,,46001,0,0.0175,,May'24,0,IF0016-NB,IF0016-FFC,Regular Onboarding,4,6,46276,Soon Expiry,45415,45419,6075000
IF0017,GCD4054,Rose Batacan,Malou Alfonso,CROSSROAD 77,45439.75278,1000000,1000000,9000000,9000000,16700500,-7700500,-7700500,1,33,Yes,Hold,Maturity DPD,9000000,9000000,16700500,-7700500,-7700500,Yes,Open,,9000000,9000000,0,9000000,9000000,0,0,0,0,No,No,45983,,,0,0,0,0,8,45440,46100,0,16700500,Open,Finsso: Open | Netbank: Expired CL,,,,0,0.0175,Amor Family,May'24,113.6666667,IF0017-NB,IF0017-FFC,Regular Onboarding,4,4,46289,Soon Expiry,45436.75069,45439.75278,-7700500
IF0018,GCD100,Marlon Llamas,Albert Dalupang,LUCKY 323 CAR TRADING,45441,800000,800000,1200000,1200000,452500,747500,747500,1,1,Yes,Hold,Renewal 1 DPD,1200000,1200000,452500,747500,747500,Yes,Open,,1200000,1200000,0,1200000,1200000,25.44583333,0.3770833333,0,0,No,No,45898,1800000,,0,0,0,0,1,45442,46218.55417,0,452500,Open,Finsso: Open | Netbank: Expired CL,,,,0,0.0175,,May'24,25.44583333,IF0018-NB,IF0018-FFC,Regular Onboarding,1,1,46279,Soon Expiry,45441,45441,747500
IF0019,GCD4055,Marlon Llamas,Albert Dalupang,KAYKEES TRADING,45436,600000,400000,600000,400000,0,600000,400000,0,0,Yes,Hold,Expired Credit Line,600000,400000,0,600000,400000,No,,,0,0,0,0,0,0,0,0,0,No,No,,600000,,0,0,0,0,0,,,0,0,Hold,Finsso: Pending CL | Netbank: Expired CL,,,,0,0.0175,,May'24,0,IF0019-NB,,Regular Onboarding,,,45779,Expired Credit Line,45415,45436,600000
IF0020,GCD2235,Elvira Ladea,Marah Luriely A. Villaruz,PARE KOTSE CAR TRADING,45441,600000,600000,1350000,1350000,0,1350000,1350000,1,0,Yes,Hold,Expired Credit Line,1350000,1350000,0,1350000,1350000,No,,,0,0,0,0,0,0,0,0,0,No,No,45702,2025000,,0,0,0,0,0,45443,45533,0,0,Hold,Finsso: Pending CL | Netbank: Expired CL,,,,0,0.0175,,May'24,0,IF0020-NB,,Regular Onboarding,2,2,45974,Expired Credit Line,45440,45441,1350000
IF0021,GCD2286,Rose Batacan,Malou Alfonso,ARRONDAVIS AUTO TRADING,45446.83194,800000,500000,9112500,9112500,5081000,4031500,4031500,1,10,Yes,Blacklisted,Multiple DPD / HIstory of Repossession,6075000,6075000,1180000,4895000,4895000,Yes,Blacklisted,Multiple DPD / HIstory of Repossession,9112500,9112500,3901000,5211500,5211500,0,0,0,0,No,No,45930,,,0,0,0,0,0,45467,45982,0,1180000,Blacklisted,15 DPD,46000,,46000,0,0.0175,,Jun'24,0,IF0021-NB,IF0021-FFC,Regular Onboarding,6,6,46287,Soon Expiry,45440.62847,45446.83194,4895000
IF0022,GCD4060,Rhoyland Alagon,Marah Luriely A. Villaruz,CARR TIANGGE 2019 AUTO TRADING,45470.71458,300000,300000,300000,300000,0,300000,300000,0,0,Yes,Hold,Expired Credit Line,300000,300000,0,300000,300000,No,,,0,0,0,0,0,0,0,0,0,No,No,,300000,,0,0,0,0,0,,,0,0,Hold,Finsso: Pending CL | Netbank: Expired CL,,,,0,0.0175,,Jun'24,0,IF0022-NB,,Regular Onboarding,,,45811,Expired Credit Line,45470.60833,45470.71458,300000
IF0023,GCD1900,Zhesa Resurrecion,Albert Dalupang,ZABLAN AUTO EXCHANGE SERVICES,45462.65972,750000,500000,750000,500000,0,750000,500000,1,0,Yes,Hold,Expired Credit Line,750000,500000,0,750000,500000,No,,,0,0,0,0,0,0,0,0,0,No,No,,750000,,0,0,0,0,0,45701,45786,0,0,Hold,Finsso: Pending CL | Netbank: Expired CL,,,,0,0.0175,,Jun'24,0,IF0023-NB,,Regular Onboarding,,,45817,Expired Credit Line,45453.61528,45462.65972,750000
IF0024,GCD2769,Zhesa Resurrecion,Albert Dalupang,CAZA NUEVE TRADING,45464.83403,300000,300000,300000,300000,0,300000,300000,0,0,Yes,Hold,Expired Credit Line,300000,300000,0,300000,300000,No,,,0,0,0,0,0,0,0,0,0,No,No,,300000,,0,0,0,0,0,,,0,0,Hold,Finsso: Pending CL | Netbank: Expired CL,,,,0,0.0175,,Jun'24,0,IF0024-NB,,Regular Onboarding,,,45828,Expired Credit Line,45464.76319,45464.83403,300000
IF0025,GCD4056,Marlon Llamas,Albert Dalupang,823ERIC CAR TRADING,45464.83472,750000,500000,750000,500000,0,750000,500000,0,0,Yes,Hold,Expired Credit Line,750000,500000,0,750000,500000,No,,,0,0,0,0,0,0,0,0,0,No,No,,750000,,0,0,0,0,0,,,0,0,Hold,Finsso: Pending CL | Netbank: Expired CL,,,,0,0.0175,,Jun'24,0,IF0025-NB,,Regular Onboarding,,,45828,Expired Credit Line,45464.74931,45464.83472,750000
IF0026,GCD2030,Rhoyland Alagon,Marah Luriely A. Villaruz,JB-MAUI AUTO TRADING,45465.70694,300000,300000,300000,300000,0,300000,300000,0,0,Yes,Hold,Expired Credit Line,300000,300000,0,300000,300000,No,,,0,0,0,0,0,0,0,0,0,No,No,,300000,,0,0,0,0,0,,,0,0,Hold,Finsso: Pending CL | Netbank: Expired CL,,,,0,0.0175,,Jun'24,0,IF0026-NB,,Regular Onboarding,,,45828,Expired Credit Line,45464.75972,45465.70694,300000
IF0027,GCD3950,Rhoyland Alagon,Marah Luriely A. Villaruz,KEER GARAGE1 VEHICLE MAINTENANCE SERVICES,45467.45347,800000,500000,800000,500000,704000,96000,-204000,1,3,Yes,Hold,Maturity DPD,800000,500000,704000,96000,-204000,Yes,Open,,800000,500000,0,800000,500000,0,0,0,0,No,No,,800000,,0,0,0,0,1,45471,46100,0,704000,Open,Finsso: Open | Netbank: Expired CL,,,,0,0.0175,,Jun'24,113.6666667,IF0027-NB,IF0027-FFC,Regular Onboarding,,,46315,Soon Expiry,45464.76597,45467.45347,96000
IF0028,GCD2785,Zhesa Resurrecion,Albert Dalupang,RAPHAEL ONLINE SHOP,45468.74931,800000,560000,800000,560000,0,800000,560000,0,0,Yes,Hold,Expired Credit Line,800000,560000,0,800000,560000,No,,,0,0,0,0,0,0,0,0,0,No,No,,800000,,0,0,0,0,0,,,0,0,Hold,Finsso: Pending CL | Netbank: Expired CL,,,,0,0.0175,,Jun'24,0,IF0028-NB,,Regular Onboarding,,,45751,Expired Credit Line,45387.54861,45468.74931,800000
IF0029,GCD126,Myrnalyn Bankingkito,Malou Alfonso,PMB CAR EXCHANGE,45470.55694,1680000,1176000,15000000,8000000,11838799.07,3161200.93,-3838799.07,1,28,Yes,Open,Done Re-assessement,10000000,8000000,9643829.07,356170.93,-1643829.07,Yes,Open,Done Re-assessement,15000000,8000000,2194970,12805030,5805030,16.171875,0.1522611338,0,0,No,No,45721,,,0,0,0,0,14,45476,46231,0,9643829.07,Blacklisted,15 DPD,46167,45627.90556,,0,0.0175,PMB Family,Jun'24,65.45723684,IF0029-NB,IF0029-FFC,Regular Onboarding,2,2,46430,,45470.55,45470.55694,356170.93
IF0030,GCD1559,Zhesa Resurrecion,Albert Dalupang,NIX-ASH OTO PWESTO DISPLAY CENTER,45470.64514,3400000,2380000,3400000,2380000,0,3400000,2380000,0,0,Yes,Hold,Expired Credit Line,3400000,2380000,0,3400000,2380000,No,,,0,0,0,0,0,0,0,0,0,No,No,,3400000,,0,0,0,0,0,,,0,0,Hold,Finsso: Pending CL | Netbank: Expired CL,,,,0,0.0175,,Jun'24,0,IF0030-NB,,Regular Onboarding,,,45832,Expired Credit Line,45468.64653,45470.64514,3400000
IF0031,GCD3951,Myrnalyn Bankingkito,Malou Alfonso,START N' GO CAR TRADING,45471.72431,800000,560000,10000000,10000000,10281000,-281000,-281000,1,19,Yes,Open,Done Re-assessement,10000000,10000000,6206000,3794000,3794000,Yes,Open,Done Re-assessement,10000000,7000000,4075000,5925000,2925000,0,0,0,0,No,No,46079,,,0,0,0,0,12,45532,46164,0,6206000,Blacklisted,15 DPD,46170,46058,,0,0.0175,PMB Family,Jun'24,99.7,IF0031-NB,IF0031-FFC,Regular Onboarding,3,2,46430,,45470.60486,45471.72431,3794000
IF0032,GCD2593,Rose Batacan,Malou Alfonso,MARCUS CAR ACCESSORIES AND DETAILING,45475.48125,300000,300000,1518750,1518750,5567506,-4048756,-4048756,1,8,Yes,Hold,Maturity DPD,1518750,1518750,5567506,-4048756,-4048756,Yes,Open,,1518750,1518750,0,1518750,1518750,26.01059028,0.5339917695,0,0,No,No,46254,2278125,,0,0,0,0,8,45482,45482,0,5032506,Hold,w/ Due Repayments - >= 5DPD,,,,0,0.0175,,Jul'24,47.70423611,IF0032-NB,IF0032-FFC,Regular Onboarding,4,4,46526,,45471.4125,45475.48125,-4048756
IF0033,GCD2821,Rhoyland Alagon,Marah Luriely A. Villaruz,AUTO PLANET TRADING PHILS INC.,45476.5,800000,560000,4275000,4275000,621000,3654000,3654000,1,1,Yes,Hold,Multiple DPD / HIstory of Repossession,4275000,4275000,0,4275000,4275000,Yes,Hold,Multiple DPD / HIstory of Repossession,4275000,4275000,621000,3654000,3654000,0,0,0,0,No,No,45926,6412500,,0,0,0,0,0,45482,45919,0,0,Blacklisted,Manual,46006,,,0,0.0175,,Jul'24,0,IF0033-NB,IF0033-FFC,Regular Onboarding,3,4,46274,Soon Expiry,45476.42292,45476.5,4275000
IF0034,GCD4,Zhesa Resurrecion,Albert Dalupang,JSL CARS VEHICLE TRADING,45477.4625,1200000,840000,1800000,1800000,0,1800000,1800000,1,0,Yes,Hold,Expired Credit Line,1800000,1800000,0,1800000,1800000,No,,,0,0,0,0,0,0,0,0,0,No,No,45788,2700000,,0,0,0,0,0,45541,45716,0,0,Hold,Finsso: Pending CL | Netbank: Expired CL,,,,0,0.0175,,Jul'24,0,IF0034-NB,,Regular Onboarding,1,1,46063,Expired Credit Line,45477.41389,45477.4625,1800000
IF0035,GCD3095,Zhesa Resurrecion,Albert Dalupang,CARZON3 AUTO TRADING,45477.59028,600000,600000,3037500,3037500,1289000,1748500,1748500,1,4,Yes,Hold,Maturity DPD,3037500,3037500,1117000,1920500,1920500,Yes,Hold,Renewal 1 DPD,3037500,3037500,172000,2865500,2865500,26,0.0566255144,0,0,No,No,46354,4556250,,0,0,0,0,2,45485,45485,0,1117000,Open,,,,,0,0.0175,,Jul'24,26,IF0035-NB,IF0035-FFC,Regular Onboarding,4,4,46626,,45477.50556,45477.59028,1920500
IF0036,GCD326,Marlon Llamas,Albert Dalupang,KCY CAR TRADING,45477.82708,750000,500000,750000,500000,0,750000,500000,0,0,Yes,Hold,Expired Credit Line,750000,500000,0,750000,500000,No,,,0,0,0,0,0,0,0,0,0,No,No,,750000,,0,0,0,0,0,,,0,0,Hold,Finsso: Pending CL | Netbank: Expired CL,,,,0,0.0175,,Jul'24,0,IF0036-NB,,Regular Onboarding,,,45835,Expired Credit Line,45471.74722,45477.82708,750000
IF0037,GCD1560,Zhesa Resurrecion,Albert Dalupang,RT MANIAGO AUTO CENTER CORPORATION,45478.59444,2860000,2000000,2860000,2000000,0,2860000,2000000,0,0,Yes,Hold,Expired Credit Line,2860000,2000000,0,2860000,2000000,No,,,0,0,0,0,0,0,0,0,0,No,No,,2860000,,0,0,0,0,0,,,0,0,Hold,Finsso: Pending CL | Netbank: Expired CL,,,,0,0.0175,,Jul'24,0,IF0037-NB,,Regular Onboarding,,,45842,Expired Credit Line,45478.44583,45478.59444,2860000
IF0038,GCD3087,Zhesa Resurrecion,Albert Dalupang,RNS AUTO TRADING,45481.76597,1000000,700000,3375000,3375000,0,3375000,3375000,1,0,Yes,Hold,Done Re-assessement,3375000,3375000,0,3375000,3375000,Yes,Open,,1000000,700000,0,1000000,700000,0,0,0,0,No,No,45883,5062500,,0,0,0,0,0,45534,45793,0,0,Open,Finsso: Open | Netbank: Expired CL,,,,0,0.02,,Jul'24,0,IF0038-NB,IF0038-FFC,Regular Onboarding,3,3,46455,,45481.7375,45481.76597,3375000
IF0039,GCD2882,Elvira Ladea,Marah Luriely A. Villaruz,BKG CAR TRADING,45483.87917,300000,300000,3375000,3375000,4621000,-1246000,-1246000,1,12,Yes,Hold,Done Re-assessement,3375000,3375000,4287000,-912000,-912000,Yes,Hold,Done Re-assessement,3375000,3375000,334000,3041000,3041000,19.38611111,0.09303703704,0,0,No,No,45952,5062500,,0,0,0,0,10,45545,46224.61389,0,4287000,Open,Finsso: Open | Netbank: Expired CL,,45614.66806,,0,0.0175,,Jul'24,87.14913194,IF0039-NB,IF0039-FFC,Regular Onboarding,4,6,46276,Soon Expiry,45482.66042,45483.87917,-912000
IF0040,GCD3955,Rhoyland Alagon,Marah Luriely A. Villaruz,FASTWHEELS CAR AGENT SERVICES,45488.59097,800000,560000,2700000,2700000,593000,2107000,2107000,1,1,Yes,Hold,Maturity DPD,2700000,2700000,593000,2107000,2107000,Yes,Hold,,2700000,2700000,0,2700000,2700000,0,0,0,0,No,No,45885,4050000,,0,0,0,0,0,45499,46031,0,593000,Hold,Expired CL,,,,0,0.0175,,Jul'24,0,IF0040-NB,IF0040-FFC,Regular Onboarding,3,3,46272,Expired Credit Line,45488.51736,45488.59097,2107000
IF0041,GCD3049,Marlon Llamas,Albert Dalupang,NEO'S AUTO TRADING,45496.59236,1000000,700000,3000000,3000000,1191000,1809000,1809000,1,2,Yes,Hold,Multiple DPD / HIstory of Repossession,3000000,3000000,0,3000000,3000000,Yes,Hold,Multiple DPD / HIstory of Repossession,3000000,3000000,1191000,1809000,1809000,0,0,0,0,No,No,45945,4500000,,0,0,0,0,0,45526,45937,0,0,Blacklisted,15 DPD,46009,,,0,0.0175,,Jul'24,0,IF0041-NB,IF0041-FFC,Regular Onboarding,1,1,46283,Soon Expiry,45496.39722,45496.59236,3000000
IF0042,GCD2419,Rhoyland Alagon,Marah Luriely A. Villaruz,RSALVADOR CAR TRADING,45497.47014,640000,400000,2160000,2160000,1200000,960000,960000,1,2,Yes,Hold,Renewal 1 DPD,2160000,2160000,1200000,960000,960000,Yes,Open,,2160000,2160000,0,2160000,2160000,32,0.2314814815,0,0,No,No,46282,3240000,,0,0,0,0,2,45517,45517,0,1200000,Open,,,,,0,0.0175,,Jul'24,32,IF0042-NB,IF0042-FFC,Regular Onboarding,3,3,46554,,45497.38542,45497.47014,960000
IF0043,GCD2443,Rhoyland Alagon,Marah Luriely A. Villaruz,ANDRAVEN CARS AUTO TRADING,45498.6,1200000,840000,1800000,1800000,0,1800000,1800000,1,0,Yes,Hold,Expired Credit Line,1800000,1800000,0,1800000,1800000,No,,,0,0,0,0,0,0,0,0,0,No,No,45790,2700000,,0,0,0,0,0,45540,45677,0,0,Hold,Finsso: Pending CL | Netbank: Expired CL,,,,0,0.0175,,Jul'24,0,IF0043-NB,,Regular Onboarding,1,1,46065,Expired Credit Line,45490.63333,45498.6,1800000
IF0044,GCD3010,Zhesa Resurrecion,Albert Dalupang,LAROZA CAR TRADING,45506.67153,2500000,1750000,2500000,1750000,0,2500000,1750000,0,0,Yes,Hold,Expired Credit Line,2500000,1750000,0,2500000,1750000,No,,,0,0,0,0,0,0,0,0,0,No,No,,2500000,,0,0,0,0,0,,,0,0,Hold,Finsso: Pending CL | Netbank: Expired CL,,,,0,0.0175,,Aug'24,0,IF0044-NB,,Regular Onboarding,,,45838,Expired Credit Line,45506.58056,45506.67153,2500000
IF0045,GCD1963,Elvira Ladea,Marah Luriely A. Villaruz,AUTO BOUTIQ AUTO TRADING,45510.58542,3000000,2100000,17000000,17000000,35809980,-18809980,-18809980,1,71,Yes,Hold,Maturity DPD,15000000,15000000,31096980,-16096980,-16096980,Yes,Hold,Maturity DPD,17000000,17000000,4713000,12287000,12287000,31.91221405,0.6126470588,0,0,No,No,46319,,,0,0,0,0,55,45513,45513,0,28024980,Blacklisted,Locked by Timestamp,46263.04194,,,0,0.0165,,Aug'24,66.63034627,IF0045-NB,IF0045-FFC,Regular Onboarding,2,3,46591,,45510.575,45510.58542,-16096980
IF0046,GCD1694,Rhoyland Alagon,Marah Luriely A. Villaruz,PAPSTOGO MALABON AUTO CARE CENTER,45513,400000,400000,400000,400000,0,400000,400000,0,0,Yes,Hold,Expired Credit Line,400000,400000,0,400000,400000,No,,,0,0,0,0,0,0,0,0,0,No,No,,400000,,0,0,0,0,0,,,0,0,Hold,Finsso: Pending CL | Netbank: Expired CL,,,,0,0.0175,,Aug'24,0,IF0046-NB,,Regular Onboarding,,,45877,Expired Credit Line,45513.44028,45513,400000
IF0047,GCD3958,Elvira Ladea,Marah Luriely A. Villaruz,KCL'S AUTO TRADING,45517,5000000,3500000,10000000,10000000,0,10000000,10000000,1,0,Yes,Hold,Expired Credit Line,10000000,10000000,0,10000000,10000000,Yes,Open,,10000000,10000000,0,10000000,10000000,0,0,0,0,No,No,45715,,,0,0,0,0,0,45525,45994,0,0,Open,Finsso: Open | Netbank: Expired CL,,,,0,0.0175,,Aug'24,0,IF0047-NB,IF0047-FFC,Regular Onboarding,1,1,46358,Soon Expiry,45515.89236,45517,10000000
IF0048,,,,TAURUS CAR EXCHANGE,45517,1000000,700000,1000000,1000000,0,1000000,1000000,1,0,Yes,Hold,Expired Credit Line,1000000,1000000,0,1000000,1000000,No,,,0,0,0,0,0,0,0,0,0,No,No,45609,1500000,,0,0,0,0,0,45546,45639,0,0,Hold,Finsso: Pending CL | Netbank: Expired CL,,,,0,0.0175,,Aug'24,0,IF0048-NB,,,,,45881,Expired Credit Line,45517.47778,45517,1000000
IF0049,GCD2049,Rhoyland Alagon,Marah Luriely A. Villaruz,DM CARS NON-SPECIALIZED WHOLESALE TRADING(Former as DM QUALITY USED CARS),45520.45694,400000,400000,400000,400000,0,400000,400000,0,0,Yes,Hold,Expired Credit Line,400000,400000,0,400000,400000,No,,,0,0,0,0,0,0,0,0,0,No,No,,400000,,0,0,0,0,0,,,0,0,Hold,Finsso: Pending CL | Netbank: Expired CL,,,,0,0.0175,,Aug'24,0,IF0049-NB,,Express Onboarding,,,45870,Expired Credit Line,45506.72917,45520.45694,400000
IF0050,GCD1948,Elvira Ladea,Marah Luriely A. Villaruz,UGEAGI CAR TRADING,45523.71389,1600000,1120000,5400000,5400000,9490924,-4090924,-4090924,1,21,Yes,Hold,Maturity DPD,5400000,5400000,9490924,-4090924,-4090924,Yes,Open,,5400000,5400000,0,5400000,5400000,23.45,0.1115555556,0,0,No,No,46350,8100000,,0,0,0,0,6,45534,45534,0,9490924,Open,,,,,0,0.0175,Ugeagi Family,Aug'24,106.7785714,IF0050-NB,IF0050-FFC,Regular Onboarding,2,3,46622,,45523.60069,45523.71389,-4090924
IF0051,GCD1772,Rhoyland Alagon,Marah Luriely A. Villaruz,HATCHBACK-MONSTER CAR DISPLAY CENTER,45531.63056,5000000,3500000,15000000,15000000,26328450,-11328450,-11328450,1,41,Yes,Hold,Done Re-assessement,15000000,15000000,7646450,7353550,7353550,Yes,Hold,Maturity DPD,15000000,15000000,18682000,-3682000,-3682000,34.10791667,0.2248666667,0,0,No,No,46282,,,0,0,0,0,41,45540,45540,0,7646450,Open,,,,,0,0.0175,,Aug'24,73.94134887,IF0051-NB,IF0051-FFC,Regular Onboarding,1,1,46554,,45531.54861,45531.63056,7353550
IF0052,GCD3269,Marlon Llamas,Albert Dalupang,AUTO-NEXUS CAR TRADING,45534.52778,3900000,2730000,15000000,15000000,46169760,-31169760,-31169760,1,18,Yes,Hold,Maturity DPD,15000000,15000000,31620060,-16620060,-16620060,Yes,Hold,Maturity DPD,15000000,15000000,14549700,450300,450300,18.72738095,0.9220666667,0,0,No,No,46301,,,0,0,0,0,17,45534,46231.74167,0,31620060,Hold,Multiple Failure Audits,,,,0,0.0175,,Aug'24,67.48366667,IF0052-NB,IF0052-FFC,Regular Onboarding,3,3,46573,,45531.70903,45534.52778,-16620060
IF0053,GCD3957,Marlon Llamas,Albert Dalupang,TRIPLE R VEHICLE TRADING,45537.67778,480000,480000,480000,480000,0,480000,480000,0,0,Yes,Hold,Expired Credit Line,480000,480000,0,480000,480000,No,,,0,0,0,0,0,0,0,0,0,No,No,,480000,,0,0,0,0,0,,,0,0,Hold,Finsso: Pending CL | Netbank: Expired CL,,,,0,0.0175,,Sep'24,0,IF0053-NB,,Regular Onboarding,,,45901,Expired Credit Line,45537.66528,45537.67778,480000
IF0054,GCD3961,Myrnalyn Bankingkito,Malou Alfonso,SHV AUTOBASE,45538.36528,400000,400000,1350000,1350000,1143000,207000,207000,1,3,Yes,Hold,Maturity DPD,1350000,1350000,785000,565000,565000,Yes,Hold,Maturity DPD,1350000,1350000,358000,992000,992000,0,0,0,0,No,No,46352,2025000,,0,0,0,0,2,45705,45705,0,785000,Open,,,,,0,0.0175,,Sep'24,65.66666667,IF0054-NB,IF0054-FFC,Express Onboarding,2,2,46624,,45537.58472,45538.36528,565000
IF0055,GCD1532,Rhoyland Alagon,Marah Luriely A. Villaruz,R ZABLAN AUTO TRADING,45544.40556,600000,600000,10000000,10000000,26386150,-16386150,-16386150,1,63,Yes,Hold,Maturity DPD,10000000,10000000,25504150,-15504150,-15504150,Yes,Hold,Maturity DPD,6750000,6750000,882000,5868000,5868000,30.56237599,0.47243,0,0,No,No,46080,,,0,0,0,0,76,45545,45545,0,25504150,Open,,,,,0,0.0175,,Sep'24,69.70627697,IF0055-NB,IF0055-FFC,Express Onboarding,4,5,46352,Soon Expiry,45538,45544.40556,-15504150
IF0056,GCD3180,Malou Alfonzo,Albert Dalupang,ALTUS CARS FINANCIAL CONSULTANCY SERVICES,45545.57361,5000000,3500000,10000000,10000000,7895030,2104970,2104970,1,20,Yes,Blacklisted,Multiple DPD / HIstory of Repossession,10000000,10000000,7895030,2104970,2104970,No,,,0,0,0,0,0,0,0,0,0,No,No,45715,,,0,0,0,0,0,45546,45695,0,0,Blacklisted,15 DPD,45694,,,0,0.0175,,Sep'24,0,IF0056-NB,,Regular Onboarding,1,1,45987,Expired Credit Line,45545.54722,45545.57361,2104970
IF0057,GCD3970,Elvira Ladea,Marah Luriely A. Villaruz,1 G CAR AGENT SERVICES,45553.54444,400000,400000,1350000,1350000,0,1350000,1350000,1,0,Yes,Hold,Hold - Pending credit reassessment,1350000,1350000,0,1350000,1350000,No,,,0,0,0,0,0,0,0,0,0,No,No,,2025000,,0,0,0,0,0,45559,45897,0,0,Hold,Finsso: Pending CL | Netbank: Expired CL,,,,0,0.0175,,Sep'24,0,IF0057-NB,IF0057-FFC,Express Onboarding,3,3,46157,Expired Credit Line,45553.49514,45553.54444,1350000
IF0058,GCD1643,Rhoyland Alagon,Marah Luriely A. Villaruz,RAMZO AUTO TRADING,45553.08194,400000,400000,400000,400000,0,400000,400000,0,0,Yes,Hold,Expired Credit Line,400000,400000,0,400000,400000,No,,,0,0,0,0,0,0,0,0,0,No,No,,400000,,0,0,0,0,0,,,0,0,Hold,Finsso: Pending CL | Netbank: Expired CL,,,,0,0.0175,,Sep'24,0,IF0058-NB,,Express Onboarding,,,45917,Expired Credit Line,45553.48958,45553.08194,400000
IF0059,GCD2921,Rhoyland Alagon,Marah Luriely A. Villaruz,1WAY CAR TRADING,45554.42153,800000,800000,2700000,2700000,0,2700000,2700000,1,0,Yes,Open,,2700000,2700000,0,2700000,2700000,Yes,Open,,1800000,1800000,0,1800000,1800000,0,0,0,0,No,No,46077,4050000,,0,0,0,0,0,45786,45911,0,0,Open,,,,,0,0.0175,1Way-Aniskaye Family,Sep'24,0,IF0059-NB,IF0059-FFC,Regular Onboarding,,,46349,Soon Expiry,45554.40069,45554.42153,2700000
IF0060,GCD1719,Zhesa Resurrecion,Albert Dalupang,KOTSEKO CAR TRADING,45554.44236,500000,500000,750000,750000,0,750000,750000,1,0,Yes,Hold,Expired Credit Line,750000,750000,0,750000,750000,No,,,0,0,0,0,0,0,0,0,0,No,No,45885,1125000,,0,0,0,0,0,45749,45834,0,0,Hold,Finsso: Pending CL | Netbank: Expired CL,,,,0,0.0175,,Sep'24,0,IF0060-NB,,Regular Onboarding,1,1,46157,Expired Credit Line,45554.40694,45554.44236,750000
IF0061,GCD3966,Myrnalyn Bankingkito,Malou Alfonso,PAULO AND DANNA AUTO TRADING,45554.48681,400000,400000,3037500,3037500,1627500,1410000,1410000,1,5,Yes,Hold,Multiple DPD / HIstory of Repossession,2025000,2025000,1627500,397500,397500,Yes,Open,Multiple DPD / HIstory of Repossession,3037500,3037500,0,3037500,3037500,0,0,0,0,No,No,45952,4556250,,0,0,0,0,0,45555,46014,441035,1627500,Blacklisted,15 DPD,46104,,,0,0.0175,,Sep'24,0,IF0061-NB,IF0061-FFC,Express Onboarding,4,6,46274,Soon Expiry,45554.40417,45554.48681,-22500
IF0062,GCD2180,Elvira Ladea,Marah Luriely A. Villaruz,AE AUTOS QUALITY PRE-OWNED CAR TRADING,45555.54792,400000,400000,400000,400000,0,400000,400000,0,0,Yes,Hold,Expired Credit Line,400000,400000,0,400000,400000,No,,,0,0,0,0,0,0,0,0,0,No,No,,400000,,0,0,0,0,0,,,0,0,Hold,Finsso: Pending CL | Netbank: Expired CL,,,,0,0.0175,,Sep'24,0,IF0062-NB,,Regular Onboarding,,,45910,Expired Credit Line,45547.43542,45555.54792,400000
IF0063,GCD3218,Elvira Ladea,Marah Luriely A. Villaruz,G SQUAD CARPORT AUTO SHOP,45555.72778,1000000,700000,1000000,700000,0,1000000,700000,1,0,Yes,Hold,Expired Credit Line,1000000,700000,0,1000000,700000,No,,,0,0,0,0,0,0,0,0,0,No,No,,1000000,,0,0,0,0,0,45868,45868,0,0,Hold,Finsso: Pending CL | Netbank: Expired CL,,,,0,0.0175,,Sep'24,0,IF0063-NB,,Regular Onboarding,,,45884,Expired Credit Line,45555.725,45555.72778,1000000
IF0064,GCD2647,Zhesa Resurrecion,Albert Dalupang,J8 CAR TRADING,45556.61667,800000,400000,800000,400000,420000,380000,-20000,1,1,Yes,Hold,Multiple DPD / HIstory of Repossession,800000,400000,0,800000,400000,Yes,Hold,Multiple DPD / HIstory of Repossession,800000,400000,420000,380000,-20000,0,0,0,0,No,No,,800000,,0,0,0,0,0,45737,45910,0,0,Blacklisted,Manual,46006,,,0,0.0175,,Sep'24,0,IF0064-NB,IF0064-FFC,Regular Onboarding,,,46273,Expired Credit Line,45553.54167,45556.61667,800000
IF0065,GCD1984,Elvira Ladea,Marah Luriely A. Villaruz,MJO CAR TRADING,45560.63819,3400000,2380000,19000000,19000000,21236733,-2236733,-2236733,1,43,Yes,Hold,Maturity DPD,13000000,13000000,12902554,97446,97446,Yes,Hold,,19000000,19000000,8334179,10665821,10665821,0,0,0,0,No,No,45840,,,0,0,0,0,0,45562,46092,0,12902554,Blacklisted,15 DPD,46097,,,0,0.0175,Marzan Family,Sep'24,0,IF0065-NB,IF0065-FFC,Regular Onboarding,4,3,46311,Soon Expiry,45560,45560.63819,97446
IF0066,GCD1977,Myrnalyn Bankingkito,Malou Alfonso,AUTOCOTTO CAR TRADING,45561.66597,400000,400000,7500000,5000000,5309000,2191000,-309000,1,12,Yes,Open,Done Re-assessement,5000000,5000000,1810000,3190000,3190000,Yes,Open,Done Re-assessement,7500000,5000000,3499000,4001000,1501000,17.2625,0.0648,0,0,No,No,45927,,,0,0,0,0,1,45562,46226.7375,0,1810000,Blacklisted,15 DPD,46169,46058,,0,0.0175,PMB Family,Sep'24,17.2625,IF0066-NB,IF0066-FFC,Express Onboarding,2,3,46430,,45560.75486,45561.66597,3190000
IF0067,GCD3971,Rhoyland Alagon,Marah Luriely A. Villaruz,DC CAR TRADING,45562.66111,2400000,1680000,3600000,3600000,6606800,-3006800,-3006800,1,17,Yes,Hold,Maturity DPD,3600000,3600000,6606800,-3006800,-3006800,Yes,Open,,3600000,3600000,0,3600000,3600000,25.54340278,0.7051388889,0,0,No,No,46284,5400000,,0,0,0,0,12,45589,45589,0,6606800,Hold,Multiple Failure Audits,,,,0,0.0175,,Sep'24,48.52893519,IF0067-NB,IF0067-FFC,Regular Onboarding,1,1,46556,,45561.46458,45562.66111,-3006800
IF0068,GCD2767,Zhesa Resurrecion,Albert Dalupang,RJDM AUTO CARE SERVICES,45568,1200000,1200000,2700000,2700000,5308000,-2608000,-2608000,1,13,Yes,Open,Done Re-assessement,2700000,2700000,4129000,-1429000,-1429000,Yes,Hold,Maturity DPD,2700000,2700000,1179000,1521000,1521000,22.58142361,0.5456296296,0,0,No,No,46317,4050000,,0,0,0,0,12,45625,45625,0,4129000,Open,,,,,0,0.0175,,Oct'24,59.0203559,IF0068-NB,IF0068-FFC,Regular Onboarding,1,1,46589,,45562.65833,45568,-1429000
IF0069,GCD3453,Rhoyland Alagon,Marah Luriely A. Villaruz,ONETEN CAR TRADING,45567.71042,400000,400000,1000000,1000000,1845000,-845000,-845000,1,5,Yes,Hold,Renewal 1 DPD,1000000,1000000,1300000,-300000,-300000,Yes,Hold,Maturity DPD,1000000,1000000,545000,455000,455000,10.39930556,0.5166,0,0,No,No,46338,1500000,,0,0,0,0,4,45660,45660,0,1300000,Open,,,,,0,0.0175,,Oct'24,81.34275794,IF0069-NB,IF0069-FFC,Regular Onboarding,1,2,46610,,45562.69028,45567.71042,-300000
IF0070,GCD3289,Malou Alfonzo,Albert Dalupang,AUTO WEALTH MARKETING CONSULTANCY,45569.46042,2600000,1820000,3900000,3900000,0,3900000,3900000,1,0,Yes,Blacklisted,Multiple DPD / HIstory of Repossession,3900000,3900000,0,3900000,3900000,No,,,0,0,0,0,0,0,0,0,0,No,No,45756,5850000,,0,0,0,0,0,45572,45698,57379.5,0,Hold,Finsso: Pending CL | Netbank: Expired CL,,,,0,0.0175,,Oct'24,0,IF0070-NB,,Regular Onboarding,1,1,46030,Expired Credit Line,45569.44653,45569.46042,3872010
IF0071,GCD3214,Zhesa Resurrecion,Albert Dalupang,PRINCE CAR TRADING,45569.70556,480000,480000,1080000,1080000,885000,195000,195000,1,2,Yes,Hold,Multiple DPD / HIstory of Repossession,1080000,1080000,285000,795000,795000,Yes,Hold,Multiple DPD / HIstory of Repossession,720000,720000,600000,120000,120000,0,0,0,0,No,No,46077,1620000,,0,0,0,0,0,45574,45989,316255,285000,Blacklisted,15 DPD,46007,,,0,0.0175,,Oct'24,0,IF0071-NB,IF0071-FFC,Regular Onboarding,,,46349,Soon Expiry,45569.59028,45569.70556,510000
IF0072,GCD1692,Rose Batacan,Malou Alfonso,3BRODERS AUTOTRADE CAR TRADING,45580.41875,700000,700000,700000,700000,0,700000,700000,1,0,Yes,Hold,Expired Credit Line,700000,700000,0,700000,700000,No,,,0,0,0,0,0,0,0,0,0,No,No,,700000,,0,0,0,0,0,45777,45777,0,0,Hold,Finsso: Pending CL | Netbank: Expired CL,,,,0,0.0175,,Oct'24,0,IF0072-NB,,Regular Onboarding,,,45943,Expired Credit Line,45579.4375,45580.41875,700000
IF0073,GCD3977,Rhoyland Alagon,Marah Luriely A. Villaruz,EIGHTY-NINE CAR TRADING,45587.57708,600000,600000,900000,900000,600000,300000,300000,1,2,Yes,Blacklisted,Multiple DPD / HIstory of Repossession,900000,900000,600000,300000,300000,No,,,0,0,0,0,0,0,0,0,0,No,No,45788,1350000,,0,0,0,0,0,45637,45671,264688.8751,0,Blacklisted,Manual,45771,,,0,0.0175,,Oct'24,0,IF0073-NB,,Regular Onboarding,,,46063,Expired Credit Line,45587.50903,45587.57708,-186000.003
IF0074,GCD313,Zhesa Resurrecion,Albert Dalupang,A2E AUTO DISPLAY CENTER,45594,1440000,1008000,1440000,1008000,0,1440000,1008000,0,0,Yes,Hold,Expired Credit Line,1440000,1008000,0,1440000,1008000,No,,,0,0,0,0,0,0,0,0,0,No,No,,1440000,,0,0,0,0,0,,,0,0,Hold,Finsso: Pending CL | Netbank: Expired CL,,,,0,0.0175,,Oct'24,0,IF0074-NB,,Regular Onboarding,,,45950,Expired Credit Line,45587.50417,45594,1440000
IF0075,GCD2536,Myrnalyn Bankingkito,Malou Alfonso,DEMCARS AUTO TRADING,45593.48125,400000,400000,400000,400000,0,400000,400000,0,0,Yes,Hold,Expired Credit Line,400000,400000,0,400000,400000,No,,,0,0,0,0,0,0,0,0,0,No,No,,400000,,0,0,0,0,0,,,0,0,Hold,Finsso: Pending CL | Netbank: Expired CL,,,,0,0.0175,,Oct'24,0,IF0075-NB,,Express Onboarding,,,45950,Expired Credit Line,45593.47778,45593.48125,400000
IF0076,GCD3953,Elvira Ladea,Marah Luriely A. Villaruz,FCT ENTERPRISE,45596.75625,1320000,1000000,1320000,1000000,0,1320000,1000000,0,0,Yes,Hold,Expired Credit Line,1320000,1000000,0,1320000,1000000,No,,,0,0,0,0,0,0,0,0,0,No,No,,1320000,,0,0,0,0,0,,,0,0,Hold,Finsso: Pending CL | Netbank: Expired CL,,,,0,0.0175,,Oct'24,0,IF0076-NB,,Regular Onboarding,,,45959,Expired Credit Line,45595.43333,45596.75625,1320000
IF0077,GCD4061,Rhoyland Alagon,Marah Luriely A. Villaruz,DOHCGARAGE AUTO TRADING,45601.50833,1400000,980000,1400000,980000,0,1400000,980000,0,0,Yes,Hold,Expired Credit Line,1400000,980000,0,1400000,980000,No,,,0,0,0,0,0,0,0,0,0,No,No,,1400000,,0,0,0,0,0,,,0,0,Hold,Finsso: Pending CL | Netbank: Expired CL,,,,0,0.0175,,Nov'24,0,IF0077-NB,,Regular Onboarding,,,45959,Expired Credit Line,45595.42986,45601.50833,1400000
IF0078,GCD3484,Marlon Llamas,Albert Dalupang,D.A.B. CAR TRADING,45629.58542,2160000,1512000,2160000,1512000,0,2160000,1512000,0,0,Yes,Hold,Expired Credit Line,2160000,1512000,0,2160000,1512000,No,,,0,0,0,0,0,0,0,0,0,No,No,,2160000,,0,0,0,0,0,,,0,0,Hold,Finsso: Pending CL | Netbank: Expired CL,,,,0,0.0175,,Dec'24,0,IF0078-NB,,Regular Onboarding,,,45954,Expired Credit Line,45590.51806,45629.58542,2160000
IF0079,GCD4059,Marlon Llamas,Albert Dalupang,DANIEL CAR TRADING,45603.56389,400000,400000,400000,400000,0,400000,400000,0,0,Yes,Hold,Expired Credit Line,400000,400000,0,400000,400000,No,,,0,0,0,0,0,0,0,0,0,No,No,,400000,,0,0,0,0,0,,,0,0,Hold,Finsso: Pending CL | Netbank: Expired CL,,,,0,0.0175,,Nov'24,0,IF0079-NB,,Express Onboarding,,,45959,Expired Credit Line,45595.42569,45603.56389,400000
IF0080,GCD3561,Zhesa Resurrecion,Albert Dalupang,CARBREEZY CAR TRADING,45595.60833,400000,600000,1350000,1350000,0,1350000,1350000,1,0,Yes,Hold,Expired Credit Line,1350000,1350000,0,1350000,1350000,No,,,0,0,0,0,0,0,0,0,0,No,No,45885,2025000,,0,0,0,0,0,45596,45828,0,0,Hold,Finsso: Pending CL | Netbank: Expired CL,,,,0,0.0175,,Oct'24,0,IF0080-NB,,Regular Onboarding,3,3,46157,Expired Credit Line,45595.42153,45595.60833,1350000
IF0081,GCD4077,Zhesa Resurrecion,Albert Dalupang,D 3RD AUTODISPLAY AUTO SHOP,45595.49444,4500000,4500000,14000000,14000000,14926020,-926020,-926020,1,43,Yes,Hold,Maturity DPD,14000000,14000000,14926020,-926020,-926020,Yes,Hold,Expired Credit Line,14000000,14000000,0,14000000,14000000,0,0,0,0,No,No,45944,,,0,0,0,0,0,45596,46091,318730.1667,14926020,Blacklisted,15 DPD,46091,,,0,0.0175,Dig Family,Oct'24,0,IF0081-NB,IF0081-FFC,Regular Onboarding,3,3,46269,Expired Credit Line,45595.41875,45595.49444,-1206284
IF0082,GCD2708,Elvira Ladea,Marah Luriely A. Villaruz,JERICO S. CRUZ-JSC AUTO TRADING,45604.72292,1000000,1000000,2250000,2250000,3301000,-1051000,-1051000,1,6,Yes,Hold,Maturity DPD,2250000,2250000,3301000,-1051000,-1051000,Yes,Open,,1500000,1500000,0,1500000,1500000,0,0,0,0,No,No,46071,3375000,,0,0,0,0,7,45610,46140,0,3301000,Blacklisted,15 DPD,46177,,,0,0.0175,,Nov'24,91.86666667,IF0082-NB,IF0082-FFC,Regular Onboarding,2,2,46343,Soon Expiry,45604.63958,45604.72292,-1051000
IF0083,GCD3959,Marlon Llamas,Albert Dalupang,KAMCARS ENTERPRISE,45596.91528,400000,400000,400000,400000,0,400000,400000,0,0,Yes,Hold,Expired Credit Line,400000,400000,0,400000,400000,No,,,0,0,0,0,0,0,0,0,0,No,No,,400000,,0,0,0,0,0,,,0,0,Hold,Finsso: Pending CL | Netbank: Expired CL,,,,0,0.0175,,Oct'24,0,IF0083-NB,,Express Onboarding,,,45959,Expired Credit Line,45595.45347,45596.91528,400000
IF0084,GCD3973,Rhoyland Alagon,Marah Luriely A. Villaruz,KRT AUTO CARE SERVICES,45615.38542,400000,400000,400000,400000,0,400000,400000,0,0,Yes,Hold,Expired Credit Line,400000,400000,0,400000,400000,No,,,0,0,0,0,0,0,0,0,0,No,No,,400000,,0,0,0,0,0,,,0,0,Hold,Finsso: Pending CL | Netbank: Expired CL,,,,0,0.0175,,Nov'24,0,IF0084-NB,,Express Onboarding,,,45978,Expired Credit Line,45614.81458,45615.38542,400000
IF0085,GCD2924,Elvira Ladea,Marah Luriely A. Villaruz,BMQ CAR TRADING,45614.98472,400000,400000,600000,600000,0,600000,600000,1,0,Yes,Hold,Expired Credit Line,600000,600000,0,600000,600000,No,,,0,0,0,0,0,0,0,0,0,No,No,45848,900000,,0,0,0,0,0,45678,45819,0,0,Hold,Finsso: Pending CL | Netbank: Expired CL,,,,0,0.0175,,Nov'24,0,IF0085-NB,,Regular Onboarding,1,1,46121,Expired Credit Line,45614.98194,45614.98472,600000
IF0086,GCD3357,Rhoyland Alagon,Marah Luriely A. Villaruz,KENKENS CAR TRADING,45615.65764,400000,400000,400000,400000,0,400000,400000,0,0,Yes,Hold,Expired Credit Line,400000,400000,0,400000,400000,No,,,0,0,0,0,0,0,0,0,0,No,No,,400000,,0,0,0,0,0,,,0,0,Hold,Finsso: Pending CL | Netbank: Expired CL,,,,0,0.0175,,Nov'24,0,IF0086-NB,,Regular Onboarding,,,45978,Expired Credit Line,45615.34167,45615.65764,400000
IF0087,GCD3812,Elvira Ladea,Marah Luriely A. Villaruz,RM GARAGE. USED GOODS TRADING,45615.40833,400000,400000,400000,400000,260000,140000,140000,1,1,Yes,Hold,Expired Credit Line,400000,400000,0,400000,400000,Yes,Hold,Maturity DPD,400000,400000,260000,140000,140000,0,0,0,0,No,No,,400000,,0,0,0,0,2,46133,46133,0,0,Open,Finsso: Open | Netbank: Expired CL,,,,0,0.0175,,Nov'24,80.66666667,IF0087-NB,IF0087-FFC,Express Onboarding,,,46496,,45615.34306,45615.40833,400000
IF0088,GCD2852,Candyce Aguete,Malou Alfonso,LARKD CAR TRADING,45617.62153,2700000,1900000,4050000,4050000,1297002,2752998,2752998,1,4,Yes,Hold,Done Re-assessement,4050000,4050000,1297002,2752998,2752998,No,,,0,0,0,0,0,0,0,0,0,No,No,46231,6075000,,0,0,0,0,0,45617,45617,0,1297002,Open,Finsso: Pending CLA Signature | Netbank: Open,,,,0,0.0175,,Nov'24,0,IF0088-NB,IF0088-FFC,Regular Onboarding,1,1,46504,,45617.60556,45617.62153,2752998
IF0089,GCD3978,Marlon Llamas,Albert Dalupang,RAYMOND AUTO SHOP,45621.61944,400000,400000,600000,600000,0,600000,600000,1,0,Yes,Hold,Multiple DPD / HIstory of Repossession,400000,400000,0,400000,400000,Yes,Open,Multiple DPD / HIstory of Repossession,600000,600000,0,600000,600000,0,0,0,0,No,No,45713,900000,,0,0,0,0,0,45621,45959,0,0,Blacklisted,Manual,46006,,,0,0.0175,,Nov'24,0,IF0089-NB,IF0089-FFC,Express Onboarding,,,46315,Soon Expiry,45621.60972,45621.61944,400000
IF0090,GCD3006,Zhesa Resurrecion,Albert Dalupang,KARZ AUTO TRADING,45628.54444,2000000,1400000,2000000,1400000,0,2000000,1400000,1,0,Yes,Hold,Expired Credit Line,2000000,1400000,0,2000000,1400000,No,,,0,0,0,0,0,0,0,0,0,No,No,,2000000,,0,0,0,0,0,45715,45721,0,0,Hold,Finsso: Pending CL | Netbank: Expired CL,,,,0,0.0175,Zablan Family,Dec'24,0,IF0090-NB,,Regular Onboarding,,,45989,Expired Credit Line,45628.47569,45628.54444,2000000
IF0091,GCD2686,Jerome Cacayan,Albert Dalupang,CADIZ CAR TRADING,,1000000,1000000,0,0,0,0,0,0,0,No,,,0,0,0,0,0,No,,,0,0,0,0,0,0,0,,0,No,No,45719,1500000,,0,0,0,0,0,,,0,0,Hold,Finsso: Pending CL | Netbank: Pending CLA Signature,,,,,0.0175,,,0,IF0091-NB,,Regular Onboarding,,,,,45629,,0
IF0092,GCD2139,Zhesa Resurrecion,Albert Dalupang,AUTO D' VILLA,45636.45417,1400000,1000000,1400000,1000000,0,1400000,1000000,1,0,Yes,Blacklisted,Multiple DPD / HIstory of Repossession,1400000,1000000,0,1400000,1000000,No,,,0,0,0,0,0,0,0,0,0,No,No,,1400000,,0,0,0,0,0,45674,45841,0,0,Blacklisted,Manual,45944,,,0,0.0175,,Dec'24,0,IF0092-NB,,Regular Onboarding,,,45993,Expired Credit Line,45629.60972,45636.45417,1400000
IF0093,GCD1686,Rose Batacan,Malou Alfonso,MACLOUIE CARS VEHICLE TRADING,45632.45625,9000000,6500000,15000000,15000000,14612500,387500,387500,1,32,Yes,Hold,Maturity DPD,10000000,10000000,8561000,1439000,1439000,Yes,Hold,Maturity DPD,15000000,15000000,6051500,8948500,8948500,0,0,0,0,No,No,45815,,,0,0,0,0,14,45632,46128,0,8561000,Blacklisted,15 DPD,46157,,,0,0.0175,,Dec'24,85.66666667,IF0093-NB,IF0093-FFC,Regular Onboarding,1,1,46231,Expired Credit Line,45631.56319,45632.45625,1439000
IF0094,GCD1248,Elvira Ladea,Marah Luriely A. Villaruz,GONZAPCARS CAR TRADING,45631.59375,3800000,3800000,5700000,5700000,10204461.01,-4504461.01,-4504461.01,1,16,Yes,Hold,Done Re-assessement,5700000,5700000,4193223.01,1506776.99,1506776.99,Yes,Hold,Maturity DPD,5700000,5700000,6011238,-311238,-311238,20.15486111,0.2246005281,0,0,No,No,45788,8550000,,0,0,0,0,10,45638,45638,0,4193223.01,Blacklisted,15 DPD,46165,,,0,0.0175,,Dec'24,78.13586601,IF0094-NB,IF0094-FFC,Regular Onboarding,1,1,46288,Soon Expiry,45631.56458,45631.59375,1506776.99
IF0095,GCD4062,Zhesa Resurrecion,Albert Dalupang,MACABEBEST CAR SHOP,,1000000,1000000,0,0,0,0,0,0,0,No,,,0,0,0,0,0,No,,,0,0,0,0,0,0,0,,0,No,No,45721,1500000,,0,0,0,0,0,,,0,0,Hold,Finsso: Pending CL | Netbank: Pending CLA Signature,,,,,0.0175,,,0,IF0095-NB,,Regular Onboarding,,,,,45631,,0
IF0096,GCD3428,Rhoyland Alagon,Marah Luriely A. Villaruz,VICTORYMIND CAR TRADING,45672.48681,600000,600000,2025000,2025000,5476156,-3451156,-3451156,1,18,Yes,Hold,Maturity DPD,2025000,2025000,4616156,-2591156,-2591156,Yes,Hold,Maturity DPD,2025000,2025000,860000,1165000,1165000,20.84708333,0.6484444444,0,0,No,No,45953,3037500,,0,0,0,0,20,45680,46220.58819,0,4616156,Open,Finsso: Open | Netbank: Expired CL,,,,0,0.0175,,Jan'25,63.16290064,IF0096-NB,IF0096-FFC,Regular Onboarding,3,3,46307,Soon Expiry,45631.57292,45672.48681,-2591156
IF0097,GCD4057,Rose Batacan,Malou Alfonso,JEMM CAR TRADING,45636.84722,9000000,6300000,15000000,15000000,19592207,-4592207,-4592207,1,31,Yes,Hold,Maturity DPD,14000000,14000000,15638029,-1638029,-1638029,Yes,Hold,Maturity DPD,15000000,15000000,3954178,11045822,11045822,0,0,0,0,No,No,45927,,,0,0,0,0,12,45637,46126,0,15638029,Blacklisted,15 DPD,46132,,,0,0.0175,Fabia Family,Dec'24,106.2962963,IF0097-NB,IF0097-FFC,Regular Onboarding,,,46287,Soon Expiry,45636.83056,45636.84722,-1638029
IF0098,GCD2476,Marlon Llamas,Albert Dalupang,BRO'S AUTODEALERS AUTO TRADING,45670.55069,2600000,1900000,2600000,2600000,3731900,-1131900,-1131900,1,6,Yes,Hold,Done Re-assessement,2600000,2600000,2425000,175000,175000,Yes,Hold,Maturity DPD,2600000,2600000,1306900,1293100,1293100,0,0,0,0,No,No,46252,3900000,,0,0,0,0,9,45713,46160,0,2425000,Open,Finsso: Open | Netbank: Pending CLA Signature,,,,0,0.0175,,Jan'25,79.75,IF0098-NB,IF0098-FFC,Inventory Underwriting,,,46457,,45666.70417,45670.55069,175000
IF0099,GCD4034,Rhoyland Alagon,Marah Luriely A. Villaruz,KELVEN CAR TRADING,45681.26389,400000,400000,400000,400000,0,400000,400000,0,0,Yes,Hold,Expired Credit Line,400000,400000,0,400000,400000,No,,,0,0,0,0,0,0,0,0,0,No,No,,400000,,0,0,0,0,0,,,0,0,Hold,Finsso: Pending CL | Netbank: Expired CL,,,,0,0.0175,AddToCar Family,Jan'25,0,IF0099-NB,,Express Onboarding,,,46044,Expired Credit Line,45680.47986,45681.26389,400000
IF0100,GCD3261,Zhesa Resurrecion,Albert Dalupang,EY7 CAR GARAHE VEHICLE TRADING,45681.45486,2400000,1700000,2400000,1700000,0,2400000,1700000,0,0,Yes,Hold,Expired Credit Line,2400000,1700000,0,2400000,1700000,No,,,0,0,0,0,0,0,0,0,0,No,No,,2400000,,0,0,0,0,0,,,0,0,Hold,Finsso: Pending CL | Netbank: Expired CL,,,,0,0.0175,,Jan'25,0,IF0100-NB,,Regular Onboarding,,,46043,Expired Credit Line,45679.69444,45681.45486,2400000
IF0101,GCD2649,Rhoyland Alagon,Marah Luriely A. Villaruz,ADDTOCAR CAR TRADING,45679.64792,800000,800000,1800000,1800000,6126000,-4326000,-4326000,1,8,Yes,Hold,Maturity DPD,1800000,1800000,6126000,-4326000,-4326000,Yes,Open,,1800000,1800000,0,1800000,1800000,34,0.5555555556,0,0,No,No,46363,2700000,,0,0,0,0,11,45685,45685,0,5126000,Open,,,,,0,0.0175,AddToCar Family,Jan'25,61.14285714,IF0101-NB,IF0101-FFC,Regular Onboarding,1,3,46636,,45679.41944,45679.64792,-4326000
IF0102,GCD3600,Rhoyland Alagon,Marah Luriely A. Villaruz,XKK CAR TRADING,45679.73403,400000,400000,1350000,1350000,1350000,0,0,1,2,Yes,Hold,Multiple DPD / HIstory of Repossession,1350000,1350000,1350000,0,0,Yes,Open,Multiple DPD / HIstory of Repossession,900000,900000,0,900000,900000,0,0,0,0,No,No,46077,2025000,,0,0,0,0,0,45775,45986,0,1350000,Blacklisted,15 DPD,46015,,,0,0.0175,Sta. Ana Family,Jan'25,0,IF0102-NB,IF0102-FFC,Express Onboarding,,,46349,Soon Expiry,45679.72778,45679.73403,0
IF0103,GCD3995,Rhoyland Alagon,Marah Luriely A. Villaruz,JKARS CAR TRADING,45679.57778,1500000,1000000,5062500,5062500,2788000,2274500,2274500,1,4,Yes,Hold,Multiple DPD / HIstory of Repossession,3375000,3375000,658000,2717000,2717000,Yes,Hold,Maturity DPD,5062500,5062500,2130000,2932500,2932500,0,0,0,0,No,No,45944,7593750,,0,0,0,0,0,45721,45968,0,658000,Blacklisted,15 DPD,46007,,,0,0.0175,Sta. Ana Family,Jan'25,0,IF0103-NB,IF0103-FFC,Regular Onboarding,3,3,46274,Soon Expiry,45679.41597,45679.57778,2717000
IF0104,GCD115,Elvira Ladea,Marah Luriely A. Villaruz,RIVERSIDE KOTSE DEPOT,45681.63889,6800000,4800000,6800000,4800000,0,6800000,4800000,0,0,Yes,Hold,Expired Credit Line,6800000,4800000,0,6800000,4800000,No,,,0,0,0,0,0,0,0,0,0,No,No,,6800000,,0,0,0,0,0,,,0,0,Hold,Finsso: Pending CL | Netbank: Expired CL,,,,0,0.0175,,Jan'25,0,IF0104-NB,,Regular Onboarding,,,46045,Expired Credit Line,45681.62778,45681.63889,6800000
IF0105,GCD1730,Rhoyland Alagon,Marah Luriely A. Villaruz,RJG CAR TRADING (formerly Classix Car Trading),45681.69375,1300000,1000000,1300000,1000000,0,1300000,1000000,0,0,Yes,Hold,Expired Credit Line,1300000,1000000,0,1300000,1000000,No,,,0,0,0,0,0,0,0,0,0,No,No,,1300000,,0,0,0,0,0,,,0,0,Hold,Finsso: Pending CL | Netbank: Expired CL,,,,0,0.0175,,Jan'25,0,IF0105-NB,,Regular Onboarding,,,46044,Expired Credit Line,45680.66944,45681.69375,1300000
IF0106,GCD495,Rhoyland Alagon,Marah Luriely A. Villaruz,ISIDRO VEHICLE TRADING,45680.64722,650000,650000,1462500,1462500,900000,562500,562500,1,3,Yes,Hold,Maturity DPD,975000,975000,900000,75000,75000,Yes,Open,,1462500,1462500,0,1462500,1462500,0,0,0,0,No,No,45938,2193750,,0,0,0,0,4,45716,46163,0,900000,Open,Finsso: Open | Netbank: Expired CL,,,,0,0.0175,,Jan'25,79.66666667,IF0106-NB,IF0106-FFC,Regular Onboarding,1,2,46274,Soon Expiry,45680.63819,45680.64722,75000
IF0107,GCD2721,Zhesa Resurrecion,Albert Dalupang,PRIME'S DISPLAY & CAR CARE SERVICES,45685.57708,1900000,1400000,6412500,6412500,1266000,5146500,5146500,1,2,Yes,Hold,Maturity DPD,4275000,4275000,1266000,3009000,3009000,Yes,Open,,6412500,6412500,0,6412500,6412500,0,0,0,0,No,No,45944,9618750,,0,0,0,0,0,45702,46086,0,1266000,Open,Finsso: Open | Netbank: Expired CL,,,,0,0.0175,,Jan'25,0,IF0107-NB,IF0107-FFC,Inventory Underwriting,3,3,46275,Soon Expiry,45684.68056,45685.57708,3009000
IF0108,GCD1835,Zhesa Resurrecion,Albert Dalupang,4KGOLDCARS CAR TRADING,,2100000,1500000,0,0,0,0,0,0,0,No,,,0,0,0,0,0,No,,,0,0,0,0,0,0,0,,0,No,No,45787,3150000,,0,0,0,0,0,,,0,0,Hold,Finsso: Pending CL | Netbank: Pending CLA Signature,,,,,0.0175,,,0,IF0108-NB,,Regular Onboarding,,,,,45698,,0
IF0109,GCD1515,Marlon Llamas,Albert Dalupang,MJNGO DOCUMENT FACILITATION SERVICES,45695.89097,400000,400000,400000,400000,351000,49000,49000,1,1,Yes,Hold,Done Re-assessement,400000,400000,0,400000,400000,Yes,Hold,Maturity DPD,400000,400000,351000,49000,49000,0,0,0,0,No,No,,400000,,0,0,0,0,0,45782,46087,0,0,Open,Finsso: Open | Netbank: Expired CL,,,,0,0.0175,,Feb'25,0,IF0109-NB,IF0109-FFC,Express Onboarding,,,46451,,45695.76806,45695.89097,400000
IF0110,GCD1908,Ricmar Magboo,Albert Dalupang,AMLSC CAR AGENT SERVICES,45716.67778,4900000,3500000,7350000,7350000,880000,6470000,6470000,1,1,Yes,Hold,Maturity DPD,7350000,7350000,880000,6470000,6470000,Yes,Open,,7350000,7350000,0,7350000,7350000,0,0,0,0,No,No,45917,,,0,0,0,0,0,45743,46071,0,880000,Open,Finsso: Open | Netbank: Expired CL,,,,0,0.0175,,Feb'25,0,IF0110-NB,IF0110-FFC,Regular Onboarding,,,46321,Soon Expiry,45698.44722,45716.67778,6470000
IF0111,GCD1126,Elvira Ladea,Marah Luriely A. Villaruz,AUTOSCOPE.PH CAR TRADING,45703.81875,1000000,1000000,1000000,1000000,0,1000000,1000000,1,0,Yes,Blacklisted,Multiple DPD / HIstory of Repossession,1000000,1000000,0,1000000,1000000,No,,,0,0,0,0,0,0,0,0,0,No,No,,1000000,,0,0,0,0,0,45706,45706,0,0,Blacklisted,Manual,45944,,,0,0.0225,,Feb'25,0,IF0111-NB,,Regular Onboarding,,,46067,Expired Credit Line,45702.56389,45703.81875,1000000
IF0112,GCD4092,Myrnalyn Bankingkito,Malou Alfonso,AAU CAR TRADING,45702,1000000,1000000,1000000,1000000,600000,400000,400000,1,2,Yes,Hold,Done Re-assessement,1000000,1000000,0,1000000,1000000,Yes,Hold,Maturity DPD,1000000,1000000,600000,400000,400000,0,0,0,0,No,No,,1000000,,0,0,0,0,0,45713,46072,0,0,Open,Finsso: Open | Netbank: Expired CL,,,,0,0.02,,Feb'25,0,IF0112-NB,IF0112-FFC,Regular Onboarding,,,46281,Soon Expiry,45702.50069,45702,1000000
IF0113,GCD4075,Zhesa Resurrecion,Albert Dalupang,JVJ AUTOWHEELS AUTO TRADING,45705.56944,400000,400000,400000,400000,0,400000,400000,0,0,Yes,Hold,Expired Credit Line,400000,400000,0,400000,400000,No,,,0,0,0,0,0,0,0,0,0,No,No,,400000,,0,0,0,0,0,,,0,0,Hold,Finsso: Pending CL | Netbank: Expired CL,,,,0,0.0175,,Feb'25,0,IF0113-NB,,Express Onboarding,,,46066,Expired Credit Line,45702.46319,45705.56944,400000
IF0114,GCD4226,Zhesa Resurrecion,Albert Dalupang,AUTO-NATION CAR TRADING,45702,400000,400000,900000,900000,0,900000,900000,1,0,Yes,Hold,Expired Credit Line,900000,900000,0,900000,900000,No,,,0,0,0,0,0,0,0,0,0,No,No,45909,1350000,,0,0,0,0,0,45706,45763,0,0,Hold,Finsso: Pending CL | Netbank: Expired CL,,,,0,0.0175,,Feb'25,0,IF0114-NB,,Express Onboarding,1,2,46181,Expired Credit Line,45702.51319,45702,900000
IF0115,GCD2576,Zhesa Resurrecion,Albert Dalupang,BUHAY SASAKYAN CAR TRADING,,300000,300000,0,0,0,0,0,0,0,No,,,0,0,0,0,0,No,,,0,0,0,0,0,0,0,,0,No,No,45556,450000,,0,0,0,0,0,,,0,0,Hold,Finsso: Pending CL | Netbank: Pending CLA Signature,,,,,0.0175,,,0,IF0115-NB,,Regular Onboarding,,,,,45464,,0
IF0116,GCD1805,Zhesa Resurrecion,Albert Dalupang,AUTO-PRIME CAR TRADING,,400000,400000,0,0,0,0,0,0,0,No,,,0,0,0,0,0,No,,,0,0,0,0,0,0,0,,0,No,No,45629,600000,,0,0,0,0,0,,,0,0,Hold,Finsso: Pending CL | Netbank: Pending CLA Signature,,,,,0.0175,,,0,IF0116-NB,,Express Onboarding,,,,,45538,,0
IF0117,GCD3911,Elvira Ladea,Marah Luriely A. Villaruz,GENZ CAR TRADING,45705.59722,1600000,1100000,3600000,3600000,4098000,-498000,-498000,1,9,Yes,Hold,Maturity DPD,3600000,3600000,4098000,-498000,-498000,Yes,Open,,3600000,3600000,0,3600000,3600000,34.33333333,0.3194444444,0,0,No,No,46330,5400000,,0,0,0,0,10,45751,45751,0,4098000,Open,,,,,0,0.0175,,Feb'25,50.25,IF0117-NB,IF0117-FFC,Inventory Underwriting,2,2,46602,,45705.48611,45705.59722,-498000
IF0118,GCD2150,Rhoyland Alagon,Marah Luriely A. Villaruz,MON UNDER CHASSIS REPAIR SHOP,45705.89444,500000,500000,500000,500000,0,500000,500000,0,0,Yes,Hold,Expired Credit Line,500000,500000,0,500000,500000,No,,,0,0,0,0,0,0,0,0,0,No,No,,500000,,0,0,0,0,0,,,0,0,Hold,Finsso: Pending CL | Netbank: Expired CL,,,,0,0.0175,,Feb'25,0,IF0118-NB,,Regular Onboarding,,,46066,Expired Credit Line,45704.83611,45705.89444,500000
IF0119,GCD3139,Elvira Ladea,Marah Luriely A. Villaruz,DLA AUTO TRADING,45706.57014,3700000,2600000,3700000,2600000,0,3700000,2600000,1,0,Yes,Hold,Expired Credit Line,3700000,2600000,0,3700000,2600000,Yes,Open,,3700000,2600000,0,3700000,2600000,0,0,0,0,No,No,,3700000,,0,0,0,0,0,45713,45986,0,0,Open,Finsso: Open | Netbank: Expired CL,,,,0,0.0175,DLA family,Feb'25,0,IF0119-NB,IF0119-FFC,Regular Onboarding,,,46302,Soon Expiry,45706.56042,45706.57014,3700000
IF0120,GCD4115,Rhoyland Alagon,Marah Luriely A. Villaruz,JUN UNDERCHASSIS REPAIR SHOP,45706.44792,400000,400000,400000,400000,0,400000,400000,0,0,Yes,Hold,Expired Credit Line,400000,400000,0,400000,400000,No,,,0,0,0,0,0,0,0,0,0,No,No,,400000,,0,0,0,0,0,,,0,0,Hold,Finsso: Pending CL | Netbank: Expired CL,,,,0,0.0175,,Feb'25,0,IF0120-NB,,Express Onboarding,,,46069,Expired Credit Line,45705.85556,45706.44792,400000
IF0121,GCD3604,Ricmar Magboo,Albert Dalupang,XCAG CAR TRADING,45708.54722,1400000,1000000,1400000,1400000,2960000,-1560000,-1560000,1,8,Yes,Hold,Done Re-assessement,1400000,1400000,2423000,-1023000,-1023000,Yes,Hold,Maturity DPD,1400000,1400000,537000,863000,863000,29.77546296,0.4378571429,0,0,No,No,46231,2100000,,0,0,0,0,9,45779,46234.67361,0,2423000,Open,,,,,0,0.0175,,Feb'25,65.86053241,IF0121-NB,IF0121-FFC,Inventory Underwriting,1,1,46504,,45707.5,45708.54722,-1023000
IF0122,GCD4159,Elvira Ladea,Marah Luriely A. Villaruz,JHIAN CAR TRADING,45708.65,2500000,1800000,2500000,2500000,0,2500000,2500000,1,0,Yes,Blacklisted,Multiple DPD / HIstory of Repossession,2500000,2500000,0,2500000,2500000,No,,,0,0,0,0,0,0,0,0,0,No,No,45796,3750000,,0,0,0,0,0,45713,45768,0,0,Hold,Finsso: Pending CL | Netbank: Expired CL,,,,0,0.0175,,Feb'25,0,IF0122-NB,,Regular Onboarding,,,46071,Expired Credit Line,45708,45708.65,2500000
IF0123,GCD2255,Elvira Ladea,Marah Luriely A. Villaruz,JMTS CARFINDERS TELEMARKETING SERVICES,45707.74444,2000000,1400000,6750000,6750000,5909000,841000,841000,1,17,Yes,Hold,Maturity DPD,4500000,4500000,5909000,-1409000,-1409000,Yes,Open,,6750000,6750000,0,6750000,6750000,17.375,0.04533333333,0,0,No,No,45944,,,0,0,0,0,10,45713,46226.625,0,5909000,Blacklisted,15 DPD,46202,,,0,0.0175,,Feb'25,80.3984375,IF0123-NB,IF0123-FFC,Regular Onboarding,3,3,46275,Soon Expiry,45707.56389,45707.74444,-1409000
IF0124,GCD2318,Ricmar Magboo,Albert Dalupang,AUTO EDGE CAR TRADING,45713.58056,870000,870000,1305000,1305000,3615000,-2310000,-2310000,1,10,Yes,Hold,Done Re-assessement,1305000,1305000,2310000,-1005000,-1005000,Yes,Hold,Maturity DPD,1305000,1305000,1305000,0,0,28.07958333,0.6988505747,0,0,No,No,46357,1957500,,0,0,0,0,11,45772,45772,0,2310000,Open,,,,,0,0.0175,,Feb'25,54.3141369,IF0124-NB,IF0124-FFC,Inventory Underwriting,,,46630,,45702.60556,45713.58056,-1005000
IF0125,GCD1899,Zhesa Resurrecion,Albert Dalupang,PREMIUM CAR EXCHANGE AND SERVICES INC,45721.44028,2200000,1500000,2200000,1500000,0,2200000,1500000,0,0,Yes,Hold,Expired Credit Line,2200000,1500000,0,2200000,1500000,No,,,0,0,0,0,0,0,0,0,0,No,No,,2200000,,0,0,0,0,0,,,0,0,Hold,Finsso: Pending CL | Netbank: Expired CL,,,,0,0.0175,,Mar'25,0,IF0125-NB,,Regular Onboarding,,,46073,Expired Credit Line,45709.75208,45721.44028,2200000
IF0126,GCD3083,Ricmar Magboo,Albert Dalupang,BILS USED CAR TRADING,45713.60139,1400000,1000000,1400000,1000000,0,1400000,1000000,1,1,Yes,Open,,1400000,1000000,0,1400000,1000000,No,,,0,0,0,0,0,0,0,0,0,No,No,,1400000,,0,0,0,0,0,45805,45996,0,0,Open,Finsso: Pending CLA Signature | Netbank: Open,,,,0,0.0175,,Feb'25,0,IF0126-NB,IF0126-FFC,Inventory Underwriting,,,46611,,45709.75417,45713.60139,1400000
IF0127,GCD4146,Rexcell Juegos,Albert Dalupang,J'S AUTO TRADING,45712.77431,400000,400000,400000,400000,600920,-200920,-200920,1,3,Yes,Hold,Done Re-assessement,400000,400000,600920,-200920,-200920,Yes,Open,,400000,400000,0,400000,400000,0,0,0,0,No,No,,400000,,0,0,0,0,4,46048,46171,0,600920,Open,,,,,0,0.0175,,Feb'25,78.66666667,IF0127-NB,IF0127-FFC,Express Onboarding,,,46504,,45712.76806,45712.77431,-200920
IF0128,GCD2759,Marlon Llamas,Albert Dalupang,JELR CAR TRADING,45715.57361,1300000,1000000,1300000,1000000,0,1300000,1000000,0,0,Yes,Hold,Expired Credit Line,1300000,1000000,0,1300000,1000000,No,,,0,0,0,0,0,0,0,0,0,No,No,,1300000,,0,0,0,0,0,,,0,0,Hold,Finsso: Pending CL | Netbank: Expired CL,,,,0,0.0175,Rodrigo Family,Feb'25,0,IF0128-NB,,Inventory Underwriting,,,46076,Expired Credit Line,45712.73889,45715.57361,1300000
IF0129,GCD4144,Zhesa Resurrecion,Albert Dalupang,GMK AUTOMOBILES CAR TRADING,45714.76528,800000,400000,1800000,1800000,0,1800000,1800000,1,0,Yes,Hold,Hold - Pending credit reassessment,1800000,1800000,0,1800000,1800000,No,,,0,0,0,0,0,0,0,0,0,No,No,45909,2700000,,0,0,0,0,0,45715,45826,634853.8,0,Hold,Finsso: Pending CL | Netbank: Expired CL,,,,0,0.025,,Feb'25,0,IF0129-NB,,Inventory Underwriting,,,46181,Expired Credit Line,45714.71458,45714.76528,1193260
IF0130,GCD4125,Myrnalyn Bankingkito,Malou Alfonso,LLMS AUTO TRADING,45716.74167,400000,400000,400000,400000,1082000,-682000,-682000,1,3,Yes,Hold,Done Re-assessement,400000,400000,400000,0,0,Yes,Hold,Maturity DPD,400000,400000,682000,-282000,-282000,0,0,0,0,No,No,,400000,,0,0,0,0,2,45903,45903,0,400000,Open,,,,,0,0.0175,,Feb'25,67.33333333,IF0130-NB,IF0130-FFC,Express Onboarding,,,46608,,45716.47014,45716.74167,0
IF0131,GCD1941,Elvira Ladea,Marah Luriely A. Villaruz,JAKEY CAR TRADING,45716.7,3000000,2100000,4500000,4500000,0,4500000,4500000,1,0,Yes,Hold,Expired Credit Line,4500000,4500000,0,4500000,4500000,Yes,Open,,4500000,4500000,0,4500000,4500000,0,0,0,0,No,No,45909,6750000,,0,0,0,0,0,45755,45982,0,0,Open,Finsso: Open | Netbank: Expired CL,,,,0,0.0175,,Feb'25,0,IF0131-NB,IF0131-FFC,Inventory Underwriting,,,46309,Soon Expiry,45716.4625,45716.7,4500000
IF0132,GCD894,Ricmar Magboo,Albert Dalupang,RLD AUTOWORX & TOWING SERVICES,45726.55486,4400000,3100000,4400000,3100000,0,4400000,3100000,0,0,Yes,Hold,Expired Credit Line,4400000,3100000,0,4400000,3100000,No,,,0,0,0,0,0,0,0,0,0,No,No,,4400000,,0,0,0,0,0,,,0,0,Hold,Finsso: Pending CL | Netbank: Expired CL,,,,0,0.0175,,Mar'25,0,IF0132-NB,,Regular Onboarding,,,46087,Expired Credit Line,45723.64167,45726.55486,4400000
IF0133,GCD4181,Zhesa Resurrecion,Albert Dalupang,IYO CARZ AUTO TRADING,45727.41181,1300000,1000000,1300000,1000000,0,1300000,1000000,0,0,Yes,Hold,Expired Credit Line,1300000,1000000,0,1300000,1000000,No,,,0,0,0,0,0,0,0,0,0,No,No,,1300000,,0,0,0,0,0,,,0,0,Hold,Finsso: Pending CL | Netbank: Expired CL,,,,0,0.0175,Zablan Family,Mar'25,0,IF0133-NB,,Inventory Underwriting,,,46090,Expired Credit Line,45726.88194,45727.41181,1300000
IF0134,GCD4093,Rose Batacan,Malou Alfonso,QUALICARZ BY JC CAR TRADING,45729.59931,700000,700000,700000,700000,700000,0,0,1,2,Yes,Hold,Maturity DPD,700000,700000,700000,0,0,No,,,0,0,0,0,0,0,0,0,0,No,No,,700000,,0,0,0,0,0,45736,46051,0,700000,Hold,Finsso: Pending CLA Signature | Netbank: Expired CL,,,,0,0.0175,,Mar'25,0,IF0134-NB,IF0134-FFC,Inventory Underwriting,,,46093,Expired Credit Line,45729.59583,45729.59931,0
IF0135,GCD2173,Elvira Ladea,Marah Luriely A. Villaruz,K2P AUTO TRADING,45732.84514,1370000,1000000,4623750,4623750,4681250,-57500,-57500,1,6,Yes,Hold,Maturity DPD,3082500,3082500,3183250,-100750,-100750,Yes,Hold,Maturity DPD,4623750,4623750,1498000,3125750,3125750,0,0,0,0,No,No,45944,6935625,,0,0,0,0,2,45734,46093,0,3183250,Blacklisted,15 DPD,46174,,,0,0.0175,,Mar'25,120.1666667,IF0135-NB,IF0135-FFC,Inventory Underwriting,3,3,46275,Soon Expiry,45729.59861,45732.84514,-100750
IF0136,GCD2386,Rexcell Juegos,Albert Dalupang,SOUTHSIDE CAR TRADING,45729.65486,1000000,1000000,1000000,1000000,2903000,-1903000,-1903000,1,6,Yes,Hold,Maturity DPD,1000000,1000000,2903000,-1903000,-1903000,Yes,Open,,1000000,1000000,0,1000000,1000000,31.66666667,0,0,0,No,No,,1000000,,0,0,0,0,5,45733,45733,0,2903000,Open,,,,,0,0.0175,,Mar'25,41.16666667,IF0136-NB,IF0136-FFC,Regular Onboarding,,,46527,,45729.62153,45729.65486,-1903000
IF0137,GCD4149,Marlon Llamas,Albert Dalupang,SHERWIN CAR TRADING (Formerly :SHERWIN & CORA MOTORCYCLE BUY & SELL),45729.71875,400000,400000,400000,400000,0,400000,400000,1,0,Yes,Hold,Expired Credit Line,400000,400000,0,400000,400000,No,,,0,0,0,0,0,0,0,0,0,No,No,,400000,,0,0,0,0,0,45734,45734,0,0,Hold,Finsso: Pending CL | Netbank: Expired CL,,,,0,0.0175,,Mar'25,0,IF0137-NB,,Express Onboarding,,,46093,Expired Credit Line,45729.60278,45729.71875,400000
IF0138,GCD4219,Marlon Llamas,Albert Dalupang,GUNNR AUTO'S AND CAR ACCESSORIES SHOP,45734.60833,400000,400000,600000,600000,0,600000,600000,1,0,Yes,Hold,Expired Credit Line,600000,600000,0,600000,600000,No,,,0,0,0,0,0,0,0,0,0,No,No,45959,900000,,0,0,0,0,0,45805,45895,0,0,Hold,Finsso: Pending CL | Netbank: Expired CL,,,,0,0.0175,Gunnr-Autoventure Family,Mar'25,0,IF0138-NB,,Express Onboarding,,,46231,Expired Credit Line,45734.45347,45734.60833,600000
IF0139,GCD3881,Rhoyland Alagon,Marah Luriely A. Villaruz,GETCARSPINAS CAR TRADING,45735.68681,1000000,1000000,1000000,1000000,0,1000000,1000000,0,0,Yes,Hold,Expired Credit Line,1000000,1000000,0,1000000,1000000,No,,,0,0,0,0,0,0,0,0,0,No,No,,1000000,,0,0,0,0,0,,,0,0,Hold,Finsso: Pending CL | Netbank: Expired CL,,,,0,0.0175,,Mar'25,0,IF0139-NB,,Regular Onboarding,,,46098,Expired Credit Line,45734.45694,45735.68681,1000000
IF0140,GCD2320,Ricmar Magboo,Albert Dalupang,JPI CAR DISPLAY CENTER,45742.5875,400000,400000,400000,400000,0,400000,400000,0,0,Yes,Hold,Expired Credit Line,400000,400000,0,400000,400000,No,,,0,0,0,0,0,0,0,0,0,No,No,,400000,,0,0,0,0,0,,,0,0,Hold,Finsso: Pending CL | Netbank: Expired CL,,,,0,0.0175,,Mar'25,0,IF0140-NB,,Express Onboarding,,,46100,Expired Credit Line,45742.58472,45742.5875,400000
IF0141,GCD4221,Elvira Ladea,Marah Luriely A. Villaruz,JASPERS AUTO TRADING,45736.60139,1800000,1300000,6075000,6075000,2716200,3358800,3358800,1,6,Yes,Hold,Maturity DPD,6075000,6075000,2716200,3358800,3358800,Yes,Open,,6075000,6075000,0,6075000,6075000,19.37152778,0.06913580247,0,0,No,No,46316,9112500,,0,0,0,0,4,45736,46224.62847,0,2716200,Open,,,,,0,0.0175,,Mar'25,83.0530754,IF0141-NB,IF0141-FFC,Regular Onboarding,3,3,46588,,45736.59792,45736.60139,3358800
IF0142,GCD1968,Elvira Ladea,Marah Luriely A. Villaruz,MARK LOU VEHICLE TRADING,,500000,500000,0,0,0,0,0,0,0,No,,,0,0,0,0,0,No,,,0,0,0,0,0,0,0,,0,No,No,45828,750000,,0,0,0,0,0,,,0,0,Hold,Finsso: Pending CL | Netbank: Pending CLA Signature,,,,,0.0175,,,0,IF0142-NB,,Regular Onboarding,,,,,45736,,0
IF0143,GCD2124,Myrnalyn Bankingkito,Malou Alfonso,RCB CONSULTANCY SERVICES AND VEHICLE TRADING,45741.45833,1850000,1850000,9365625,9365625,12113000,-2747375,-2747375,1,23,Yes,Hold,Maturity DPD,9365625,9365625,11253000,-1887375,-1887375,Yes,Hold,Maturity DPD,9365625,9365625,860000,8505625,8505625,0,0,0,0,No,No,46079,,,0,0,0,0,12,45742,46125,0,11253000,Blacklisted,15 DPD,46135,,,0,0.0175,,Mar'25,107.2,IF0143-NB,IF0143-FFC,Inventory Underwriting,3,4,46351,Soon Expiry,45737.30833,45741.45833,-1887375
IF0144,GCD4317,Myrnalyn Bankingkito,Malou Alfonso,APRECIO'S AUTO TRADING,45748.57708,2300000,1610000,2300000,1610000,0,2300000,1610000,0,0,Yes,Hold,Expired Credit Line,2300000,1610000,0,2300000,1610000,No,,,0,0,0,0,0,0,0,0,0,No,No,,2300000,,0,0,0,0,0,,,0,0,Hold,Finsso: Pending CL | Netbank: Expired CL,,,,0,0.0175,,Apr'25,0,IF0144-NB,,Regular Onboarding,,,46107,Expired Credit Line,45743.69861,45748.57708,2300000
IF0145,GCD3876,Rhoyland Alagon,Marah Luriely A. Villaruz,KC AUTO TRADING,45749.45278,400000,400000,400000,400000,0,400000,400000,0,0,Yes,Hold,Expired Credit Line,400000,400000,0,400000,400000,No,,,0,0,0,0,0,0,0,0,0,No,No,,400000,,0,0,0,0,0,,,0,0,Hold,Finsso: Pending CL | Netbank: Expired CL,,,,0,0.0175,,Apr'25,0,IF0145-NB,,Express Onboarding,,,46111,Expired Credit Line,45747.68889,45749.45278,400000
IF0146,GCD2813,Rhoyland Alagon,Marah Luriely A. Villaruz,AGOSDELAISLACARS AUTO TRADING,45751.73958,680000,680000,1020000,1020000,0,1020000,1020000,1,0,Yes,Hold,Pending CLA Signature,680000,680000,0,680000,680000,Yes,Open,,1020000,1020000,0,1020000,1020000,0,0,0,0,No,No,46231,1530000,,0,0,0,0,0,45755,45958,0,0,Open,Finsso: Open | Netbank: Pending CLA Signature,,,,0,0.0175,,Apr'25,0,IF0146-NB,IF0146-FFC,Inventory Underwriting,,,46504,,45751.6375,45751.73958,680000
IF0147,GCD3456,Ricmar Magboo,Albert Dalupang,RK AUTO TRADING,45771.51597,1100000,770000,1100000,770000,0,1100000,770000,0,0,Yes,Hold,Expired Credit Line,1100000,770000,0,1100000,770000,No,,,0,0,0,0,0,0,0,0,0,No,No,,1100000,,0,0,0,0,0,,,0,0,Hold,Finsso: Pending CL | Netbank: Expired CL,,,,0,0.0175,,Apr'25,0,IF0147-NB,,Inventory Underwriting,,,46118,Expired Credit Line,45754.91181,45771.51597,1100000
IF0148,GCD2317,Ricmar Magboo,Albert Dalupang,NEXUS EIGHT AUTO DETAILING AND DISPLAY CENTER,45951.65556,3000000,2100000,3000000,2100000,0,3000000,2100000,0,0,No,,,0,0,0,0,0,Yes,Open,,3000000,2100000,0,3000000,2100000,0,0,0,0,No,No,,3000000,,0,0,0,0,0,,,0,0,Open,Finsso: Open | Netbank: Pending CLA Signature,,,,0,0.0175,,Oct'25,0,IF0148-NB,IF0148-FFC,Inventory Underwriting,,,46315,Soon Expiry,45757,45951.65556,0
IF0149,GCD4348,Myrnalyn Bankingkito,Malou Alfonso,COYTSE CAR TRADING,45806.48611,400000,400000,400000,400000,0,400000,400000,0,0,Yes,Hold,Expired Credit Line,400000,400000,0,400000,400000,No,,,0,0,0,0,0,0,0,0,0,No,No,,400000,,0,0,0,0,0,,,0,0,Blacklisted,Manual,45771,,,0,0.0175,,May'25,0,IF0149-NB,,Express Onboarding,,,46121,Expired Credit Line,45758.25486,45806.48611,400000
IF0150,GCD4329,Zhesa Resurrecion,Albert Dalupang,RICHARD ZABLAN CAR TRADING,45786.54722,1700000,1190000,1700000,1190000,0,1700000,1190000,0,0,Yes,Hold,Expired Credit Line,1700000,1190000,0,1700000,1190000,No,,,0,0,0,0,0,0,0,0,0,No,No,,1700000,,0,0,0,0,0,,,0,0,Hold,Finsso: Pending CL | Netbank: Expired CL,,,,0,0.0175,Zablan Family,May'25,0,IF0150-NB,,Inventory Underwriting,,,46126,Expired Credit Line,45763.67847,45786.54722,1700000
IF0151,GCD4297,Rose Batacan,Malou Alfonso,NXGEN CAR TRADING,45768.45833,1000000,1000000,7000000,7000000,10260209.4,-3260209.4,-3260209.4,1,20,Yes,Hold,Maturity DPD,3000000,3000000,5160611,-2160611,-2160611,Yes,Hold,Maturity DPD,7000000,7000000,5099598.4,1900401.6,1900401.6,0,0,0,0,No,No,45955,,,0,0,0,0,8,45769,46126,0,5160611,Blacklisted,15 DPD,46139,,,0,0.0175,Fabia Family,Apr'25,104.5,IF0151-NB,IF0151-FFC,Inventory Underwriting,1,1,46317,Soon Expiry,45763.68125,45768.45833,-2160611
IF0152,GCD4354,Myrnalyn Bankingkito,Malou Alfonso,SJL CAR TRADING,45779,400000,400000,400000,400000,0,400000,400000,0,0,Yes,Hold,Expired Credit Line,400000,400000,0,400000,400000,No,,,0,0,0,0,0,0,0,0,0,No,No,,400000,,0,0,0,0,0,,,0,0,Hold,Finsso: Pending CL | Netbank: Expired CL,,,,0,0.0175,,May'25,0,IF0152-NB,,Express Onboarding,,,46141,Expired Credit Line,45779.47778,45779,400000
IF0153,GCD4268,Marlon Llamas,Albert Dalupang,AUTOVENTURES CAR DISPLAY CENTER,45777.75,1000000,1000000,1500000,1500000,470000,1030000,1030000,1,1,Yes,Hold,Multiple DPD / HIstory of Repossession,1500000,1500000,0,1500000,1500000,Yes,Hold,Multiple DPD / HIstory of Repossession,1500000,1500000,470000,1030000,1030000,0,0,0,0,No,No,45938,2250000,,0,0,0,0,0,45777,45954,0,0,Blacklisted,Locked by Timestamp,46190.65122,,,0,0.02,,Apr'25,0,IF0153-NB,IF0153-FFC,Regular Onboarding,1,1,46281,Soon Expiry,45777.73958,45777.75,1500000
IF0154,GCD1847,Rhoyland Alagon,Marah Luriely A. Villaruz,MS DEAL AND AUTO DETAILING SERVICES,45797.41319,620000,620000,1395000,1395000,3112500,-1717500,-1717500,1,7,Yes,Hold,Maturity DPD,1395000,1395000,3112500,-1717500,-1717500,Yes,Open,,1395000,1395000,0,1395000,1395000,32,0.2007168459,0,0,No,No,46351,2092500,,0,0,0,0,7,45804,45804,0,3112500,Open,,,,,0,0.0175,,May'25,79.18181818,IF0154-NB,IF0154-FFC,Inventory Underwriting,,,46623,,45796.36111,45797.41319,-1717500
IF0155,GCD2732,Rose Batacan,Malou Alfonso,ACES OF 5 AUTODEAL OPC,45917.66111,750000,750000,750000,750000,0,750000,750000,0,0,No,,,0,0,0,0,0,Yes,Open,,750000,750000,0,750000,750000,0,0,0,0,No,No,,750000,,0,0,0,0,0,,,0,0,Open,Finsso: Open | Netbank: Pending CLA Signature,,,,0,0.0175,,Sep'25,0,IF0155-NB,IF0155-FFC,Regular Onboarding,,,46281,Soon Expiry,45793,45917.66111,0
IF0156,GCD4383,Rhoyland Alagon,Marah Luriely A. Villaruz,ABG AUTO TRADING,45796.425,590000,590000,590000,590000,0,590000,590000,0,0,Yes,Hold,Expired Credit Line,590000,590000,0,590000,590000,No,,,0,0,0,0,0,0,0,0,0,No,No,,590000,,0,0,0,0,0,,,0,0,Hold,Finsso: Pending CL | Netbank: Expired CL,,,,0,0.0175,,May'25,0,IF0156-NB,,Regular Onboarding,,,46157,Expired Credit Line,45796.36667,45796.425,590000
IF0157,GCD1985,Marlon Llamas,Albert Dalupang,GMN CAR TRADING,,1400000,1000000,0,0,0,0,0,0,0,No,,,0,0,0,0,0,No,,,0,0,0,0,0,0,0,,0,No,No,45885,2100000,,0,0,0,0,0,,,0,0,Hold,Finsso: Pending CL | Netbank: Pending CLA Signature,,,,,0.0175,,,0,IF0157-NB,,Inventory Underwriting,,,,,45793,,0
IF0158,GCD1922,Elvira Ladea,Marah Luriely A. Villaruz,H3Z AUTO PARTS AND ACCESSORIES TRADING,45798.63958,2955000,2068000,2955000,2068000,0,2955000,2068000,1,0,Yes,Hold,Expired Credit Line,2955000,2068000,0,2955000,2068000,No,,,0,0,0,0,0,0,0,0,0,No,No,,2955000,,0,0,0,0,0,45861,45861,0,0,Hold,Finsso: Pending CL | Netbank: Expired CL,,,,0,0.0175,,May'25,0,IF0158-NB,,Inventory Underwriting,,,46157,Expired Credit Line,45796.37361,45798.63958,2955000
IF0159,GCD1791,Elvira Ladea,Marah Luriely A. Villaruz,RL CAR TRADING,45800.58056,670000,670000,670000,670000,0,670000,670000,0,0,Yes,Hold,Expired Credit Line,670000,670000,0,670000,670000,No,,,0,0,0,0,0,0,0,0,0,No,No,,670000,,0,0,0,0,0,,,0,0,Hold,Finsso: Pending CL | Netbank: Expired CL,,,,0,0.0175,,May'25,0,IF0159-NB,,Regular Onboarding,,,46163,Expired Credit Line,45799.60069,45800.58056,670000
IF0160,GCD4385,Ricmar Magboo,Albert Dalupang,RISING AUTO TRADING,45800.54792,2600000,1830000,2600000,2600000,3499027,-899027,-899027,1,7,Yes,Hold,Maturity DPD,2600000,2600000,2933027,-333027,-333027,Yes,Hold,Maturity DPD,2600000,2600000,566000,2034000,2034000,0,0,0,0,No,No,45891,3900000,,0,0,0,0,4,45806,46134,0,2933027,Blacklisted,Locked by Timestamp,46208.04094,,,0,0.0225,,May'25,82.16666667,IF0160-NB,IF0160-FFC,Inventory Underwriting,,,46318,Soon Expiry,45799.60278,45800.54792,-333027
IF0161,GCD4443,Elvira Ladea,Marah Luriely A. Villaruz,AUTO TRADING 8 CAR'S,45800.57292,1000000,1000000,2250000,2250000,2434028,-184028,-184028,1,7,Yes,Hold,Maturity DPD,2250000,2250000,2434028,-184028,-184028,Yes,Open,,2250000,2250000,0,2250000,2250000,27.37638889,0.1835555556,0,0,No,No,45995,3375000,,0,0,0,0,7,45803,45803,0,2084000,Open,Finsso: Open | Netbank: Expired CL,,,,0,0.0175,,May'25,45.9109127,IF0161-NB,IF0161-FFC,Inventory Underwriting,2,2,46275,Soon Expiry,45799.60556,45800.57292,-184028
IF0162,GCD3939,Elvira Ladea,Marah Luriely A. Villaruz,2'G AUTO TRADING,45800.68472,1600000,1100000,1600000,1100000,0,1600000,1100000,0,0,Yes,Hold,Expired Credit Line,1600000,1100000,0,1600000,1100000,No,,,0,0,0,0,0,0,0,0,0,No,No,,1600000,,0,0,0,0,0,,,0,0,Hold,Finsso: Pending CL | Netbank: Expired CL,,,,0,0.0175,,May'25,0,IF0162-NB,,Regular Onboarding,,,46163,Expired Credit Line,45799.60694,45800.68472,1600000
IF0163,GCD4433,Elvira Ladea,Marah Luriely A. Villaruz,RONEL CAR TRADING,45803.64375,400000,400000,400000,400000,0,400000,400000,1,0,Yes,Hold,Expired Credit Line,400000,400000,0,400000,400000,No,,,0,0,0,0,0,0,0,0,0,No,No,,400000,,0,0,0,0,0,45855,45880,0,0,Hold,Finsso: Pending CLA Signature | Netbank: Expired CL,,,,0,0.0175,,May'25,0,IF0163-NB,IF0163-FFC,Express Onboarding,,,46167,Expired Credit Line,45803.64375,45803.64375,400000
IF0164,GCD1869,Elvira Ladea,Marah Luriely A. Villaruz,ALOHACARSPH AUTO TRADING,45804.49722,2480000,1730000,2480000,1730000,0,2480000,1730000,1,0,Yes,Blacklisted,Multiple DPD / HIstory of Repossession,2480000,1730000,0,2480000,1730000,No,,,0,0,0,0,0,0,0,0,0,No,No,,2480000,,0,0,0,0,0,45827,45827,0,0,Blacklisted,Manual,45944,,,0,0.0175,,May'25,0,IF0164-NB,,Inventory Underwriting,,,46167,Expired Credit Line,45803.64653,45804.49722,2480000
IF0165,GCD3905,Zhesa Resurrecion,Albert Dalupang,VIN CAR TRADING,45812.87083,585000,585000,877500,877500,1363000,-485500,-485500,1,5,Yes,Hold,Maturity DPD,877500,877500,1363000,-485500,-485500,Yes,Open,,877500,877500,0,877500,877500,0,0,0,0,No,No,46350,1316250,,0,0,0,0,5,45852,45852,0,1363000,Open,,,,,0,0.0175,,Jun'25,85.33333333,IF0165-NB,IF0165-FFC,Inventory Underwriting,,,46622,,45812.64236,45812.87083,-485500
IF0166,GCD4271,Elvira Ladea,Marah Luriely A. Villaruz,CENTENO-SANTOS-MOTORS AUTO TRADING,45968.58889,400000,400000,400000,400000,0,400000,400000,0,0,Yes,Hold,Expired Credit Line,400000,400000,0,400000,400000,No,,,0,0,0,0,0,0,0,0,0,No,No,,400000,,0,0,0,0,0,,,0,0,Hold,Finsso: Pending CL | Netbank: Expired CL,,,,0,0.0175,Ugeagi Family,Nov'25,0,IF0166-NB,,Express Onboarding,,,46175,Expired Credit Line,45812,45968.58889,400000
IF0167,GCD3354,Myrnalyn Bankingkito,Malou Alfonso,PERFECTCARS CAR AGENT SERVICES,,400000,400000,0,0,0,0,0,0,0,No,,,0,0,0,0,0,No,,,0,0,0,0,0,0,0,,0,No,No,45903,600000,,0,0,0,0,0,,,0,0,Hold,Finsso: Pending CL | Netbank: Pending CLA Signature,,,,,0.0175,,,0,IF0167-NB,,Express Onboarding,,,,,45811,,0
IF0168,GCD2366,Ricmar Magboo,Albert Dalupang,LIPA CAR CARE CENTER,45810,400000,400000,400000,400000,336000,64000,64000,1,1,Yes,Hold,Maturity DPD,400000,400000,336000,64000,64000,Yes,Open,,400000,400000,0,400000,400000,0,0,0,0,No,No,,400000,,0,0,0,0,0,45810,46028,0,336000,Open,Finsso: Open | Netbank: Expired CL,,,,0,0.0175,,Jun'25,0,IF0168-NB,IF0168-FFC,Express Onboarding,,,46301,Soon Expiry,45810.66042,45810,64000
IF0169,GCD4434,Ricmar Magboo,Albert Dalupang,BABY J CAR AGENT SERVICES,45812.97083,1000000,1000000,1000000,1000000,0,1000000,1000000,1,0,Yes,Blacklisted,Multiple DPD / HIstory of Repossession,1000000,1000000,0,1000000,1000000,Yes,Open,Multiple DPD / HIstory of Repossession,1000000,1000000,0,1000000,1000000,0,0,0,0,No,No,,1000000,,0,0,0,0,0,45819,45925,0,0,Blacklisted,Manual,46006,,,0,0.02,,Jun'25,0,IF0169-NB,IF0169-FFC,Inventory Underwriting,,,46289,Soon Expiry,45812.63958,45812.97083,1000000
IF0170,GCD3521,Rose Batacan,Malou Alfonso,VINE CAR TRADING,45811.69375,800000,800000,1200000,1200000,0,1200000,1200000,1,0,Yes,Hold,Multiple DPD / HIstory of Repossession,1200000,1200000,0,1200000,1200000,Yes,Open,Multiple DPD / HIstory of Repossession,1200000,1200000,0,1200000,1200000,0,0,0,0,No,No,45959,1800000,,0,0,0,0,0,45812,45968,0,0,Open,Finsso: Open | Netbank: Expired CL,,,,0,0.0175,Vine-Bountiful,Jun'25,0,IF0170-NB,IF0170-FFC,Regular Onboarding,,,46289,Soon Expiry,45811.67222,45811.69375,1200000
IF0171,GCD3557,Rose Batacan,Malou Alfonso,BOUNTIFUL GRACE CAR TRADING,45817.92153,1250000,880000,1250000,880000,420000,830000,460000,1,1,Yes,Hold,Multiple DPD / HIstory of Repossession,1250000,880000,420000,830000,460000,Yes,Open,Multiple DPD / HIstory of Repossession,1250000,880000,0,1250000,880000,0,0,0,0,No,No,,1250000,,0,0,0,0,0,45824,45985,0,420000,Blacklisted,15 DPD,46076,,,0,0.0275,Vine-Bountiful,Jun'25,0,IF0171-NB,IF0171-FFC,Regular Onboarding,,,46296,Soon Expiry,45817.81597,45817.92153,830000
IF0172,GCD2452,Zhesa Resurrecion,Albert Dalupang,BRAVOCARS AUTO TRADING,45817.82014,800000,800000,1200000,1200000,325000,875000,875000,1,1,Yes,Hold,Multiple DPD / HIstory of Repossession,800000,800000,0,800000,800000,Yes,Hold,Maturity DPD,1200000,1200000,325000,875000,875000,0,0,0,0,No,No,45909,1800000,,0,0,0,0,0,45819,45954,0,0,Open,Finsso: Open | Netbank: Expired CL,,,,0,0.0275,,Jun'25,0,IF0172-NB,IF0172-FFC,Inventory Underwriting,1,1,46275,Soon Expiry,45817.81736,45817.82014,800000
IF0173,GCD4320,Zhesa Resurrecion,Albert Dalupang,3 KING'S AUTOGARAGE CAR TRADING,45819.41181,2870000,2010000,2870000,2010000,0,2870000,2010000,0,0,Yes,Hold,Expired Credit Line,2870000,2010000,0,2870000,2010000,No,,,0,0,0,0,0,0,0,0,0,No,No,,2870000,,0,0,0,0,0,,,0,0,Hold,Finsso: Pending CL | Netbank: Expired CL,,,,0,0.0175,,Jun'25,0,IF0173-NB,,Inventory Underwriting,,,46181,Expired Credit Line,45817.81458,45819.41181,2870000
IF0174,GCD3934,Ricmar Magboo,Albert Dalupang,JAML16 AUTO TRADING,45828.51111,1000000,1000000,2250000,2250000,4432740,-2182740,-2182740,1,15,Yes,Hold,Done Re-assessement,2250000,2250000,4224740,-1974740,-1974740,Yes,Hold,Done Re-assessement,1800000,1800000,208000,1592000,1592000,0,0,0,0,No,No,46240,3375000,,0,0,0,0,15,45828,45828,0,4224740,Open,Reassessed - 08/27/2026 | Finsso: Open | Netbank: Open,,46261,,0,0.02,,Jun'25,76.80952381,IF0174-NB,IF0174-FFC,Inventory Underwriting,1,2,46625,,45828.50625,45828.51111,-1974740
IF0175,GCD2648,Rhoyland Alagon,Marah Luriely A. Villaruz,E5AUTOTRADING CAR TRADING,45818.53333,1780000,1240000,1780000,1240000,2832000,-1052000,-1592000,1,6,Yes,Hold,Maturity DPD,1780000,1240000,2832000,-1052000,-1592000,Yes,Open,,1780000,1240000,0,1780000,1240000,35.37512355,0.6451612903,0,0,No,No,,1780000,,0,0,0,0,7,45952,45952,0,2832000,Open,,,,,0,0.0175,,Jun'25,63.80563792,IF0175-NB,IF0175-FFC,Inventory Underwriting,,,46553,,45817.81875,45818.53333,-1052000
IF0176,GCD3578,Zhesa Resurrecion,Albert Dalupang,EDR CAR TRADING,45825.8375,800000,800000,1800000,1800000,3796900,-1996900,-1996900,1,7,Yes,Hold,Maturity DPD,1800000,1800000,2700900,-900900,-900900,Yes,Hold,Maturity DPD,1800000,1800000,1096000,704000,704000,17.82502341,0.6288333333,0,0,No,No,Endorsed for Increase to Credit Team,2700000,,0,0,0,0,7,45838,46233.60069,0,2700900,Open,,,,,0,0.0175,,Jun'25,52.20625585,IF0176-NB,IF0176-FFC,Regular Onboarding,1,2,46597,,45825.8375,45825.8375,-900900
IF0177,GCD2053,Marlon Llamas,Albert Dalupang,JLIMAUTODEAL CAR TRADING,45827.59722,7500000,5200000,7500000,5200000,0,7500000,5200000,0,0,Yes,Hold,Expired Credit Line,7500000,5200000,0,7500000,5200000,No,,,0,0,0,0,0,0,0,0,0,No,No,,7500000,,0,0,0,0,0,,,0,0,Hold,Finsso: Pending CL | Netbank: Expired CL,,,,0,0.0175,,Jun'25,0,IF0177-NB,,Regular Onboarding,,,46188,Expired Credit Line,45826.77986,45827.59722,7500000
IF0178,GCD3858,Rhoyland Alagon,Marah Luriely A. Villaruz,3A AUTO SHOP,45834.57361,4500000,3100000,4500000,3100000,0,4500000,3100000,0,0,Yes,Hold,Expired Credit Line,4500000,3100000,0,4500000,3100000,No,,,0,0,0,0,0,0,0,0,0,No,No,,4500000,,0,0,0,0,0,,,0,0,Hold,Finsso: Pending CL | Netbank: Expired CL,,,,0,0.0175,,Jun'25,0,IF0178-NB,IF0178-FFC,Regular Onboarding,,,46189,Expired Credit Line,45825.63333,45834.57361,4500000
IF0179,GCD4493,Rose Batacan,Malou Alfonso,GAB AUTO TRADING,45828.44444,2300000,1600000,5175000,5175000,8104700,-2929700,-2929700,1,19,Yes,Hold,Maturity DPD,3450000,3450000,5614700,-2164700,-2164700,Yes,Hold,Maturity DPD,5175000,5175000,2490000,2685000,2685000,0,0,0,0,No,No,45987,7762500,,0,0,0,0,10,45828,46105,0,5614700,Open,Finsso: Open | Netbank: Expired CL,,,,0,0.0175,Amor Family,Jun'25,112.1666667,IF0179-NB,IF0179-FFC,Regular Onboarding,1,1,46464,,45828.43264,45828.44444,-2164700
IF0180,GCD4505,Hannah Mae Ibay, Hannah Mae A. Ibay,RIDEAGAIN INC. (FORMERLY: NEXANOVUS TECHNOLOGIES INC.),45838.76597,5000000,3500000,40000000,40000000,51682560.59,-11682560.59,-11682560.59,1,72,Yes,Hold,15 DPD,15000000,15000000,6394000,8606000,8606000,Yes,Hold,Maturity DPD,40000000,40000000,45288560.59,-5288560.59,-5288560.59,27,0.07,0,0,No,No,46168,,,0,0,0,0,7,45869,46202,0,6394000,Blacklisted,15 DPD,46123,,,0,0.02,,Jun'25,93.14285714,IF0180-NB,IF0180-FFC,Inventory Underwriting,,,46444,,45838.71944,45838.76597,8606000
IF0181,GCD4521,Marlon Llamas,Albert Dalupang,DASHMOTORS INC,45839.48264,5000000,5000000,11600000,11600000,16816310,-5216310,-5216310,1,31,Yes,Hold,Maturity DPD,5000000,5000000,7938620,-2938620,-2938620,Yes,Hold,Maturity DPD,11600000,11600000,8877690,2722310,2722310,0,0,0,0,No,No,45931,,,0,0,0,0,7,45839,46112,0,7938620,Blacklisted,15 DPD,46132,,,0,0.0175,DCP Family,Jul'25,111.3333333,IF0181-NB,IF0181-FFC,Regular Onboarding,,,46370,,45839.33542,45839.48264,-2938620
IF0182,GCD4451,Rhoyland Alagon,Marah Luriely A. Villaruz,KARL CAR TRADING,45846.42361,800000,800000,900000,900000,1204000,-304000,-304000,1,4,Yes,Open,Done Re-assessement,900000,900000,629000,271000,271000,Yes,Open,Done Re-assessement,900000,900000,575000,325000,325000,23.27847222,0.3377777778,0,0,No,No,46312,1350000,,0,0,0,0,3,45869,46220.72153,0,629000,Open,,,46083.64583,,0,0.02,,Jul'25,93.32549603,IF0182-NB,IF0182-FFC,Inventory Underwriting,,,46584,,45845.58333,45846.42361,271000
IF0183,GCD1887,Marlon Llamas,Albert Dalupang,AUTOGERD CAR TRADING,45848.59167,1535000,1070000,1535000,1535000,2090000,-555000,-555000,1,2,Yes,Hold,Maturity DPD,1535000,1535000,2090000,-555000,-555000,Yes,Open,,1535000,1535000,0,1535000,1535000,19.23611111,0.651465798,0,0,No,No,46316,2302500,,0,0,0,0,1,45869,46224.76389,0,2090000,Open,,,,,0,0.0175,,Jul'25,19.23611111,IF0183-NB,IF0183-FFC,Inventory Underwriting,,,46588,,45848.50972,45848.59167,-555000
IF0184,GCD3895,Ricmar Magboo,Albert Dalupang,MADDY CARS-OUTLET VEHICLE TRADING,45849.29861,2500000,1800000,3750000,3750000,7279200,-3529200,-3529200,1,15,Yes,Hold,Maturity DPD,3750000,3750000,6047200,-2297200,-2297200,Yes,Hold,Maturity DPD,3750000,3750000,1232000,2518000,2518000,39,0.3965333333,0,0,No,No,46281,5625000,,0,0,0,0,14,45849,45849,0,6047200,Open,,,,,0,0.02,Faltado Family,Jul'25,78.28571429,IF0184-NB,IF0184-FFC,Inventory Underwriting,1,1,46553,,45848.67361,45849.29861,-2297200
IF0185,GCD3272,Rhoyland Alagon,Marah Luriely A. Villaruz,Y2KAR-CAR TRADING,45856.49792,1000000,1000000,2250000,2250000,1620000,630000,630000,1,5,Yes,Hold,Maturity DPD,2250000,2250000,1620000,630000,630000,Yes,Hold,Expired Credit Line,1500000,1500000,0,1500000,1500000,0,0,0,0,No,No,46127,3375000,,0,0,0,0,0,45869,46058,0,1620000,Blacklisted,15 DPD,46114,,,0,0.0175,,Jul'25,0,IF0185-NB,IF0185-FFC,Inventory Underwriting,,,46401,,45848.67292,45856.49792,630000
IF0186,GCD4533,Rose Batacan,Malou Alfonso,JAX AUTO TRADING,45848.68194,1500000,1000000,2250000,2250000,2212000,38000,38000,1,4,Yes,Hold,Maturity DPD,1500000,1000000,1341000,159000,-341000,Yes,Hold,Maturity DPD,2250000,2250000,871000,1379000,1379000,0,0,0,0,No,No,45940,3375000,,0,0,0,0,6,45849,46134,0,1341000,Open,Finsso: Open | Netbank: Expired CL,,,,0,0.0175,Amor Family,Jul'25,97.16666667,IF0186-NB,IF0186-FFC,Regular Onboarding,,,46289,Soon Expiry,45848.68194,45848.68194,159000
IF0187,GCD4506,Elvira Ladea,Marah Luriely A. Villaruz,CLAU CAR AGENT SERVICES,45853.45694,1000000,1000000,1500000,1500000,2618000,-1118000,-1118000,1,8,Yes,Hold,Maturity DPD,1500000,1500000,2348000,-848000,-848000,Yes,Hold,Maturity DPD,1500000,1500000,270000,1230000,1230000,27.5625,0.3333333333,0,0,No,No,46311,2250000,,0,0,0,0,8,45854,46216.4375,0,2348000,Blacklisted,Locked by Timestamp,46238.04096,,,0,0.0175,Austria Family,Jul'25,65.05625,IF0187-NB,IF0187-FFC,Inventory Underwriting,,,46583,,45853.44236,45853.45694,-848000
IF0188,GCD4532,Zhesa Resurrecion,Albert Dalupang,DB AUTO TRADING,45853.55833,1300000,1000000,1950000,1950000,1582600,367400,367400,1,4,Yes,Hold,Maturity DPD,1300000,1300000,1582600,-282600,-282600,Yes,Open,,1950000,1950000,0,1950000,1950000,46,0.5630769231,0,0,No,No,45944,2925000,,0,0,0,0,4,45855,46183,0,1582600,Open,Finsso: Open | Netbank: Expired CL,,,,0,0.0175,,Jul'25,46,IF0188-NB,IF0188-FFC,Inventory Underwriting,,,46289,Soon Expiry,45853.47222,45853.55833,-282600
IF0189,GCD4478,Elvira Ladea,Marah Luriely A. Villaruz,SEF CAR TRADING,45856.64444,560000,560000,560000,560000,1726000,-1166000,-1166000,1,6,Yes,Hold,Maturity DPD,560000,560000,1726000,-1166000,-1166000,Yes,Open,,560000,560000,0,560000,560000,11.39444444,0.7142857143,0,0,No,No,,560000,,0,0,0,0,6,46086,46232.60556,0,1726000,Open,,,,,0,0.0175,,Jul'25,78.03944444,IF0189-NB,IF0189-FFC,Inventory Underwriting,,,46594,,45856.4375,45856.64444,-1166000
IF0190,GCD4499,Elvira Ladea,Marah Luriely A. Villaruz,AYI CAR AGENT SERVICES,45856.51597,600000,600000,600000,600000,446000,154000,154000,1,2,Yes,Hold,Maturity DPD,600000,600000,446000,154000,154000,Yes,Open,,600000,600000,0,600000,600000,9.554166667,0.36,0,0,No,No,,600000,,0,0,0,0,1,46003,46234.44583,0,446000,Open,,,,,0,0.0175,Austria Family,Jul'25,9.554166667,IF0190-NB,IF0190-FFC,Inventory Underwriting,,,46588,,45856.44653,45856.51597,154000
IF0191,GCD4546,Ricmar Magboo,Albert Dalupang,WIN-WIN CAR TRADING,45856.69514,700000,700000,700000,700000,0,700000,700000,1,0,Yes,Hold,Expired Credit Line,700000,700000,0,700000,700000,Yes,Open,,700000,700000,0,700000,700000,0,0,0,0,No,No,,700000,,0,0,0,0,0,45917,45917,0,0,Open,Finsso: Open | Netbank: Expired CL,,,,0,0.02,,Jul'25,0,IF0191-NB,IF0191-FFC,Inventory Underwriting,,,46281,Soon Expiry,45856.68819,45856.69514,700000
IF0192,GCD4545,Myrnalyn Bankingkito,Malou Alfonso,JET CAR TRADING,45856.47361,3000000,2100000,4500000,4500000,5067000,-567000,-567000,1,11,Yes,Hold,Maturity DPD,4500000,4500000,5067000,-567000,-567000,No,,,0,0,0,0,0,0,0,0,0,No,No,45987,6750000,,0,0,0,0,3,45860,46104,0,5067000,Blacklisted,Locked by Timestamp,46190.65122,,,0,0.0175,Amor Family,Jul'25,109.3333333,IF0192-NB,,Regular Onboarding,1,1,46259,Expired Credit Line,45856.45139,45856.47361,-567000
IF0193,GCD4544,Elvira Ladea,Marah Luriely A. Villaruz,INIGO'S CAR AGENT SERVICES,45861.79931,800000,800000,1800000,1800000,1800000,0,0,1,2,Yes,Hold,Maturity DPD,800000,800000,600000,200000,200000,Yes,Hold,Maturity DPD,1800000,1800000,1200000,600000,600000,0,0,0,0,No,No,45953,2700000,,0,0,0,0,0,45868,46084,0,600000,Open,Finsso: Open | Netbank: Expired CL,,,,0,0.0175,,Jul'25,0,IF0193-NB,IF0193-FFC,Inventory Underwriting,,,46448,,45861.74583,45861.79931,200000
IF0194,GCD1709,Elvira Ladea,Marah Luriely A. Villaruz,PUNKOTSE JOINT CAR SHOP,45861.71597,900000,900000,2025000,1125000,2043000,-18000,-918000,1,5,Yes,Hold,Done Re-assessement,900000,900000,376000,524000,524000,Yes,Hold,Done Re-assessement,2025000,1125000,1667000,358000,-542000,0,0,0,0,No,No,45953,3037500,,0,0,0,0,6,45863,46126,0,376000,Blacklisted,Locked by Timestamp,46231.04096,46122.52014,,0,0.0225,,Jul'25,88.11111111,IF0194-NB,IF0194-FFC,Inventory Underwriting,,,46486,,45861.70278,45861.71597,524000
IF0195,GCD2891,Zhesa Resurrecion,Albert Dalupang,BQ AUTO TRADING,45867,1200000,1000000,1200000,1000000,0,1200000,1000000,0,0,Yes,Hold,Expired Credit Line,1200000,1000000,0,1200000,1000000,No,,,0,0,0,0,0,0,0,0,0,No,No,,1200000,,0,0,0,0,0,,,0,0,Hold,Finsso: Pending CL | Netbank: Expired CL,,,,0,0.0175,,Jul'25,0,IF0195-NB,,Inventory Underwriting,,,46225,Expired Credit Line,45862.38264,45867,1200000
IF0196,GCD4550,Zhesa Resurrecion,Albert Dalupang,AUTOJEFFORD AUTO PARTS REPAIR SERVICE,45863.40903,1600000,1100000,1600000,1600000,0,1600000,1600000,1,0,Yes,Hold,Multiple DPD / HIstory of Repossession,1600000,1600000,0,1600000,1600000,Yes,Open,Multiple DPD / HIstory of Repossession,1600000,1600000,0,1600000,1600000,0,0,0,0,No,No,45954,2400000,,0,0,0,0,0,45869,45953,0,0,Blacklisted,Manual,46006,,,0,0.0175,,Jul'25,0,IF0196-NB,IF0196-FFC,Inventory Underwriting,,,46317,Soon Expiry,45863.37986,45863.40903,1600000
IF0197,GCD4674,Rose Batacan,Malou Alfonso,DANIEL CAR TRADING (AMOR),45863.74653,1500000,1000000,1500000,1000000,441000,1059000,559000,1,1,Yes,Hold,Maturity DPD,1500000,1000000,441000,1059000,559000,No,,,0,0,0,0,0,0,0,0,0,No,No,,1500000,,0,0,0,0,0,46092,46092,0,441000,Hold,Finsso: Pending CL | Netbank: Expired CL,,,,0,0.0175,Amor Family,Jul'25,0,IF0197-NB,,Regular Onboarding,,,46227,Expired Credit Line,45863.65,45863.74653,1059000
IF0198,GCD4239,Elvira Ladea,Marah Luriely A. Villaruz,RENZ PATRICK MOJICA CAR AGENT SERVICES,45863.41528,3000000,2600000,3000000,2600000,2660000,340000,-60000,1,4,Yes,Hold,Multiple DPD / HIstory of Repossession,3000000,2600000,1560000,1440000,1040000,Yes,Hold,Multiple DPD / HIstory of Repossession,3000000,2600000,1100000,1900000,1500000,0,0,0,0,No,No,,3000000,,0,0,0,0,0,45880,45992,1335301.667,1560000,Blacklisted,15 DPD,46030,,,0,0.0175,ZSM-RENZ Family,Jul'25,0,IF0198-NB,IF0198-FFC,Inventory Underwriting,,,46304,Soon Expiry,45863.40694,45863.41528,220000
IF0199,GCD4675,Herbert Capistrano,Marah Luriely A. Villaruz,BRYLLE CESS AUTO SHOP,45863.75972,1150000,805000,1150000,805000,0,1150000,805000,0,0,Yes,Hold,Expired Credit Line,1150000,805000,0,1150000,805000,Yes,Open,,1150000,805000,0,1150000,805000,0,0,0,0,No,No,,1150000,,0,0,0,0,0,,,0,0,Open,Finsso: Open | Netbank: Expired CL,,,,0,0.0175,,Jul'25,0,IF0199-NB,IF0199-FFC,Inventory Underwriting,,,46581,,45863.64236,45863.75972,1150000
IF0200,GCD4547,Rose Batacan,Malou Alfonso,WAREHOUSE MANAGEMENT SERVICES CARLY CAR&RENTAL,45864.48403,400000,400000,400000,400000,0,400000,400000,1,0,Yes,Hold,Expired Credit Line,400000,400000,0,400000,400000,No,,,0,0,0,0,0,0,0,0,0,No,No,,400000,,0,0,0,0,0,45873,45968,0,0,Hold,Finsso: Pending CL | Netbank: Expired CL,,,,0,0.0175,,Jul'25,0,IF0200-NB,,Express Onboarding,,,46227,Expired Credit Line,45863.64236,45864.48403,400000
IF0201,GCD4430,Myrnalyn Bankingkito,Malou Alfonso,JERZ AUTO SHOP,45863.68333,2000000,1400000,2000000,1400000,0,2000000,1400000,1,0,Yes,Hold,Expired Credit Line,2000000,1400000,0,2000000,1400000,Yes,Open,,2000000,1400000,0,2000000,1400000,0,0,0,0,No,No,,2000000,,0,0,0,0,0,45931,45931,0,0,Open,Finsso: Open | Netbank: Expired CL,,,,0,0.02,,Jul'25,0,IF0201-NB,IF0201-FFC,Regular Onboarding,,,46295,Soon Expiry,45863.65,45863.68333,2000000
IF0202,GCD1886,Elvira Ladea,Marah Luriely A. Villaruz,DZAUTOGARAGE CAR TRADING,45880.49792,3000000,2600000,3000000,2600000,0,3000000,2600000,0,0,Yes,Hold,Expired Credit Line,3000000,2600000,0,3000000,2600000,No,,,0,0,0,0,0,0,0,0,0,No,No,,3000000,,0,0,0,0,0,,,0,0,Hold,Finsso: Pending CL | Netbank: Expired CL,,,,0,0.0175,,Aug'25,0,IF0202-NB,,Inventory Underwriting,,,46231,Expired Credit Line,45873.41319,45880.49792,3000000
IF0203,GCD4676,Rose Batacan,Malou Alfonso,AEDEN DCARS CAR AGENT SERVICES,45868.64792,1900000,1300000,1900000,1300000,588000,1312000,712000,1,1,Yes,Hold,Multiple DPD / HIstory of Repossession,1900000,1300000,0,1900000,1300000,Yes,Hold,Multiple DPD / HIstory of Repossession,1900000,1300000,588000,1312000,712000,0,0,0,0,No,No,,1900000,,0,0,0,0,0,45923,45923,0,0,Blacklisted,15 DPD,45982,,,0,0.0175,,Jul'25,0,IF0203-NB,IF0203-FFC,Regular Onboarding,,,46287,Soon Expiry,45867.66875,45868.64792,1900000
IF0204,GCD2171,Ricmar Magboo,Albert Dalupang,JJR CAR TRADING,45867.69167,1300000,1000000,1950000,1950000,5950600,-4000600,-4000600,1,19,Yes,Hold,Maturity DPD,1950000,1950000,4809700,-2859700,-2859700,Yes,Hold,Maturity DPD,1950000,1950000,1140900,809100,809100,24.30176768,1.175384615,0,0,No,No,46308,2925000,,0,0,0,0,17,45868,46232.68056,0,4366700,Open,,,,,0,0.02,,Jul'25,53.01388889,IF0204-NB,IF0204-FFC,Inventory Underwriting,,,46580,,45867.69167,45867.69167,-2859700
IF0205,GCD103,Marlon Llamas,Albert Dalupang,BHASTA MHANIBELA AUTO TRADING,45869.38194,3000000,2100000,3000000,2100000,2250000,750000,-150000,1,4,Yes,Hold,Maturity DPD,3000000,2100000,2250000,750000,-150000,No,,,0,0,0,0,0,0,0,0,0,No,No,,3000000,,0,0,0,0,0,45869,46091,0,2250000,Hold,Finsso: Pending CL | Netbank: Expired CL,,,,0,0.0175,,Jul'25,0,IF0205-NB,,Inventory Underwriting,,,46232,Expired Credit Line,45868.71111,45869.38194,750000
IF0206,GCD4514,Rhoyland Alagon,Marah Luriely A. Villaruz,CARS.PH CAR TRADING,45868.74097,620000,620000,620000,620000,0,620000,620000,0,0,Yes,Hold,Expired Credit Line,620000,620000,0,620000,620000,No,,,0,0,0,0,0,0,0,0,0,No,No,,620000,,0,0,0,0,0,,,0,0,Hold,Finsso: Pending CL | Netbank: Expired CL,,,,0,0.0175,,Jul'25,0,IF0206-NB,,Regular Onboarding,,,46232,Expired Credit Line,45868.71319,45868.74097,620000
IF0207,GCD2752,Myrnalyn Bankingkito,Malou Alfonso,ZT CAR TRADING,45869.38194,3000000,2100000,3000000,3000000,1690000,1310000,1310000,1,2,Yes,Hold,Maturity DPD,3000000,3000000,1690000,1310000,1310000,Yes,Hold,Expired Credit Line,3000000,3000000,0,3000000,3000000,0,0,0,0,No,No,45961,4500000,,0,0,0,0,0,45869,46056,0,1690000,Open,Finsso: Expired CL | Netbank: Open,,,,0,0.02,ZT Family,Jul'25,0,IF0207-NB,IF0207-FFC,Inventory Underwriting,,,46331,Soon Expiry,45869.60417,45869.38194,1310000
IF0208,GCD2742,Myrnalyn Bankingkito,Malou Alfonso,ZTZ AUTO TRADING,45869.65069,3000000,2100000,3000000,2100000,3850000,-850000,-1750000,1,4,Yes,Hold,Maturity DPD,3000000,2100000,2750000,250000,-650000,Yes,Hold,Pending CLA Signature,3000000,2100000,1100000,1900000,1000000,35.66666667,0,0,0,No,No,Endorsed for Increase to Credit Team,3000000,,0,0,0,0,5,45897,45897,0,2750000,Open,Finsso: Pending CLA Signature | Netbank: Open,,,,0,0.02,ZT Family,Jul'25,61.66666667,IF0208-NB,IF0208-FFC,Inventory Underwriting,,,46622,,45869.61944,45869.65069,250000
IF0209,GCD4677,Elvira Ladea,Marah Luriely A. Villaruz,BOZZ BY CAR TRADING,45883.58681,400000,400000,400000,400000,0,400000,400000,1,0,Yes,Hold,Expired Credit Line,400000,400000,0,400000,400000,No,,,0,0,0,0,0,0,0,0,0,No,No,,400000,,0,0,0,0,0,45884,45895,0,0,Hold,Finsso: Pending CL | Netbank: Expired CL,,,,0,0.0175,,Aug'25,0,IF0209-NB,IF0209-FFC,Inventory Underwriting,,,46245,Expired Credit Line,45882.60486,45883.58681,400000
IF0210,GCD2101,Ricmar Magboo,Albert Dalupang,J.D.L AUTOGARAGE CAR TRADING,45885,800000,800000,800000,800000,650000,150000,150000,1,3,Yes,Hold,Maturity DPD,800000,800000,650000,150000,150000,No,,,0,0,0,0,0,10.29444444,0.1875,0,0,No,No,,800000,,0,0,0,0,3,46045,46233.70556,0,650000,Hold,Finsso: Pending CL | Netbank: Expired CL,,,,0,0.0175,,Aug'25,60.82361111,IF0210-NB,,Inventory Underwriting,,,46249,Expired Credit Line,45882.46111,45885,150000
IF0211,GCD4587,Rose Batacan,Malou Alfonso,JRI CAR TRADING,45888.77986,1000000,1000000,1000000,1000000,998000,2000,2000,1,2,Yes,Hold,Maturity DPD,1000000,1000000,998000,2000,2000,No,,,0,0,0,0,0,0,0,0,0,No,No,,1000000,,0,0,0,0,0,45889,46072,0,998000,Hold,Finsso: Pending CL | Netbank: Expired CL,,,,0,0.0175,,Aug'25,0,IF0211-NB,,Inventory Underwriting,,,46251,Expired Credit Line,45887.75764,45888.77986,2000
IF0212,GCD4586,Rose Batacan,Malou Alfonso,GOOD FIND CAR TRADING,45887.77361,1500000,1000000,1500000,1500000,2616000,-1116000,-1116000,1,4,Yes,Hold,Maturity DPD,1500000,1500000,2616000,-1116000,-1116000,Yes,Open,,1500000,1000000,0,1500000,1000000,0,0,0,0,No,No,45979,2250000,,0,0,0,0,4,45887,46153,0,2616000,Blacklisted,Locked by Timestamp,46203.04096,,,0,0.0175,PMB Family,Aug'25,88,IF0212-NB,IF0212-FFC,Inventory Underwriting,,,46315,Soon Expiry,45887.76806,45887.77361,-1116000
IF0213,GCD4600,Elvira Ladea,Marah Luriely A. Villaruz,RB CARZ CAR TRADING,45891.71875,700000,700000,700000,700000,605000,95000,95000,1,2,No,,,0,0,0,0,0,Yes,Hold,Maturity DPD,700000,700000,605000,95000,95000,0,0,0,0,No,No,,700000,,0,0,0,0,0,45917,46086,0,0,Blacklisted,15 DPD,46104,,,0,0.0225,,Aug'25,0,,IF0213-FFC,Regular Onboarding,,,46251,Expired Credit Line,45889.46181,45891.71875,0
IF0214,GCD4645,Rhoyland Alagon,Marah Luriely A. Villaruz,3GC AUTO SHOP,45888.63542,1500000,1000000,1500000,1500000,3610000,-2110000,-2110000,1,7,Yes,Hold,Renewal 1 DPD,1500000,1500000,1610000,-110000,-110000,Yes,Hold,Maturity DPD,1500000,1500000,2000000,-500000,-500000,26.41481481,0.6666666667,0.7,0,No,No,46354,2250000,,0,0,0,0,6,45897,45897,0,1610000,Open,,,,,0,0.0175,,Aug'25,70.91604938,IF0214-NB,IF0214-FFC,Inventory Underwriting,1,0,46626,,45887.78403,45888.63542,-110000
IF0215,GCD4615,Ricmar Magboo,Albert Dalupang,J4 CAR TRADING,45889.63889,1200000,840000,1200000,840000,0,1200000,840000,0,0,No,,,0,0,0,0,0,Yes,Hold,Expired Credit Line,1200000,840000,0,1200000,840000,0,0,0,0,No,No,,1200000,,0,0,0,0,0,,,0,0,Hold,Finsso: Expired CL | Netbank: Pending CLA Signature,,,,0,0.0175,,Aug'25,0,IF0215-NB,IF0215-FFC,Inventory Underwriting,,,46251,Expired Credit Line,45889.46458,45889.63889,0
IF0216,GCD2462,Myrnalyn Bankingkito,Malou Alfonso,GABCARS AUTO TRADING,45889.57292,2300000,1600000,2300000,1600000,0,2300000,1600000,0,0,No,,,0,0,0,0,0,Yes,Hold,Expired Credit Line,2300000,1600000,0,2300000,1600000,0,0,0,0,No,No,,2300000,,0,0,0,0,0,,,0,0,Hold,Finsso: Expired CL | Netbank: Pending CLA Signature,,,,0,0.0175,,Aug'25,0,IF0216-NB,IF0216-FFC,Inventory Underwriting,,,46251,Expired Credit Line,45889.46806,45889.57292,0
IF0217,GCD1252,Rhoyland Alagon,Marah Luriely A. Villaruz,PRIMELYONE CAR TRADING,45888.60208,2300000,1600000,2300000,1600000,0,2300000,1600000,0,0,No,,,0,0,0,0,0,Yes,Hold,Expired Credit Line,2300000,1600000,0,2300000,1600000,0,0,0,0,No,No,,2300000,,0,0,0,0,0,,,0,0,Hold,Finsso: Expired CL | Netbank: Pending CLA Signature,,,,0,0.0175,,Aug'25,0,IF0217-NB,IF0217-FFC,Inventory Underwriting,,,46251,Expired Credit Line,45887.77778,45888.60208,0
IF0218,GCD2704,Rose Batacan,Malou Alfonso,JVA CARS TRADING OPC,45888,5000000,3500000,8000000,8000000,11254000,-3254000,-3254000,1,14,Yes,Hold,Maturity DPD,8000000,8000000,11254000,-3254000,-3254000,Yes,Open,,8000000,8000000,0,8000000,8000000,10.75451389,0.307,0,0,No,No,46340,,,0,0,0,0,14,45891,45891,0,11254000,Open,,,,,0,0.0175,Abeleda Family,Aug'25,58.02994281,IF0218-NB,IF0218-FFC,Inventory Underwriting,,,46612,,45888.71875,45888,-3254000
IF0219,GCD4704,Marlon Llamas,Albert Dalupang,MAB CAR TRADING,45888.75625,3000000,2100000,4500000,4500000,3675000,825000,825000,1,3,No,,,0,0,0,0,0,Yes,Blacklisted,Multiple DPD / HIstory of Repossession,4500000,4500000,3675000,825000,825000,0,0,0,0,No,No,46002,6750000,,0,0,0,0,0,45888,45917,0,0,Blacklisted,15 DPD,45961,,,0,0.02,,Aug'25,0,,IF0219-FFC,Inventory Underwriting,1,1,46275,Soon Expiry,45888.73472,45888.75625,0
IF0220,GCD4588,Rhoyland Alagon,Marah Luriely A. Villaruz,KIDSZONETOYSAVENUE TOY STORE,45889.60694,700000,700000,700000,700000,213000,487000,487000,1,1,No,,,0,0,0,0,0,Yes,Hold,Maturity DPD,700000,700000,213000,487000,487000,0,0,0,0,No,No,,700000,,0,0,0,0,2,45916,46125,0,0,Blacklisted,Locked by Timestamp,46199.04094,,,0,0.0175,,Aug'25,88.33333333,IF0220-NB,IF0220-FFC,Inventory Underwriting,,,46253,Expired Credit Line,45889.47083,45889.60694,0
IF0221,GCD3524,Myrnalyn Bankingkito,Malou Alfonso,ALP AUTO TRADING,45889.72917,2100000,1470000,2100000,1470000,0,2100000,1470000,1,1,No,,,0,0,0,0,0,Yes,Hold,Expired Credit Line,2100000,1470000,0,2100000,1470000,0,0,0,0,No,No,,2100000,,0,0,0,0,0,45910,45953,0,0,Hold,Finsso: Expired CL | Netbank: Pending CLA Signature,,,,0,0.0175,,Aug'25,0,IF0221-NB,IF0221-FFC,Inventory Underwriting,,,46253,Expired Credit Line,45889.68958,45889.72917,0
IF0222,GCD2537,Rhoyland Alagon,Marah Luriely A. Villaruz,WHEELWISE AUTO TRADING,45891.51806,400000,400000,600000,600000,610000,-10000,-10000,1,2,Yes,Hold,Renewal 1 DPD,600000,600000,250000,350000,350000,Yes,Hold,Maturity DPD,600000,600000,360000,240000,240000,0,0,0,0,No,No,46029,900000,,0,0,0,0,0,45903,45903,0,250000,Open,,,,,0,0.0175,,Aug'25,0,IF0222-NB,IF0222-FFC,Express Onboarding,,,46547,,45891.45764,45891.51806,350000
IF0223,GCD4601,Zhesa Resurrecion,Albert Dalupang,ALLEN MOTORKEE & AUTO TRADING,45895.44375,400000,400000,900000,900000,498000,402000,402000,1,2,No,,,0,0,0,0,0,Yes,Hold,Maturity DPD,900000,900000,498000,402000,402000,0,0,0,0,No,No,Endorsed to Credit for CL Increase,1350000,,0,0,0,0,0,45936,46077,0,0,Blacklisted,15 DPD,46136,,,0,0.0175,,Aug'25,0,IF0223-NB,IF0223-FFC,Express Onboarding,1,2,46448,,45895.65417,45895.44375,0
IF0224,GCD2589,Rose Batacan,Malou Alfonso,CARWIN AUTOMOTIVE REPAIR SERVICES,45896.70069,5000000,3500000,5000000,3500000,4643900,356100,-1143900,1,7,Yes,Hold,Renewal 1 DPD,5000000,3500000,912000,4088000,2588000,Yes,Hold,Maturity DPD,5000000,3500000,3731900,1268100,-231900,30,0.2605714286,0,0,No,No,,5000000,,0,0,0,0,7,45896,46199,0,912000,Open,Finsso: Expired CL | Netbank: Open,,,,0,0.0175,Abeleda Family,Aug'25,73.27272727,IF0224-NB,IF0224-FFC,Regular Onboarding,,,46534,,45897.69514,45896.70069,4088000
IF0225,GCD342,Rhoyland Alagon,Marah Luriely A. Villaruz,EC CAR TRADING,45897.62431,1700000,1200000,2550000,2550000,3893500,-1343500,-1343500,1,12,Yes,Hold,Maturity DPD,2550000,2550000,3893500,-1343500,-1343500,Yes,Open,,2550000,2550000,0,2550000,2550000,23.42135417,0.4674509804,0,0,No,No,46038,3825000,,0,0,0,0,8,45902,45902,0,3493500,Open,,,,,0,0.0175,,Aug'25,63.16854167,IF0225-NB,IF0225-FFC,Inventory Underwriting,,,46331,Soon Expiry,45897.44583,45897.62431,-1343500
IF0226,GCD4647,Elvira Ladea,Marah Luriely A. Villaruz,JJM AUTO CARE SERVICES,45898,600000,600000,600000,600000,475000,125000,125000,1,2,No,,,0,0,0,0,0,Yes,Hold,Maturity DPD,600000,600000,475000,125000,125000,0,0,0,0,No,No,,600000,,0,0,0,0,0,45929,46059,0,0,Blacklisted,Locked by Timestamp,46190.65122,,,0,0.0175,J'WEKS- JJM Family,Aug'25,0,,IF0226-FFC,Inventory Underwriting,,,46262,Expired Credit Line,45898.44097,45898,0
IF0227,GCD1718,Elvira Ladea,Marah Luriely A. Villaruz,MEL CAR TRADING,45899.41528,1300000,1000000,1300000,1000000,0,1300000,1000000,0,0,No,,,0,0,0,0,0,Yes,Hold,Expired Credit Line,1300000,1000000,0,1300000,1000000,0,0,0,0,No,No,,1300000,,0,0,0,0,0,,,0,0,Hold,Finsso: Expired CL | Netbank: Pending CLA Signature,,,,0,0.0175,,Aug'25,0,IF0227-NB,IF0227-FFC,Inventory Underwriting,,,46262,Expired Credit Line,45898.74583,45899.41528,0
IF0228,GCD4613,Marlon Llamas,Albert Dalupang,BHADZFAST AUTOWORKS,45899.51597,4200000,3000000,4200000,3000000,3000000,1200000,0,1,1,No,,,0,0,0,0,0,Yes,Blacklisted,15 DPD,4200000,3000000,3000000,1200000,0,0,0,0,0,No,No,,4200000,,0,0,0,0,0,45901,45901,0,0,Blacklisted,15 DPD,45992,,,0,0.02,Lagamon Single Owner,Aug'25,0,,IF0228-FFC,Regular Onboarding,,,46263,Expired Credit Line,45899.53194,45899.51597,0
IF0229,GCD2332,Rose Batacan,Malou Alfonso,PRE MIERE AUTOTRADE CAR AGENT SERVICES,45909.43889,1150000,800000,1150000,1150000,0,1150000,1150000,1,0,No,,,0,0,0,0,0,Yes,Hold,Expired Credit Line,1150000,1150000,0,1150000,1150000,0,0,0,0,No,No,45991,1725000,,0,0,0,0,0,45909,45909,0,0,Hold,Finsso: Expired CL | Netbank: Pending CLA Signature,,,,0,0.0225,,Sep'25,0,IF0229-NB,IF0229-FFC,Inventory Underwriting,,,46263,Expired Credit Line,45899.64583,45909.43889,0
IF0230,GCD1267,Elvira Ladea,Marah Luriely A. Villaruz,JEYEMBEE CAR TRADING,45899.79375,900000,900000,900000,900000,0,900000,900000,0,0,No,,,0,0,0,0,0,Yes,Hold,Expired Credit Line,900000,900000,0,900000,900000,0,0,0,0,No,No,,900000,,0,0,0,0,0,,,0,0,Hold,Finsso: Expired CL | Netbank: Pending CLA Signature,,,,0,0.0225,,Aug'25,0,IF0230-NB,IF0230-FFC,Inventory Underwriting,,,46263,Expired Credit Line,45899.73333,45899.79375,0
IF0231,GCD4649,Zhesa Resurrecion,Albert Dalupang,STRIKES. GARAGE AUTO TRADING,45903.42986,635000,635000,635000,635000,635000,0,0,1,2,No,,,0,0,0,0,0,Yes,Hold,Maturity DPD,635000,635000,635000,0,0,0,0,0,0,No,No,,635000,,0,0,0,0,0,45911,46079,0,0,Blacklisted,15 DPD,46169,,,0,0.0175,Dig Family,Sep'25,0,IF0231-NB,IF0231-FFC,Inventory Underwriting,,,46266,Expired Credit Line,45903.40278,45903.42986,0
IF0232,GCD4612,Lorraine Matsumura,Marah Luriely A. Villaruz,GCARS AUTO SHOP,,1300000,1000000,1300000,1000000,0,1300000,1000000,0,0,No,,,0,0,0,0,0,No,,,0,0,0,0,0,0,0,0,0,No,No,,1300000,,0,0,0,0,0,,,0,0,Hold,Pending CLA Signature,,,,0,0.0175,,,0,IF0232-NB,IF0232-FFC,Inventory Underwriting,,,46267,Expired Credit Line,45903,,0
IF0233,GCD4643,Elvira Ladea,Marah Luriely A. Villaruz,AUTOALAGAA CARWASH AND DETAILING SERVICES,45905.41389,1000000,1000000,1000000,1000000,0,1000000,1000000,0,0,Yes,Open,,1000000,1000000,542000,458000,458000,Yes,Hold,Expired Credit Line,1000000,1000000,0,1000000,1000000,0,0,0,0,No,No,,1000000,,0,0,0,0,0,,,0,542000,Open,Finsso: Expired CL | Netbank: Open,,,,0,0.0175,,Sep'25,0,IF0233-NB,IF0233-FFC,Inventory Underwriting,,,46547,,45905.4,45905.41389,458000
IF0234,GCD4097,Rhoyland Alagon,Marah Luriely A. Villaruz,TGM AS AUTO SHOP,45904.95139,2300000,1600000,2300000,1600000,0,2300000,1600000,1,0,No,,,0,0,0,0,0,Yes,Hold,Expired Credit Line,2300000,1600000,0,2300000,1600000,0,0,0,0,No,No,,2300000,,0,0,0,0,0,45926,45926,0,0,Hold,Finsso: Expired CL | Netbank: Pending CLA Signature,,,,0,0.0175,,Sep'25,0,IF0234-NB,IF0234-FFC,Inventory Underwriting,,,46268,Expired Credit Line,45904.57014,45904.95139,0
IF0235,GCD1514,Elvira Ladea,Marah Luriely A. Villaruz,KOTSE KALYEDAD CAR AGENT SERVICES,45906.54653,400000,400000,400000,400000,240000,160000,160000,1,1,No,,,0,0,0,0,0,Yes,Hold,Maturity DPD,400000,400000,240000,160000,160000,0,0,0,0,No,No,,400000,,0,0,0,0,0,46077,46077,0,0,Hold,Finsso: Expired CL | Netbank: Pending CLA Signature,,,,0,0.0175,,Sep'25,0,IF0235-NB,IF0235-FFC,Express Onboarding,,,46268,Expired Credit Line,45904.7375,45906.54653,0
IF0236,GCD4627,Ricmar Magboo,Albert Dalupang,BOSS ARENCE T.V CAR TRADING,45912.32361,650000,650000,650000,650000,0,650000,650000,0,0,Yes,Open,,650000,650000,0,650000,650000,Yes,Hold,Expired Credit Line,650000,650000,0,650000,650000,0,0,0,0,No,No,,650000,,0,0,0,0,0,,,0,0,Open,Finsso: Expired CL | Netbank: Open,,,,0,0.02,,Sep'25,0,IF0236-NB,IF0236-FFC,Inventory Underwriting,,,46548,,45905.40625,45912.32361,650000
IF0237,GCD220,Rose Batacan,Malou Alfonso,ELM CARS TRADING,45909.58125,1800000,1250000,1800000,1250000,1250000,550000,0,1,1,No,,,0,0,0,0,0,Yes,Hold,15 DPD,1800000,1250000,1250000,550000,0,0,0,0,0,No,No,,1800000,,0,0,0,0,0,46000,46000,0,0,Blacklisted,15 DPD,46090,,,0,0.025,,Sep'25,0,,IF0237-FFC,Inventory Underwriting,,,46273,Expired Credit Line,45909.40208,45909.58125,0
IF0238,GCD4670,Rose Batacan,Malou Alfonso,GHA AUTO TRADING,45909.90694,400000,400000,400000,400000,0,400000,400000,0,0,No,,,0,0,0,0,0,Yes,Open,,400000,400000,0,400000,400000,0,0,0,0,No,No,,400000,,0,0,0,0,0,,,0,0,Open,Finsso: Open | Netbank: Pending CLA Signature,,,,0,0.02,Amor Family,Sep'25,0,IF0238-NB,IF0238-FFC,Express Onboarding,,,46273,Expired Credit Line,45909.40625,45909.90694,0
IF0239,GCD4595,Ricmar Magboo,Albert Dalupang,JMF AUTOCARE SERVICES,45915.71806,1000000,1000000,1500000,1500000,4627000,-3127000,-3127000,1,10,Yes,Hold,Maturity DPD,1500000,1500000,2277000,-777000,-777000,Yes,Hold,Maturity DPD,1500000,1500000,2350000,-850000,-850000,31.05520833,0.7873333333,0,0,No,No,46311,2250000,,0,0,0,0,10,46051,46051,0,2277000,Open,,,,,0,0.02,,Sep'25,45.52760417,IF0239-NB,IF0239-FFC,Inventory Underwriting,,,46583,,45912.77014,45915.71806,-777000
IF0240,GCD4669,Rose Batacan,Malou Alfonso,S&S AUTO TRADING,45917.51458,400000,400000,600000,600000,260000,340000,340000,1,2,No,,,0,0,0,0,0,Yes,Hold,Maturity DPD,600000,600000,260000,340000,340000,0,0,0,0,No,No,46049,900000,,0,0,0,0,0,45923,46063,0,0,Open,Finsso: Open | Netbank: Pending CLA Signature,,,,0,0.0175,,Sep'25,0,IF0240-NB,IF0240-FFC,Inventory Underwriting,,,46321,Soon Expiry,45917.50208,45917.51458,0
IF0241,GCD4582,Rhoyland Alagon,Marah Luriely A. Villaruz,KKKD11 AUTO SHOP,45918.70278,550000,550000,550000,550000,0,550000,550000,0,0,No,,,0,0,171000,-171000,-171000,Yes,Open,,550000,550000,0,550000,550000,0,0,0,0,No,No,,550000,,0,0,0,0,0,,,0,171000,Open,Finsso: Open | Netbank: Pending CLA Signature,,,,0,0.0175,,Sep'25,0,IF0241-NB,IF0241-FFC,Inventory Underwriting,,,46281,Soon Expiry,45918.69236,45918.70278,-171000
IF0242,GCD4680,Ricmar Magboo,Albert Dalupang,HMJS CAR TRADING,45918.44861,400000,400000,400000,400000,160000,240000,240000,1,1,No,,,0,0,0,0,0,Yes,Hold,Maturity DPD,400000,400000,160000,240000,240000,0,0,0,0,No,No,,400000,,0,0,0,0,0,46079,46079,0,0,Open,Finsso: Open | Netbank: Pending CLA Signature,,,,0,0.02,,Sep'25,0,IF0242-NB,IF0242-FFC,Inventory Underwriting,,,46281,Soon Expiry,45917.50694,45918.44861,0
IF0243,GCD3357,Elvira Ladea,Marah Luriely A. Villaruz,KPMA CAR TRADING,45917.53333,1800000,1300000,1800000,1800000,1798172.6,1827.4,1827.4,1,6,No,,,0,0,0,0,0,Yes,Hold,Maturity DPD,1800000,1800000,1798172.6,1827.4,1827.4,0,0,0,0,No,No,Endorsed for Increase to Credit Team,2700000,,0,0,0,0,4,45925,46147,0,0,Open,Finsso: Open | Netbank: Pending CL,,,,0,0.0175,,Sep'25,66.66666667,IF0243-NB,IF0243-FFC,Regular Onboarding,,,46437,,45917.50903,45917.53333,0
IF0244,GCD4664,Rhoyland Alagon,Marah Luriely A. Villaruz,ANISKAYE VEHICLE TRADING,45918.50556,1200000,1000000,1200000,1000000,0,1200000,1000000,1,0,No,,,0,0,0,0,0,Yes,Open,,1200000,1000000,0,1200000,1000000,0,0,0,0,No,No,,1200000,,0,0,0,0,0,45947,45947,0,0,Open,Finsso: Open | Netbank: Pending CLA Signature,,,,0,0.0175,1Way-Aniskaye Family,Sep'25,0,IF0244-NB,IF0244-FFC,Inventory Underwriting,,,46282,Soon Expiry,45918.49028,45918.50556,0
IF0245,GCD4624,Zhesa Resurrecion,Albert Dalupang,VL AUTO TRADING,45919,1000000,1000000,1000000,1000000,0,1000000,1000000,0,0,No,,,0,0,0,0,0,Yes,Open,,1000000,1000000,0,1000000,1000000,0,0,0,0,No,No,,1000000,,0,0,0,0,0,,,0,0,Open,Finsso: Open | Netbank: Pending CLA Signature,,,,0,0.0175,,Sep'25,0,IF0245-NB,IF0245-FFC,Regular Onboarding,,,46282,Soon Expiry,45918.46181,45919,0
IF0246,GCD4709,Myrnalyn Bankingkito,Malou Alfonso,JHELO CAR TRADING,45919.49375,400000,400000,400000,400000,0,400000,400000,1,0,No,,,0,0,0,0,0,Yes,Open,,400000,400000,0,400000,400000,0,0,0,0,No,No,,400000,,0,0,0,0,0,45958,45958,0,0,Open,Finsso: Open | Netbank: Pending CLA Signature,,,,0,0.0175,,Sep'25,0,IF0246-NB,IF0246-FFC,Express Onboarding,,,46283,Soon Expiry,45919.46736,45919.49375,0
IF0247,GCD2814,Rhoyland Alagon,Marah Luriely A. Villaruz,4CS AUTO CARE CENTER,45919.42361,2400000,1700000,2400000,1700000,478000,1922000,1222000,1,2,Yes,Hold,Renewal 1 DPD,2400000,1700000,261000,2139000,1439000,Yes,Hold,Maturity DPD,2400000,1700000,217000,2183000,1483000,0,0,0,0,No,No,,2400000,,0,0,0,0,0,45924,45924,0,261000,Open,,,,,0,0.0175,,Sep'25,0,IF0247-NB,IF0247-FFC,Inventory Underwriting,,,46548,,45919.41389,45919.42361,2139000
IF0248,GCD4714,Marlon Llamas,Albert Dalupang,MANILA A DEAL CAR TRADING,45919.83542,3000000,2100000,6750000,6750000,13697000,-6947000,-6947000,1,12,No,,,0,0,0,0,0,Yes,Hold,Multiple failed inspection,6750000,6750000,13697000,-6947000,-6947000,0,0,0,0,No,No,,,,0,0,0,0,12,45919,46147,0,0,Blacklisted,15 DPD,46223,,,0,0.0175,,Sep'25,75.94444444,IF0248-NB,IF0248-FFC,Inventory Underwriting,,,46346,Soon Expiry,45919.82986,45919.83542,0
IF0249,GCD2701,Myrnalyn Bankingkito,Malou Alfonso,POLLY'S CAR TRADING,45925.57083,1400000,1000000,1400000,1000000,0,1400000,1000000,0,0,No,,,0,0,0,0,0,Yes,Open,,1400000,1000000,0,1400000,1000000,0,0,0,0,No,No,,1400000,,0,0,0,0,0,,,0,0,Open,Finsso: Open | Netbank: Pending CLA Signature,,,,0,0.0175,,Sep'25,0,IF0249-NB,IF0249-FFC,Inventory Underwriting,,,46286,Soon Expiry,45922.62222,45925.57083,0
IF0250,GCD4720,Myrnalyn Bankingkito,Malou Alfonso,RAS CAR TRADING,45922.48819,2200000,1500000,2200000,1500000,3070000,-870000,-1570000,1,6,No,,,0,0,0,0,0,Yes,Hold,Maturity DPD,2200000,1500000,3070000,-870000,-1570000,0,0,0,0,No,No,,2200000,,0,0,0,0,5,45938,46129,0,0,Open,Finsso: Open | Netbank: Pending CLA Signature,,,,0,0.0175,,Sep'25,97.33333333,IF0250-NB,IF0250-FFC,Inventory Underwriting,,,46286,Soon Expiry,45922.475,45922.48819,0
IF0251,GCD4728,Elvira Ladea,Marah Luriely A. Villaruz,TREV AUTO TRADING,45922.80208,900000,900000,900000,900000,1810050,-910050,-910050,1,6,Yes,Hold,Maturity DPD,900000,900000,840950,59050,59050,Yes,Hold,Maturity DPD,900000,900000,969100,-69100,-69100,25,0.22,0,0,No,No,,900000,,0,0,0,0,10,45987,46204,0,840950,Open,,,,,0,0.0175,,Sep'25,48.90909091,IF0251-NB,IF0251-FFC,Inventory Underwriting,,,46532,,45922.68889,45922.80208,59050
IF0252,GCD4701,Rose Batacan,Malou Alfonso,PITCH AUTO TRADING,45923.54514,1000000,1000000,1000000,1000000,0,1000000,1000000,1,0,No,,,0,0,0,0,0,Yes,Open,,1000000,1000000,0,1000000,1000000,0,0,0,0,No,No,,1000000,,0,0,0,0,0,45939,45939,0,0,Open,Finsso: Open | Netbank: Pending CLA Signature,,,,0,0.02,,Sep'25,0,IF0252-NB,IF0252-FFC,Inventory Underwriting,,,46287,Soon Expiry,45923.52083,45923.54514,0
IF0253,GCD4083,Elvira Ladea,Marah Luriely A. Villaruz,BUM-AUTODEAL AUTO TRADING,45923.53333,1000000,1000000,1000000,1000000,2947050,-1947050,-1947050,1,9,Yes,Hold,Renewal 1 DPD,1000000,1000000,1012650,-12650,-12650,Yes,Hold,Maturity DPD,1000000,1000000,1934400,-934400,-934400,34,0.64765,0,0,No,No,,1000000,,0,0,0,0,12,45924,45924,0,1012650,Open,,,,,0,0.025,,Sep'25,70.125,IF0253-NB,IF0253-FFC,Inventory Underwriting,,,46553,,45923.52222,45923.53333,-12650
IF0254,GCD4051,Ricmar Magboo,Albert Dalupang,JUSTRADE USED QUALITY CAR TRADING,45929.47569,3000000,2100000,3000000,2100000,5478500,-2478500,-3378500,1,11,Yes,Open,Done Re-assessement,3000000,2100000,4453500,-1453500,-2353500,Yes,Open,Done Re-assessement,3000000,2100000,1025000,1975000,1075000,0,0,0,0,No,No,,3000000,,0,0,0,0,9,45929,45929,0,4453500,Open,,,46035.59861,,0,0.02,Faltado Family,Sep'25,71.66666667,IF0254-NB,IF0254-FFC,Regular Onboarding,,,46331,Soon Expiry,45929.47292,45929.47569,-1453500
IF0255,GCD526,Elvira Ladea,Marah Luriely A. Villaruz,FULL STOP CAR TRADING,45929.48194,3800000,2700000,3800000,2700000,860000,2940000,1840000,1,1,Yes,Hold,Maturity DPD,3800000,2700000,860000,2940000,1840000,Yes,Open,,3800000,2700000,0,3800000,2700000,0,0,0,0,No,No,,3800000,,0,0,0,0,1,45929,46098,0,860000,Open,,,,,0,0.0175,,Sep'25,115.6666667,IF0255-NB,IF0255-FFC,Regular Onboarding,,,46331,Soon Expiry,45929.44514,45929.48194,2940000
IF0256,GCD1527,Marlon Llamas,Albert Dalupang,KRAUSEVILLECARS ATCARCITY CAR TRADING,45929.62431,3000000,2100000,4500000,4500000,13754240,-9254240,-9254240,1,25,Yes,Hold,Maturity DPD,4500000,4500000,5500750,-1000750,-1000750,Yes,Hold,Maturity DPD,4500000,4500000,8253490,-3753490,-3753490,28.8775463,0.5217111111,0,0,No,No,46110,6750000,,0,0,0,0,34,45929,45929,0,5500750,Open,,,,,0,0.0175,,Sep'25,71.34373638,IF0256-NB,IF0256-FFC,Inventory Underwriting,1,1,46542,,45929.57917,45929.62431,-1000750
IF0257,GCD4712,Rose Batacan,Malou Alfonso,G.G. AUTO TRADING,45929.63333,1350000,1000000,3037500,3037500,3543000,-505500,-505500,1,4,Yes,Hold,Maturity DPD,3037500,3037500,2543000,494500,494500,Yes,Hold,Maturity DPD,3037500,3037500,1000000,2037500,2037500,13.26527778,0.329218107,0,0,No,No,46162,4556250,,0,0,0,0,4,45929,45929,0,2543000,Open,,,,,0,0.0175,,Sep'25,83.32361111,IF0257-NB,IF0257-FFC,Inventory Underwriting,,,46504,,45929.62222,45929.63333,494500
IF0258,GCD1199,Elvira Ladea,Marah Luriely A. Villaruz,AUTOMOBILICO INC,45937.74167,11400000,9700000,11400000,9700000,0,11400000,9700000,1,0,Yes,Open,,11400000,9700000,0,11400000,9700000,Yes,Open,,11400000,9700000,0,11400000,9700000,0,0,0,0,No,No,,11400000,,0,0,0,0,0,45961,45981,0,0,Open,,,,,0,0.0175,,Oct'25,0,IF0258-NB,IF0258-FFC,Regular Onboarding,,,46330,Soon Expiry,45929.78194,45937.74167,11400000
IF0259,GCD4770,Rhoyland Alagon,Marah Luriely A. Villaruz,DANCARS AUTO SHOP,45972.67639,500000,500000,500000,500000,0,500000,500000,0,0,No,,,0,0,0,0,0,Yes,Open,,500000,500000,0,500000,500000,0,0,0,0,No,No,,500000,,0,0,0,0,0,,,0,0,Open,Finsso: Open | Netbank: Pending CLA Signature,,,,0,0.0175,,Nov'25,0,IF0259-NB,IF0259-FFC,Inventory Underwriting,,,46300,Soon Expiry,45936.74861,45972.67639,0
IF0260,GCD4760,Rhoyland Alagon,Marah Luriely A. Villaruz,EDONG D GARAGE-TRUST&TEST-WHEELS AUTO SHOP,45939.49861,400000,400000,400000,400000,0,400000,400000,1,0,No,,,0,0,0,0,0,Yes,Open,,400000,400000,0,400000,400000,0,0,0,0,No,No,,400000,,0,0,0,0,0,45945,45945,0,0,Open,Finsso: Open | Netbank: Pending CLA Signature,,,,0,0.0175,,Oct'25,0,IF0260-NB,IF0260-FFC,Inventory Underwriting,,,46301,Soon Expiry,45939.47292,45939.49861,0
IF0261,GCD4779,Rhoyland Alagon,Marah Luriely A. Villaruz,ALPINE3 CAR TRADING,45938.45347,500000,500000,500000,500000,0,500000,500000,0,0,No,,,0,0,0,0,0,Yes,Open,,500000,500000,0,500000,500000,0,0,0,0,No,No,,500000,,0,0,0,0,0,,,0,0,Open,Finsso: Open | Netbank: Pending CLA Signature,,,,0,0.0175,,Oct'25,0,IF0261-NB,IF0261-FFC,Inventory Underwriting,,,46302,Soon Expiry,45938.44167,45938.45347,0
IF0262,GCD4836,Myrnalyn Bankingkito,Malou Alfonso,FMB CAR TRADING,45938.63125,1200000,1200000,1800000,1800000,2143000,-343000,-343000,1,6,No,,,0,0,0,0,0,Yes,Hold,Maturity DPD,1800000,1800000,2143000,-343000,-343000,0,0,0,0,No,No,,4050000,,0,0,0,0,0,45943,46052,0,0,Blacklisted,15 DPD,46088,,,0,0.0175,,Oct'25,0,IF0262-NB,IF0262-FFC,Inventory Underwriting,,,46384,,45938.59653,45938.63125,0
IF0263,GCD4572,Myrnalyn Bankingkito,Malou Alfonso,FASTCARS AUTO TRADING,45944.46875,400000,400000,400000,400000,0,400000,400000,1,0,No,,,0,0,0,0,0,Yes,Open,,400000,400000,0,400000,400000,0,0,0,0,No,No,,400000,,0,0,0,0,0,45950,45950,0,0,Open,Finsso: Open | Netbank: Pending CLA Signature,,,,0,0.025,Domingo Family,Oct'25,0,IF0263-NB,IF0263-FFC,Express Onboarding,,,46303,Soon Expiry,45939.75833,45944.46875,0
IF0264,GCD4143,Ricmar Magboo,Albert Dalupang,ROSMEL AUTO TRADING,45943.59097,1000000,1000000,1000000,1000000,1138000,-138000,-138000,1,5,Yes,Hold,Renewal 1 DPD,1000000,1000000,688000,312000,312000,Yes,Hold,Maturity DPD,1000000,1000000,450000,550000,550000,16,0.208,0,0,No,No,,1000000,,0,0,0,0,6,45992,45992,0,688000,Open,,,,,0,0.0175,,Oct'25,61.125,IF0264-NB,IF0264-FFC,Inventory Underwriting,,,46534,,45943.58403,45943.59097,312000
IF0265,GCD3304,Rose Batacan,Malou Alfonso,ELLA BELLA CAR TRADING,45940.73819,520000,520000,520000,520000,360500,159500,159500,1,1,Yes,Open,,520000,520000,0,520000,520000,Yes,Hold,Maturity DPD,520000,520000,360500,159500,159500,0,0,0,0,No,No,,520000,,0,0,0,0,0,45971,46041,0,0,Open,,,,,0,0.02,Domingo Family,Oct'25,0,IF0265-NB,IF0265-FFC,Inventory Underwriting,,,46553,,45940.46806,45940.73819,520000
IF0266,GCD4809,Myrnalyn Bankingkito,Malou Alfonso,AIRCONDITION TRADING WIL-AIR,45950.57222,400000,400000,400000,400000,0,400000,400000,0,0,No,,,0,0,0,0,0,Yes,Open,,400000,400000,0,400000,400000,0,0,0,0,No,No,,400000,,0,0,0,0,0,,,0,0,Open,Finsso: Open | Netbank: Pending CLA Signature,,,,0,0.0175,,Oct'25,0,IF0266-NB,IF0266-FFC,Express Onboarding,,,46304,Soon Expiry,45940.64514,45950.57222,0
IF0267,GCD4733,Rhoyland Alagon,Marah Luriely A. Villaruz,CJ FLOW OPC,45944.42639,1000000,1000000,2250000,2250000,3468369.6,-1218369.6,-1218369.6,1,10,Yes,Hold,Maturity DPD,2250000,2250000,2788641.6,-538641.6,-538641.6,Yes,Hold,Maturity DPD,2250000,2250000,679728,1570272,1570272,0,0,0,0,No,No,46107,3375000,,0,0,0,0,0,45944,45944,0,2788641.6,Open,,,,,0,0.0175,,Oct'25,0,IF0267-NB,IF0267-FFC,Inventory Underwriting,,,46610,,45943.54514,45944.42639,-538641.6
IF0268,GCD4799,Ricmar Magboo,Albert Dalupang,ANARY'S GENERAL MERCHANDISE,45944.55139,3000000,2100000,3000000,2100000,0,3000000,2100000,0,0,No,,,0,0,0,0,0,Yes,Open,,3000000,2100000,0,3000000,2100000,0,0,0,0,No,No,,3000000,,0,0,0,0,0,,,0,0,Open,Finsso: Open | Netbank: Pending CLA Signature,,,,0,0.0175,,Oct'25,0,IF0268-NB,IF0268-FFC,Inventory Underwriting,,,46307,Soon Expiry,45943.62083,45944.55139,0
IF0269,GCD4786,Rose Batacan,Malou Alfonso,HEBRIO AUTO TRADING,45944.60972,420000,420000,420000,420000,0,420000,420000,1,0,No,,,0,0,0,0,0,Yes,Open,,420000,420000,0,420000,420000,0,0,0,0,No,No,,420000,,0,0,0,0,0,45986,45986,0,0,Open,Finsso: Open | Netbank: Pending CLA Signature,,,,0,0.0175,,Oct'25,0,IF0269-NB,IF0269-FFC,Inventory Underwriting,,,46308,Soon Expiry,45944.45486,45944.60972,0
IF0270,GCD4424,Elvira Ladea,Marah Luriely A. Villaruz,DRYVE CAR TRADING,45944.78472,1600000,1100000,3000000,3000000,9252530,-6252530,-6252530,1,20,Yes,Hold,Maturity DPD,2400000,2400000,3055330,-655330,-655330,Yes,Hold,Maturity DPD,3000000,3000000,6197200,-3197200,-3197200,26.38981481,0.6279866667,0,0,No,No,Approved Temporary Increase in CL @ 3M,4500000,,0,0,0,0,27,45947,46231.74167,0,3055330,Blacklisted,Locked by Timestamp,46251.62432,,,0,0.0175,,Oct'25,65.01412037,IF0270-NB,IF0270-FFC,Inventory Underwriting,2,2,46521,,45944.75625,45944.78472,-655330
IF0271,GCD4777,Rose Batacan,Malou Alfonso,K AND K QUALICARS CAR TRADING,45950.51319,400000,400000,400000,400000,0,400000,400000,0,0,No,,,0,0,0,0,0,Yes,Open,,400000,400000,0,400000,400000,0,0,0,0,No,No,,400000,,0,0,0,0,0,,,0,0,Open,Finsso: Open | Netbank: Pending CLA Signature,,,,0,0.0175,,Oct'25,0,IF0271-NB,IF0271-FFC,Express Onboarding,,,46310,Soon Expiry,45946.40139,45950.51319,0
IF0272,GCD1678,Rose Batacan,Malou Alfonso,VY-KMY CAR TRADING,45946.73611,700000,700000,700000,700000,0,700000,700000,1,0,No,,,0,0,0,0,0,Yes,Open,,700000,700000,0,700000,700000,0,0,0,0,No,No,,700000,,0,0,0,0,0,45952,45995,0,0,Open,Finsso: Open | Netbank: Pending CL,,,,0,0.0175,,Oct'25,0,,IF0272-FFC,Regular Onboarding,,,46310,Soon Expiry,45946.40278,45946.73611,0
IF0273,GCD1873,Rhoyland Alagon,Marah Luriely A. Villaruz,RJB AUTO MART,45946.53611,1800000,1300000,1800000,1300000,1142000,658000,158000,1,3,Yes,Hold,Maturity DPD,1800000,1300000,1142000,658000,158000,Yes,Open,,1800000,1300000,0,1800000,1300000,26.36111111,0.4707692308,0,0,No,No,,1800000,,0,0,0,0,3,45958,46217.63889,0,1142000,Open,,,,,0,0.0175,,Oct'25,70.09027778,IF0273-NB,IF0273-FFC,Inventory Underwriting,,,46331,Soon Expiry,45946.40764,45946.53611,658000
IF0274,GCD4650,Rhoyland Alagon,Marah Luriely A. Villaruz,BONG T AUTO SHOP,45946.68194,400000,400000,400000,400000,0,400000,400000,0,0,No,,,0,0,0,0,0,Yes,Open,,400000,400000,0,400000,400000,0,0,0,0,No,No,,400000,,0,0,0,0,0,,,0,0,Open,Finsso: Open | Netbank: Pending CLA Signature,,,,0,0.0175,,Oct'25,0,IF0274-NB,IF0274-FFC,Express Onboarding,,,46310,Soon Expiry,45946.56875,45946.68194,0
IF0275,GCD4228,Elvira Ladea,Marah Luriely A. Villaruz,JOM CAR TRADING,45947.40903,1000000,1000000,1000000,1000000,902000,98000,98000,1,3,No,,,0,0,0,0,0,Yes,Hold,Maturity DPD,1000000,1000000,902000,98000,98000,0,0,0,0,No,No,,1000000,,0,0,0,0,0,45947,46044,0,0,Blacklisted,15 DPD,46097,,,0,0.025,Marzan Family,Oct'25,0,,IF0275-FFC,Inventory Underwriting,,,46311,Soon Expiry,45947.39097,45947.40903,0
IF0276,GCD2639,Marlon Llamas,Albert Dalupang,R.A.S. CONVENIENCE STORE,45947.60625,2600000,1820000,3900000,3900000,9682000,-5782000,-5782000,1,10,Yes,Hold,Renewal 1 DPD,2600000,2600000,2955000,-355000,-355000,Yes,Hold,Maturity DPD,3900000,3900000,6727000,-2827000,-2827000,33.27396614,0.8938461538,0,0,No,No,46110,5850000,,0,0,0,0,11,45950,46225.60694,0,2955000,Open,,,,,0,0.0175,,Oct'25,81.70243316,IF0276-NB,IF0276-FFC,Inventory Underwriting,,,46553,,45947.43958,45947.60625,-355000
IF0277,GCD1619,Marlon Llamas,Albert Dalupang,MELODYCARS CAR TRADING,45947.71042,2000000,1400000,2000000,2000000,10092000,-8092000,-8092000,1,16,Yes,Hold,Renewal 1 DPD,2000000,2000000,2877000,-877000,-877000,Yes,Hold,Maturity DPD,2000000,2000000,7215000,-5215000,-5215000,21.9985119,0.8435,0,0,No,No,46039,3000000,,0,0,0,0,17,45950,45950,0,2877000,Open,,,,,0,0.0175,,Oct'25,73.14248512,IF0277-NB,IF0277-FFC,Inventory Underwriting,,,46545,,45947.425,45947.71042,-877000
IF0278,GCD4690,Elvira Ladea,Marah Luriely A. Villaruz,RJDG CUSTOMIZER AUTO SHOP,45947.46111,670000,670000,670000,670000,1757400,-1087400,-1087400,1,7,Yes,Hold,Maturity DPD,670000,670000,882400,-212400,-212400,Yes,Hold,Maturity DPD,670000,670000,875000,-205000,-205000,27,0.2611940299,0,0,No,No,,670000,,0,0,0,0,7,45958,45958,0,882400,Open,,,,,0,0.0175,,Oct'25,47.75,IF0278-NB,IF0278-FFC,Inventory Underwriting,,,46534,,45947.42639,45947.46111,-212400
IF0279,GCD4804,Rhoyland Alagon,Marah Luriely A. Villaruz,BHANONG CAR REPAIR SHOP,45947.80139,600000,600000,600000,600000,0,600000,600000,0,0,No,,,0,0,0,0,0,Yes,Open,,600000,600000,0,600000,600000,0,0,0,0,No,No,,600000,,0,0,0,0,0,,,0,0,Open,Finsso: Open | Netbank: Pending CLA Signature,,,,0,0.0175,,Oct'25,0,IF0279-NB,IF0279-FFC,Inventory Underwriting,,,46311,Soon Expiry,45947.76944,45947.80139,0
IF0280,GCD1961,Myrnalyn Bankingkito,Malou Alfonso,OTOMAGIC AUTO SHOP,45951.52569,400000,400000,400000,400000,0,400000,400000,0,0,No,,,0,0,0,0,0,Yes,Open,,400000,400000,0,400000,400000,0,0,0,0,No,No,,400000,,0,0,0,0,0,,,0,0,Open,Finsso: Open | Netbank: Pending CLA Signature,,,,0,0.0175,,Oct'25,0,IF0280-NB,IF0280-FFC,Express Onboarding,,,46315,Soon Expiry,45951.41389,45951.52569,0
IF0281,GCD4810,Rose Batacan,Malou Alfonso,CARCASTLE AUTO TRADING,45951.93819,400000,400000,400000,400000,1200000,-800000,-800000,1,4,Yes,Hold,Renewal 1 DPD,400000,400000,800000,-400000,-400000,Yes,Hold,Maturity DPD,400000,400000,400000,0,0,12.42847222,1,0,0,No,No,,400000,,0,0,0,0,1,46071,46071,0,800000,Open,,,,,0,0.0175,,Oct'25,12.42847222,IF0281-NB,IF0281-FFC,Express Onboarding,,,46553,,45951.76944,45951.93819,-400000
IF0282,GCD1700,Myrnalyn Bankingkito,Malou Alfonso,FA AUTO TRADING,45980.69167,1600000,1100000,1600000,1100000,0,1600000,1100000,0,0,No,,,0,0,0,0,0,Yes,Open,,1600000,1100000,0,1600000,1100000,0,0,0,0,No,No,,1600000,,0,0,0,0,0,,,0,0,Open,Finsso: Open | Netbank: Pending CLA Signature,,,,0,0.0175,,Nov'25,0,IF0282-NB,IF0282-FFC,Inventory Underwriting,,,46316,Soon Expiry,45952.42708,45980.69167,0
IF0283,GCD2548,Rexcell Juegos,Albert Dalupang,CRISJANE CAR TRADING,,400000,400000,0,0,0,0,0,0,0,No,,,0,0,0,0,0,No,,,0,0,0,0,0,0,0,,0,No,No,46044,600000,,0,0,0,0,0,,,0,0,Hold,Pending CLA Signature,,,,,0.0175,,,0,IF0283-NB,IF0283-FFC,Express Onboarding,,,,,45952,,0
IF0284,GCD4566,Rose Batacan,Malou Alfonso,PAWNAGE CAR TRADING,45953.78472,510000,510000,510000,510000,0,510000,510000,1,1,No,,,0,0,0,0,0,Yes,Open,,510000,510000,0,510000,510000,0,0,0,0,No,No,,510000,,0,0,0,0,0,45958,45958,0,0,Open,Finsso: Open | Netbank: Pending CLA Signature,,,,0,0.02,,Oct'25,0,IF0284-NB,IF0284-FFC,Inventory Underwriting,,,46316,Soon Expiry,45952.80764,45953.78472,0
IF0285,GCD4803,Rhoyland Alagon,Marah Luriely A. Villaruz,RB AUTO BODY REPAIR SERVICE,45954.54583,400000,400000,400000,400000,761200,-361200,-361200,1,2,Yes,Hold,Renewal 1 DPD,400000,400000,381200,18800,18800,Yes,Hold,Maturity DPD,400000,400000,380000,20000,20000,0,0,0,0,No,No,,400000,,0,0,0,0,5,46164,46164,0,381200,Open,,,,,0,0.0175,,Oct'25,55.8,IF0285-NB,IF0285-FFC,Express Onboarding,,,46534,,45954.42569,45954.54583,18800
IF0286,GCD4723,Myrnalyn Bankingkito,Malou Alfonso,RLP TRADING INC,45954.64375,15000000,10000000,15000000,10000000,19556000,-4556000,-9556000,1,7,No,,,0,0,0,0,0,Yes,Hold,Maturity DPD,15000000,10000000,19556000,-4556000,-9556000,0,0.5486,0,0,No,No,,15000000,,2,0,0,2,5,45957,46226.76528,0,0,Hold,Multiple Failure Audits,,,,0,0.0175,,Oct'25,90.66666667,IF0286-NB,IF0286-FFC,Regular Onboarding,,,46590,,45954.58125,45954.64375,0
IF0287,GCD4959,Myrnalyn Bankingkito,Malou Alfonso,BOSS CAR TRADING,45954.67708,700000,700000,1050000,1050000,1050000,0,0,1,3,No,,,0,0,0,0,0,Yes,Hold,Maturity DPD,1050000,1050000,1050000,0,0,0,0,0,0,No,No,46110,1575000,,0,0,0,0,0,45961,46069,0,0,Blacklisted,15 DPD,46088,,,0,0.0175,,Oct'25,0,,IF0287-FFC,Inventory Underwriting,,,46384,,45954.67014,45954.67708,0
IF0288,GCD1701,Rose Batacan,Malou Alfonso,PWESTO VEHICULO AUTO TRADING,45968.76111,1600000,1120000,1600000,1120000,0,1600000,1120000,0,0,No,,,0,0,0,0,0,Yes,Open,,1600000,1120000,0,1600000,1120000,0,0,0,0,No,No,,1600000,,0,0,0,0,0,,,0,0,Open,Finsso: Open | Netbank: Pending CLA Signature,,,,0,0.0175,,Nov'25,0,IF0288-NB,IF0288-FFC,Inventory Underwriting,,,46318,Soon Expiry,45954.69653,45968.76111,0
IF0289,GCD2746,Zhesa Resurrecion,Albert Dalupang,LMK-KJM TRADING,45956.74167,2150000,1500000,2150000,1500000,217000,1933000,1283000,1,1,No,,,0,0,0,0,0,Yes,Hold,Maturity DPD,2150000,1500000,217000,1933000,1283000,0,0,0,0,No,No,,2150000,,0,0,0,0,0,46029,46029,0,0,Open,Finsso: Open | Netbank: Pending CLA Signature,,,,0,0.0175,,Oct'25,0,IF0289-NB,IF0289-FFC,Inventory Underwriting,,,46318,Soon Expiry,45954.79583,45956.74167,0
IF0290,GCD4818,Elvira Ladea,Marah Luriely A. Villaruz,BPG CAR TRADING,45957.50069,600000,600000,600000,600000,1000000,-400000,-400000,1,2,No,,,0,0,0,0,0,Yes,Hold,Maturity DPD,600000,600000,1000000,-400000,-400000,0,0,0,0,No,No,,600000,,0,0,0,0,1,46014,46108,0,0,Open,Finsso: Open | Netbank: Pending CLA Signature,,,,0,0.0175,,Oct'25,105.6666667,IF0290-NB,IF0290-FFC,Inventory Underwriting,,,46321,Soon Expiry,45957.43542,45957.50069,0
IF0291,GCD4802,Zhesa Resurrecion,Albert Dalupang,FOUR BOYS CAR TRADING,45958.49583,1000000,1000000,1000000,1000000,2294000,-1294000,-1294000,1,6,No,,,0,0,550000,-550000,-550000,Yes,Hold,Maturity DPD,1000000,1000000,1744000,-744000,-744000,0,0,0,0,No,No,,1000000,,0,0,0,0,5,45959,45959,0,550000,Open,Finsso: Open | Netbank: Pending CLA Signature,,,,0,0.025,,Oct'25,62.16666667,IF0291-NB,IF0291-FFC,Inventory Underwriting,,,46322,Soon Expiry,45958.48403,45958.49583,-550000
IF0292,GCD4616,Rose Batacan,Malou Alfonso,NVM CAR TRADING,,400000,400000,0,0,0,0,0,0,0,No,,,0,0,0,0,0,No,,,0,0,0,0,0,0,0,,0,No,No,46051,600000,,0,0,0,0,0,,,0,0,Hold,Pending CLA Signature,,,,,0.0175,,,0,IF0292-NB,IF0292-FFC,Express Onboarding,,,,,45959,,0
IF0293,GCD4826,Rose Batacan,Malou Alfonso,CHRIS AUTO TRADING,45960.43611,400000,400000,600000,600000,1006500,-406500,-406500,1,3,No,,,0,0,0,0,0,Yes,Hold,Maturity DPD,600000,600000,1006500,-406500,-406500,0,0,0,0,No,No,46110,900000,,0,0,0,0,2,45960,46125,0,0,Blacklisted,15 DPD,46216,,,0,0.02,,Oct'25,88.33333333,,IF0293-FFC,Express Onboarding,,,46384,,45960.40208,45960.43611,0
IF0294,GCD4809,Rhoyland Alagon,Marah Luriely A. Villaruz,WILLY'S CAR/AIRCON AUTO ELECTRICAL SHOP,45967.43472,700000,700000,700000,700000,0,700000,700000,0,0,No,,,0,0,0,0,0,Yes,Open,,700000,700000,0,700000,700000,0,0,0,0,No,No,,700000,,0,0,0,0,0,,,0,0,Open,Finsso: Open | Netbank: Pending CLA Signature,,,,0,0.0275,,Nov'25,0,IF0294-NB,IF0294-FFC,Inventory Underwriting,,,46324,Soon Expiry,45960.41042,45967.43472,0
IF0295,GCD4806,Zhesa Resurrecion,Albert Dalupang,POPOY'S AUTO SHOP,45960.66875,1200000,1000000,1200000,1000000,2040000,-840000,-1040000,1,4,Yes,Hold,Renewal 1 DPD,1200000,1000000,705000,495000,295000,Yes,Hold,Maturity DPD,1200000,1000000,1335000,-135000,-335000,0,0,0,0,No,No,,1200000,,0,0,0,0,3,45960,45960,0,705000,Open,,,,,0,0.0175,,Oct'25,63.66666667,IF0295-NB,IF0295-FFC,Inventory Underwriting,,,46534,,45960.48403,45960.66875,495000
IF0296,GCD4960,Marlon Llamas,Albert Dalupang,DIONY CAR TRADING,45960.74306,1800000,1300000,2000000,2000000,4703250,-2703250,-2703250,1,13,Yes,Hold,Maturity DPD,2000000,2000000,3519250,-1519250,-1519250,Yes,Hold,Maturity DPD,2000000,2000000,1184000,816000,816000,25.67373466,0.4235,0,0,No,No,46354,3000000,,0,0,0,0,14,46077,46077,0,3519250,Open,Reassessed - 07/09/2026 | Finsso: Open | Netbank: Open,,46212,,0,0.0175,,Oct'25,58.33568933,IF0296-NB,IF0296-FFC,Regular Onboarding,1,0,46626,,45960.71528,45960.74306,-1519250
IF0297,GCD4822,Ricmar Magboo,Albert Dalupang,ERIC C A R DISPLAY AUTO TRADING,45975.50208,870000,870000,870000,870000,0,870000,870000,0,0,No,,,0,0,0,0,0,Yes,Open,,870000,870000,0,870000,870000,0,0,0,0,No,No,,870000,,0,0,0,0,0,,,0,0,Open,Finsso: Open | Netbank: Pending CLA Signature,,,,0,0.0175,,Nov'25,0,IF0297-NB,IF0297-FFC,Inventory Underwriting,,,46332,Soon Expiry,45974.47708,45975.50208,0
IF0298,GCD1035,Elvira Ladea,Marah Luriely A. Villaruz,D.R.C. AUTOS AUTO TRADING,45968,3000000,2100000,3000000,2100000,0,3000000,2100000,1,0,No,,,0,0,0,0,0,Yes,Open,Multiple DPD / HIstory of Repossession,3000000,2100000,0,3000000,2100000,0,0,0,0,No,No,,3000000,,0,0,0,0,0,45974,45974,0,0,Open,Finsso: Open | Netbank: Pending CL,,,,0,0.0175,,Nov'25,0,IF0298-NB,IF0298-FFC,Inventory Underwriting,,,46332,Soon Expiry,45968.47847,45968,0
IF0299,GCD4801,Myrnalyn Bankingkito,Malou Alfonso,AMJ AUTOMOTIVE CARE SERVICES,45968.72778,400000,400000,400000,400000,0,400000,400000,1,0,No,,,0,0,0,0,0,Yes,Open,,400000,400000,0,400000,400000,0,0,0,0,No,No,,400000,,0,0,0,0,0,45974,45974,0,0,Open,Finsso: Open | Netbank: Pending CL,,,,0,0.0175,,Nov'25,0,IF0299-NB,IF0299-FFC,Express Onboarding,,,46332,Soon Expiry,45968.51111,45968.72778,0
IF0300,GCD4322,Marlon Llamas,Albert Dalupang,WHEELS AND DEALS CAR TRADING,45974.45556,1680000,1180000,1680000,1180000,1374110.4,305889.6,-194110.4,1,4,Yes,Hold,Renewal 1 DPD,1680000,1180000,1374110.4,305889.6,-194110.4,Yes,Open,,1680000,1180000,0,1680000,1180000,16.14322917,1.164500339,0,0,No,No,,1680000,,0,0,0,0,4,46225.59375,46225.59375,0,1374110.4,Open,,,,,0,0.0175,,Nov'25,16.14322917,IF0300-NB,IF0300-FFC,Inventory Underwriting,,,46554,,45971.52083,45974.45556,305889.6
IF0301,GCD4604,Elvira Ladea,Marah Luriely A. Villaruz,R.J USEDCAR AND ARMORING CAR AGENT SERVICES,45971.56181,500000,500000,500000,500000,500000,0,0,1,2,Yes,Hold,Maturity DPD,500000,500000,500000,0,0,Yes,Open,,500000,500000,0,500000,500000,0,0,0,0,No,No,,500000,,0,0,0,0,0,45974,46063,0,500000,Open,,,,,0,0.0175,,Nov'25,0,IF0301-NB,IF0301-FFC,Inventory Underwriting,,,46349,Soon Expiry,45944.53125,45971.56181,0
IF0302,GCD4710,Myrnalyn Bankingkito,Malou Alfonso,RODCARS AUTO TRADING,45972.69861,400000,400000,400000,400000,200000,200000,200000,1,1,Yes,Open,15 DPD,400000,400000,0,400000,400000,Yes,Hold,15 DPD,400000,400000,200000,200000,200000,0,0,0,0,No,No,,400000,,0,0,0,0,0,45986,46007,0,0,Blacklisted,15 DPD,46076,,,0,0.03,,Nov'25,0,IF0302-NB,IF0302-FFC,Express Onboarding,,,46371,,45972.69236,45972.69861,400000
IF0303,GCD4790,Rose Batacan,Malou Alfonso,EM-PIRE AUTO TRADING,45974.65069,1000000,1000000,1000000,1000000,0,1000000,1000000,0,0,No,,,0,0,0,0,0,Yes,Open,,1000000,1000000,0,1000000,1000000,0,0,0,0,No,No,,1000000,,0,0,0,0,0,,,0,0,Open,Finsso: Open | Netbank: Pending CLA Signature,,,,0,0.0175,,Nov'25,0,IF0303-NB,IF0303-FFC,Inventory Underwriting,,,46338,Soon Expiry,45974.64583,45974.65069,0
IF0304,GCD4835,Zhesa Resurrecion,Albert Dalupang,AUTOBERNZ CAR SERVICES,45986.66667,1600000,1100000,1600000,1100000,0,1600000,1100000,0,0,No,,,0,0,0,0,0,Yes,Open,,1600000,1100000,0,1600000,1100000,0,0,0,0,No,No,,1600000,,0,0,0,0,0,,,0,0,Open,Finsso: Open | Netbank: Pending CLA Signature,,,,0,0.0225,,Nov'25,0,IF0304-NB,IF0304-FFC,Inventory Underwriting,,,46339,Soon Expiry,45980.43194,45986.66667,0
IF0305,GCD4852,Myrnalyn Bankingkito,Malou Alfonso,RTR AUTO TRADING,45979.39097,400000,400000,400000,400000,418000,-18000,-18000,1,2,Yes,Hold,Maturity DPD,400000,400000,418000,-18000,-18000,Yes,Open,,400000,400000,0,400000,400000,0,0,0,0,No,No,,400000,,0,0,0,0,0,46007,46037,0,418000,Blacklisted,15 DPD,46097,,,0,0.0175,,Nov'25,0,IF0305-NB,IF0305-FFC,Express Onboarding,,,46371,,45978.64792,45979.39097,-18000
IF0306,GCD4877,Zhesa Resurrecion,Albert Dalupang,MAPZ CAR TRADING,45978.75139,800000,800000,1200000,1200000,4200200,-3000200,-3000200,1,8,Yes,Hold,Maturity DPD,800000,800000,2714200,-1914200,-1914200,Yes,Hold,Maturity DPD,1200000,1200000,1486000,-286000,-286000,19.39236111,0.6666666667,0,0,No,No,46176,1800000,,0,0,0,0,8,45986,45986,0,2714200,Open,,,,,0,0.0175,,Nov'25,85.98462302,IF0306-NB,IF0306-FFC,Inventory Underwriting,,,46448,,45978.64792,45978.75139,-1914200
IF0307,GCD4857,Rose Batacan,Malou Alfonso,BOKNEE AUTO TRADING,45979.75417,1300000,1000000,1300000,1000000,0,1300000,1000000,0,0,No,,,0,0,0,0,0,Yes,Open,,1300000,1000000,0,1300000,1000000,0,0,0,0,No,No,,1300000,,0,0,0,0,0,,,0,0,Open,Finsso: Open | Netbank: Pending CLA Signature,,,,0,0.0175,,Nov'25,0,IF0307-NB,IF0307-FFC,Inventory Underwriting,,,46342,Soon Expiry,45978.67917,45979.75417,0
IF0308,GCD3316,Zhesa Resurrecion,Albert Dalupang,T3 AUTO TRADING,45979.55625,1300000,1000000,1300000,1000000,1444907,-144907,-444907,1,5,Yes,Hold,Maturity DPD,1300000,1000000,1444907,-144907,-444907,Yes,Open,,1300000,1000000,0,1300000,1000000,0,0,0,0,No,No,,1300000,,0,0,0,0,2,45982,46106,0,1444907,Blacklisted,15 DPD,46190,,,0,0.0175,,Nov'25,110.6666667,IF0308-NB,IF0308-FFC,Inventory Underwriting,,,46352,Soon Expiry,45979.53958,45979.55625,-144907
IF0309,GCD4870,Rose Batacan,Malou Alfonso,4BROTHERSAUTOSALES CAR TRADING,45980.83542,1300000,1000000,1300000,1000000,1031000,269000,-31000,1,3,Yes,Hold,Maturity DPD,1300000,1000000,1031000,269000,-31000,Yes,Open,,1300000,1000000,0,1300000,1000000,0,0,0,0,No,No,,1300000,,0,0,0,0,4,46062,46177,0,1031000,Blacklisted,Manual,46237,,,0,0.0175,Sta. Ana Family,Nov'25,75.16666667,IF0309-NB,IF0309-FFC,Inventory Underwriting,,,46359,Soon Expiry,45981.78056,45980.83542,269000
IF0310,GCD3277,Myrnalyn Bankingkito,Malou Alfonso,WARDS CAR TRADING,45988.4875,400000,400000,400000,400000,0,400000,400000,0,0,No,,,0,0,0,0,0,Yes,Open,,400000,400000,0,400000,400000,0,0,0,0,No,No,,400000,,0,0,0,0,0,,,0,0,Open,Finsso: Open | Netbank: Pending CLA Signature,,,,0,0.0175,,Nov'25,0,IF0310-NB,IF0310-FFC,Express Onboarding,,,46346,Soon Expiry,45988.45,45988.4875,0
IF0311,GCD2031,Rhoyland Alagon,Marah Luriely A. Villaruz,JV AUTOCARS CAR TRADING,45982.64722,1000000,1000000,1000000,1000000,0,1000000,1000000,0,0,No,,,0,0,0,0,0,Yes,Open,,1000000,1000000,0,1000000,1000000,0,0,0,0,No,No,,1000000,,0,0,0,0,0,,,0,0,Open,Finsso: Open | Netbank: Pending CLA Signature,,,,0,0.0175,,Nov'25,0,IF0311-NB,IF0311-FFC,Inventory Underwriting,,,46346,Soon Expiry,45982.58333,45982.64722,0
IF0312,GCD4865,Marlon Llamas,Albert Dalupang,JTRS AUTO TRADING,45985.83194,1900000,1300000,1900000,1300000,2953000,-1053000,-1653000,1,11,Yes,Hold,Renewal 1 DPD,1900000,1300000,1653000,247000,-353000,Yes,Hold,Maturity DPD,1900000,1300000,1300000,600000,0,29.25027778,1,0,0,No,No,,1900000,,0,0,0,0,10,45986,45986,0,1653000,Open,,,,,0,0.02,Retes Family,Nov'25,88.91256944,IF0312-NB,IF0312-FFC,Inventory Underwriting,,,46554,,45985.83056,45985.83194,247000
IF0313,GCD4899,Ricmar Magboo,Albert Dalupang,MG'S/CCTV/ & /INTERNET/INFORMATION SERVICES,45986.47361,800000,800000,800000,800000,0,800000,800000,0,0,No,,,0,0,0,0,0,Yes,Open,,800000,800000,0,800000,800000,0,0,0,0,No,No,,800000,,0,0,0,0,0,,,0,0,Open,Finsso: Open | Netbank: Pending CL,,,,0,0.0175,,Nov'25,0,IF0313-NB,IF0313-FFC,Inventory Underwriting,,,46349,Soon Expiry,45985.875,45986.47361,0
IF0314,GCD4853,Elvira Ladea,Marah Luriely A. Villaruz,J'WERKS CAR WASH,45988.33472,400000,400000,400000,400000,0,400000,400000,0,0,No,,,0,0,0,0,0,Yes,Open,,400000,400000,0,400000,400000,0,0,0,0,No,No,,400000,,0,0,0,0,0,,,0,0,Open,Finsso: Open | Netbank: Pending CLA Signature,,,,0,0.0175,J'WEKS- JJM Family,Nov'25,0,IF0314-NB,IF0314-FFC,Express Onboarding,,,46349,Soon Expiry,45986.41736,45988.33472,0
IF0315,GCD4874,Candyce Aguete,Malou Alfonso,MNM CAR TRADING,45988.58333,1300000,1000000,1300000,1000000,1000000,300000,0,1,2,No,,,0,0,0,0,0,Yes,Hold,Maturity DPD,1300000,1000000,1000000,300000,0,0,0,0,0,No,No,,1300000,,0,0,0,0,0,45986,46076,0,0,Blacklisted,Locked by Timestamp,46190.65122,,,0,0.0175,Fabia Family,Nov'25,0,IF0315-NB,IF0315-FFC,Inventory Underwriting,,,46350,Soon Expiry,45988.47153,45988.58333,0
IF0316,GCD4839,Rhoyland Alagon,Marah Luriely A. Villaruz,AUTOLEX FINANCIAL CONSULTANCY SERVICES,45986.83333,500000,500000,500000,500000,0,500000,500000,0,0,Yes,Open,,500000,500000,0,500000,500000,Yes,Open,,500000,500000,0,500000,500000,0,0,0,0,No,No,,500000,,0,0,0,0,0,,,0,0,Open,,,,,0,0.0175,,Nov'25,0,IF0316-NB,IF0316-FFC,Inventory Underwriting,,,46352,Soon Expiry,45986.8125,45986.83333,500000
IF0317,GCD4889,Elvira Ladea,Marah Luriely A. Villaruz,ZSM LOGISTICS SERVICES,45987.55347,400000,400000,400000,400000,340000,60000,60000,1,1,No,,,0,0,0,0,0,Yes,Hold,15 DPD,400000,400000,340000,60000,60000,0,0,0,0,No,No,,400000,,0,0,0,0,0,45989,45989,0,0,Blacklisted,15 DPD,46048,,,0,0.0175,ZSM-RENZ Family,Nov'25,0,IF0317-NB,IF0317-FFC,Express Onboarding,,,46351,Soon Expiry,45987.51181,45987.55347,0
IF0318,GCD1210,Rose Batacan,Malou Alfonso,ITEQ AUTO CENTRUM,45989.59375,2700000,1900000,2700000,1900000,0,2700000,1900000,0,0,No,,,0,0,0,0,0,Yes,Open,,2700000,1900000,0,2700000,1900000,0,0,0,0,No,No,,2700000,,0,0,0,0,0,,,0,0,Open,Finsso: Open | Netbank: Pending CLA Signature,,,,0,0.0175,,Nov'25,0,IF0318-NB,IF0318-FFC,Inventory Underwriting,,,46352,Soon Expiry,45989.59167,45989.59375,0
IF0319,,Ricmar Magboo,Albert Dalupang,JHAYS CAR TRADING,45991.42014,800000,800000,800000,800000,0,800000,800000,0,0,No,,,0,0,0,0,0,Yes,Open,,800000,800000,0,800000,800000,0,0,0,0,No,No,,800000,,0,0,0,0,0,,,0,0,Open,Finsso: Open | Netbank: Pending CLA Signature,,,,0,0.02,,Nov'25,0,IF0319-NB,IF0319-FFC,Regular Onboarding,,,46353,Soon Expiry,45989.62222,45991.42014,0
IF0320,GCD4504,Myrnalyn Bankingkito,Malou Alfonso,AUTO-IN AUTO TRADING,45989.62847,1000000,1000000,1000000,1000000,1088000,-88000,-88000,1,2,No,,,0,0,0,0,0,Yes,Hold,Maturity DPD,1000000,1000000,1088000,-88000,-88000,0,0,0,0,No,No,,1000000,,0,0,0,0,2,46028,46119,0,0,Blacklisted,Locked by Timestamp,46224.04093,,,0,0.0175,,Nov'25,94.66666667,IF0320-NB,IF0320-FFC,Inventory Underwriting,,,46353,Soon Expiry,45989.625,45989.62847,0
IF0321,GCD4888,Myrnalyn Bankingkito,Malou Alfonso,AUTONEH CAR TRADING,45992.51667,800000,800000,800000,800000,578000,222000,222000,1,2,Yes,Hold,Renewal 1 DPD,800000,800000,378000,422000,422000,Yes,Hold,Maturity DPD,800000,800000,200000,600000,600000,23.33125,0.4725,0,0,No,No,,800000,,0,0,0,0,1,46007,46220.66875,0,378000,Open,,,,,0,0.02,,Dec'25,23.33125,IF0321-NB,IF0321-FFC,Inventory Underwriting,,,46584,,45992.39792,45992.51667,422000
IF0322,GCD4316,Zhesa Resurrecion,Albert Dalupang,BUENAFE TRADING,46034.80139,1200000,1000000,1200000,1000000,523000,677000,477000,1,1,No,,,0,0,0,0,0,Yes,Hold,Maturity DPD,1200000,1000000,523000,677000,477000,0,0,0,0,No,No,,1200000,,0,0,0,0,0,46041,46041,0,0,Open,Finsso: Open | Netbank: Pending CLA Signature,,,,0,0.02,,Jan'26,0,IF0322-NB,IF0322-FFC,Inventory Underwriting,,,46356,Soon Expiry,45992.45764,46034.80139,0
IF0323,GCD2049,Myrnalyn Bankingkito,Malou Alfonso,DM CAR SHOP,46000.68125,3000000,2100000,3000000,2100000,1000000,2000000,1100000,1,1,No,,,0,0,0,0,0,Yes,Hold,Maturity DPD,3000000,2100000,1000000,2000000,1100000,0,0,0,0,No,No,,3000000,,0,0,0,0,0,46001,46031,0,0,Open,Finsso: Open | Netbank: Pending CLA Signature,,,,0,0.0175,,Dec'25,0,IF0323-NB,IF0323-FFC,Inventory Underwriting,,,46356,Soon Expiry,45992.69375,46000.68125,0
IF0324,GCD4890,Elvira Ladea,Marah Luriely A. Villaruz,IJ CAR AGENT SERVICES,45995.77708,400000,400000,400000,400000,302000,98000,98000,1,1,No,,,0,0,0,0,0,Yes,Hold,15 DPD,400000,400000,302000,98000,98000,0,0,0,0,No,No,,400000,,0,0,0,0,0,46014,46014,0,0,Blacklisted,15 DPD,46104,,,0,0.025,ZSM-RENZ Family,Dec'25,0,IF0324-NB,IF0324-FFC,Express Onboarding,,,46359,Soon Expiry,45995.72569,45995.77708,0
IF0325,GCD4871,Rose Batacan,Malou Alfonso,FRANK&CHEVY CAR TRADING,46000.46181,400000,400000,400000,400000,510000,-110000,-110000,1,2,Yes,Hold,Renewal 1 DPD,400000,400000,510000,-110000,-110000,Yes,Open,,400000,400000,0,400000,400000,19,1.275,0,0,No,No,,400000,,0,0,0,0,2,46210,46210,0,510000,Open,,,,,0,0.025,,Dec'25,19,IF0325-NB,IF0325-FFC,Express Onboarding,,,46538,,46000.45417,46000.46181,-110000
IF0326,GCD4841,Elvira Ladea,Marah Luriely A. Villaruz,UTOLCARTRADING NON-SPECIALIZED WHOLESALE TRADING,46000.52014,2200000,1500000,2200000,2200000,826000,1374000,1374000,1,1,No,,,0,0,0,0,0,Yes,Hold,Maturity DPD,2200000,2200000,826000,1374000,1374000,0,0,0,0,No,No,46252,3300000,,0,0,0,0,0,46001,46031,0,0,Open,Finsso: Open | Netbank: Pending CLA Signature,,,,0,0.0175,,Dec'25,0,IF0326-NB,IF0326-FFC,Regular Onboarding,,,46448,,46000.48333,46000.52014,0
IF0327,GCD4893,Rhoyland Alagon,Marah Luriely A. Villaruz,STRENGTHPROJECT SPORTS CONSULTANCY,46000.68958,2000000,1500000,2000000,1500000,907000,1093000,593000,1,3,Yes,Hold,Maturity DPD,2000000,1500000,560000,1440000,940000,Yes,Hold,Maturity DPD,2000000,1500000,347000,1653000,1153000,0,0,0,0,No,No,,2000000,,0,0,0,0,3,46045,46177,0,560000,Hold,w/ Due Repayments - >= 5DPD,,,,0,0.0225,,Dec'25,36.66666667,IF0327-NB,IF0327-FFC,Inventory Underwriting,,,46538,,46000.48056,46000.68958,1440000
IF0328,GCD4524,Rhoyland Alagon,Marah Luriely A. Villaruz,I.V CAR TRADING,46002.50972,1500000,1100000,1500000,1100000,2740000,-1240000,-1640000,1,3,Yes,Hold,Renewal 1 DPD,1500000,1100000,1000000,500000,100000,Yes,Hold,Maturity DPD,1500000,1100000,1740000,-240000,-640000,40,0.9090909091,0,0,No,No,,1500000,,0,0,0,0,3,46073,46189,0,1000000,Open,,,,,0,0.0175,,Dec'25,77.4,IF0328-NB,IF0328-FFC,Inventory Underwriting,,,46524,,46002.49306,46002.50972,500000
IF0329,,Zhesa Resurrecion,Albert Dalupang,MAZCOR AUTO TRADING,46003.68125,500000,500000,500000,500000,0,500000,500000,0,0,No,,,0,0,0,0,0,Yes,Open,,500000,500000,0,500000,500000,0,0,0,0,No,No,,500000,,0,0,0,0,0,,,0,0,Open,Finsso: Open | Netbank: Pending CLA Signature,,,,0,0.0175,,Dec'25,0,IF0329-NB,IF0329-FFC,Inventory Underwriting,,,46366,,46002.64306,46003.68125,0
IF0330,GCD4919,Myrnalyn Bankingkito,Malou Alfonso,29MMCARHUB MANILA CAR PAINT SERVICES,46002.78611,1300000,1000000,1300000,1000000,1732400,-432400,-732400,1,9,No,,,0,0,0,0,0,Yes,Hold,Maturity DPD,1300000,1000000,1732400,-432400,-732400,0,0,0,0,No,No,,1300000,,0,0,0,0,3,46006,46118,0,0,Blacklisted,15 DPD,46137,,,0,0.025,,Dec'25,106.8888889,IF0330-NB,IF0330-FFC,Inventory Underwriting,,,46366,,46002.77431,46002.78611,0
IF0331,GCD4907,Myrnalyn Bankingkito,Malou Alfonso,GIBO CAR TRADING,46003.64375,700000,700000,700000,700000,1400000,-700000,-700000,1,6,No,,,0,0,0,0,0,Yes,Hold,Maturity DPD,700000,700000,1400000,-700000,-700000,0,0,0,0,No,No,,700000,,0,0,0,0,3,46003,46125,0,0,Blacklisted,Locked by Timestamp,46190.65122,,,0,0.025,,Dec'25,102,IF0331-NB,IF0331-FFC,Inventory Underwriting,,,46367,,46003.63403,46003.64375,0
IF0332,GCD3139,Myrnalyn Bankingkito,Malou Alfonso,DLA'S AUTO TRADING,46006.54236,1000000,1000000,1000000,1000000,1480000,-480000,-480000,1,3,Yes,Open,,1000000,1000000,0,1000000,1000000,Yes,Hold,Maturity DPD,1000000,1000000,1480000,-480000,-480000,0,0,0,0,No,No,,1000000,,0,0,0,0,4,46111,46139,0,0,Open,,,,,0,0.0175,DLA family,Dec'25,93,IF0332-NB,IF0332-FFC,Inventory Underwriting,,,46504,,46006.41667,46006.54236,1000000
IF0333,GCD4915,Myrnalyn Bankingkito,Malou Alfonso,ZC AUTO TRADING,46030.73125,1900000,1300000,1900000,1300000,1320000,580000,-20000,1,3,Yes,Hold,Renewal 1 DPD,1900000,1300000,170000,1730000,1130000,Yes,Hold,Maturity DPD,1900000,1300000,1150000,750000,150000,26.51527778,0.1307692308,0,0,No,No,,1900000,,0,0,0,0,1,46051,46217.48472,0,170000,Open,,,,,0,0.0175,,Jan'26,26.51527778,IF0333-NB,IF0333-FFC,Inventory Underwriting,,,46524,,46029.74375,46030.73125,1730000
IF0334,GCD4953,Rhoyland Alagon,Marah Luriely A. Villaruz,JAGSON AUTO TRADING,46045.55625,1000000,1000000,1000000,1000000,1466150,-466150,-466150,1,5,Yes,Hold,Renewal 1 DPD,1000000,1000000,852650,147350,147350,Yes,Hold,Maturity DPD,1000000,1000000,613500,386500,386500,25.5162037,0.4404,0,0,No,No,,1000000,,0,0,0,0,4,46058,46058,0,852650,Open,,,,,0,0.02,,Jan'26,63.59143519,IF0334-NB,IF0334-FFC,Inventory Underwriting,,,46532,,46045.40208,46045.55625,147350
IF0335,GCD4946,Rose Batacan,Malou Alfonso,DECK AUTO TRADING,46045.4875,400000,400000,400000,400000,1200000,-800000,-800000,1,3,Yes,Hold,Maturity DPD,400000,400000,800000,-400000,-400000,Yes,Hold,Maturity DPD,400000,400000,400000,0,0,0,0,0,0,No,No,,400000,,0,0,0,0,3,46078,46078,0,800000,Open,,,,,0,0.0175,,Jan'26,42.66666667,IF0335-NB,IF0335-FFC,Express Onboarding,,,46524,,46045.45347,46045.4875,-400000
IF0336,GCD1586,Elvira Ladea,Marah Luriely A. Villaruz,GLLEGACY CAR TRADING,46045.67361,1300000,1000000,1950000,1950000,5668000,-3718000,-3718000,1,14,Yes,Hold,Maturity DPD,1950000,1950000,3435000,-1485000,-1485000,Yes,Hold,Maturity DPD,1950000,1950000,2233000,-283000,-283000,25.74652778,0.4466666667,0,0,No,No,46324,2925000,,0,0,0,0,16,46048,46048,0,3435000,Open,,,,,0,0.0175,GLLEGACY-CARATE Family,Jan'26,69.48759921,IF0336-NB,IF0336-FFC,Inventory Underwriting,,,46596,,46045.66875,46045.67361,-1485000
IF0337,GCD4951,Rhoyland Alagon,Marah Luriely A. Villaruz,RMMZ CAR TRADING,46045.74097,1300000,1000000,1300000,1000000,0,1300000,1000000,0,0,No,,,0,0,0,0,0,Yes,Open,,1300000,1000000,0,1300000,1000000,0,0,0,0,No,No,,1300000,,0,0,0,0,0,,,0,0,Open,Finsso: Open | Netbank: Pending CLA Signature,,,,0,0.0175,,Jan'26,0,IF0337-NB,IF0337-FFC,Inventory Underwriting,,,46409,,46045.73403,46045.74097,0
IF0338,GCD4965,Elvira Ladea,Marah Luriely A. Villaruz,SASAKYAN DEALSPH CAR TRADING,46059.55556,600000,600000,600000,600000,987000,-387000,-387000,1,3,Yes,Hold,Renewal 1 DPD,600000,600000,340000,260000,260000,Yes,Hold,Maturity DPD,600000,600000,647000,-47000,-47000,0,0,0,0,No,No,,600000,,0,0,0,0,1,46069,46069,0,340000,Open,Reassessed - 08/12/2026 | Finsso: Open | Netbank: Open,,46246,,0,0.02,,Feb'26,101.6666667,IF0338-NB,IF0338-FFC,Inventory Underwriting,,,46611,,46058.45625,46059.55556,260000
IF0339,GCD4958,Elvira Ladea,Marah Luriely A. Villaruz,DM AUTO TRADING,46058.51389,400000,400000,400000,400000,0,400000,400000,0,0,No,,,0,0,0,0,0,Yes,Open,,400000,400000,0,400000,400000,0,0,0,0,No,No,,400000,,0,0,0,0,0,,,0,0,Open,Finsso: Open | Netbank: Pending CL,,,,0,0.0175,,Feb'26,0,,IF0339-FFC,Inventory Underwriting,,,46413,,46058.45625,46058.51389,0
IF0340,GCD4955,Myrnalyn Bankingkito,Malou Alfonso,TF888 CAR TRADING,46050.45,400000,400000,400000,400000,1285500,-885500,-885500,1,5,Yes,Hold,Renewal 1 DPD,400000,400000,371000,29000,29000,Yes,Hold,Maturity DPD,400000,400000,914500,-514500,-514500,31,0.615,0,0,No,No,,400000,,0,0,0,0,2,46050,46050,0,371000,Open,,,,,0,0.0175,,Jan'26,31,IF0340-NB,IF0340-FFC,Inventory Underwriting,,,46559,,46050.44236,46050.45,29000
IF0341,GCD4975,Myrnalyn Bankingkito,Malou Alfonso,IVAN MOVES TIRE SUPPLY,46052.76806,500000,500000,500000,500000,0,500000,500000,0,0,No,,,0,0,0,0,0,Yes,Open,,500000,500000,0,500000,500000,0,0,0,0,No,No,,500000,,0,0,0,0,0,,,0,0,Open,Finsso: Open | Netbank: Pending CLA Signature,,,,0,0.0175,,Jan'26,0,IF0341-NB,IF0341-FFC,Inventory Underwriting,,,46415,,46051.55486,46052.76806,0
IF0342,GCD4961,Myrnalyn Bankingkito,Malou Alfonso,ESPPLATON CAR TRADING,46053.71319,600000,600000,600000,600000,1200000,-600000,-600000,1,2,Yes,Hold,Renewal 1 DPD,600000,600000,600000,0,0,Yes,Hold,Maturity DPD,600000,600000,600000,0,0,0,0,0,0,No,No,,600000,,0,0,0,0,0,46090,46090,0,600000,Open,,,,,0,0.0175,,Jan'26,0,IF0342-NB,IF0342-FFC,Inventory Underwriting,,,46541,,46053.70903,46053.71319,0
IF0343,GCD4979,Candyce Aguete,Malou Alfonso,F20 CAR CARE CENTER,46056.69514,1600000,1100000,1600000,1100000,0,1600000,1100000,0,0,No,,,0,0,0,0,0,Yes,Open,,1600000,1100000,0,1600000,1100000,0,0,0,0,No,No,,1600000,,0,0,0,0,0,,,0,0,Open,Finsso: Open | Netbank: Pending CL,,,,0,0.0175,,Feb'26,0,,IF0343-FFC,Inventory Underwriting,,,46416,,46052.78264,46056.69514,0
IF0344,GCD1807,Marlon Llamas,Albert Dalupang,G REN CAR TRADING,46055.71944,1000000,1000000,1250000,1250000,3055000,-1805000,-1805000,1,8,Yes,Hold,Maturity DPD,1000000,1000000,2055000,-1055000,-1055000,Yes,Hold,Maturity DPD,1250000,1250000,1000000,250000,250000,0,0,0,0,No,No,46351,1875000,,0,0,0,0,6,46072,46072,0,2055000,Open,,,,,0,0.02,,Feb'26,49.66666667,IF0344-NB,IF0344-FFC,Inventory Underwriting,,,46623,,46050.5625,46055.71944,-1055000
IF0345,GCD5029,Rexcell Juegos,Albert Dalupang,WHEELDEALS CAR AGENT SERVICES,46059.84306,1000000,1000000,1000000,1000000,2346000,-1346000,-1346000,1,5,Yes,Hold,Renewal 1 DPD,1000000,1000000,1518000,-518000,-518000,Yes,Hold,Maturity DPD,1000000,1000000,828000,172000,172000,24.9123381,1.518,0,0,No,No,,1000000,,0,0,0,0,8,46119,46218.74926,0,1518000,Open,,,,,0,0.02,,Feb'26,63.76493524,IF0345-NB,IF0345-FFC,Inventory Underwriting,,,46567,,46056.60139,46059.84306,-518000
IF0346,GCD1861,Candyce Aguete,Malou Alfonso,KOTSE-KOTSEHAN AUTO TRADING,46056.65,1000000,1000000,1000000,1000000,1000000,0,0,1,1,Yes,Open,,1000000,1000000,1000000,0,0,Yes,Open,,1000000,1000000,0,1000000,1000000,0,1,0,0,No,No,,1000000,,0,0,0,0,0,46259.62431,46259.62431,0,1000000,Open,,,,,0,0.0175,,Feb'26,0,IF0346-NB,IF0346-FFC,Inventory Underwriting,,,46525,,46050.56458,46056.65,0
IF0347,GCD4977,Candyce Aguete,Malou Alfonso,TAMBAY.GARAGE AUTO TRADING,46059.85347,500000,500000,500000,500000,0,500000,500000,0,0,No,,,0,0,0,0,0,Yes,Open,,500000,500000,0,500000,500000,0,0,0,0,No,No,,500000,,0,0,0,0,0,,,0,0,Open,Finsso: Open | Netbank: Pending CLA Signature,,,,0,0.0175,,Feb'26,0,IF0347-NB,IF0347-FFC,Inventory Underwriting,,,46422,,46058.67778,46059.85347,0
IF0348,GCD2601,Rhoyland Alagon,Marah Luriely A. Villaruz,TOL DENZ CAR TRADING,46063.57431,2500000,1800000,2500000,1800000,0,2500000,1800000,0,0,No,,,0,0,0,0,0,Yes,Open,,2500000,1800000,0,2500000,1800000,0,0,0,0,No,No,,2500000,,0,0,0,0,0,,,0,0,Open,Finsso: Open | Netbank: Pending CLA Signature,,,,0,0.0225,,Feb'26,0,IF0348-NB,IF0348-FFC,Inventory Underwriting,,,46427,,46063.54375,46063.57431,0
IF0349,GCD5220,Marlon Llamas,Albert Dalupang,VECTORTECH AUTO TRADING,46084.60694,1500000,1000000,1500000,1000000,1752100,-252100,-752100,1,4,Yes,Hold,Renewal 1 DPD,1500000,1000000,870000,630000,130000,Yes,Hold,Maturity DPD,1500000,1000000,882100,617900,117900,25,0.87,0,0,No,No,,1500000,,0,0,0,0,4,46087,46204,0,870000,Hold,w/ Due Repayments - >= 5DPD,,,,0,0.0175,,Mar'26,25,IF0349-NB,IF0349-FFC,Inventory Underwriting,,,46553,,46065.74236,46084.60694,630000
IF0350,GCD1982,Elvira Ladea,Marah Luriely A. Villaruz,XXTREME VEHICLE TRADING,46066.81667,800000,800000,800000,800000,1199000,-399000,-399000,1,6,Yes,Hold,Maturity DPD,800000,800000,148000,652000,652000,Yes,Hold,Maturity DPD,800000,800000,1051000,-251000,-251000,0,0,0,0,No,No,,800000,,0,0,0,0,3,46072,46105,0,148000,Blacklisted,15 DPD,46167,,,0,0.0175,Xxxtreme Family,Feb'26,114.8888889,IF0350-NB,IF0350-FFC,Inventory Underwriting,,,46525,,46066.77153,46066.81667,652000
IF0351,GCD3255,Elvira Ladea,Marah Luriely A. Villaruz,MICHAELMILLICENT AUTO TRADING,46071,900000,900000,900000,900000,1889000,-989000,-989000,1,5,Yes,Hold,Maturity DPD,900000,900000,1449000,-549000,-549000,Yes,Hold,Maturity DPD,900000,900000,440000,460000,460000,0,0,0,0,No,No,,900000,,0,0,0,0,12,46122,46122,0,1449000,Blacklisted,15 DPD,46253,,,0,0.0175,,Feb'26,65.35714286,IF0351-NB,IF0351-FFC,Inventory Underwriting,,,46525,,46071,46071,-549000
IF0352,GCD3257,Myrnalyn Bankingkito,Malou Alfonso,JED CARS AUTO TRADING,46077,3000000,2100000,3000000,2100000,0,3000000,2100000,0,0,No,,,0,0,0,0,0,Yes,Open,,3000000,2100000,0,3000000,2100000,0,0,0,0,No,No,,3000000,,0,0,0,0,0,,,0,0,Open,Finsso: Open | Netbank: Pending CLA Signature,,,,0,0.0175,,Feb'26,0,IF0352-NB,IF0352-FFC,Inventory Underwriting,,,46435,,46077,46077,0
IF0353,GCD4916,Candyce Aguete,Malou Alfonso,AMBJ CAR TRADING,46071,400000,400000,400000,400000,202000,198000,198000,1,1,No,,,0,0,0,0,0,Yes,Hold,Maturity DPD,400000,400000,202000,198000,198000,0,0,0,0,No,No,,400000,,0,0,0,0,1,46113,46113,0,0,Blacklisted,Locked by Timestamp,46218.04093,,,0,0.025,,Feb'26,100.6666667,IF0353-NB,IF0353-FFC,Express Onboarding,,,46435,,46071,46071,0
IF0354,,Rexcell Juegos,Albert Dalupang,PAGUICAN CAR TRADING,,800000,800000,0,0,0,0,0,0,0,No,,,0,0,0,0,0,No,,,0,0,0,0,0,0,0,,0,No,No,46253,1200000,,0,0,0,0,0,,,0,0,Hold,Pending CLA Signature,,,,,0.0175,,,0,IF0354-NB,IF0354-FFC,Inventory Underwriting,,,,,46072,,0
IF0355,GCD5024,Candyce Aguete,Malou Alfonso,MFB SM3 AUTO TRADING,46073,5000000,3500000,5000000,3500000,0,5000000,3500000,0,0,No,,,0,0,0,0,0,Yes,Open,,5000000,3500000,0,5000000,3500000,0,0,0,0,No,No,,5000000,,0,0,0,0,0,,,0,0,Open,Finsso: Open | Netbank: Pending CLA Signature,,,,0,0.0175,,Feb'26,0,IF0355-NB,IF0355-FFC,Regular Onboarding,,,46437,,46073,46073,0
IF0356,GCD5003,Zhesa Resurrecion,Albert Dalupang,JAM AND POPOY AUTO TRADING,46076,2200000,1500000,2200000,1500000,0,2200000,1500000,0,0,No,,,0,0,0,0,0,Yes,Open,,2200000,1500000,0,2200000,1500000,0,0,0,0,No,No,,2200000,,0,0,0,0,0,,,0,0,Open,Finsso: Open | Netbank: Pending CLA Signature,,,,0,0.0175,,Feb'26,0,IF0356-NB,IF0356-FFC,Regular Onboarding,,,46440,,46076,46076,0
IF0357,GCD5019,Myrnalyn Bankingkito,Malou Alfonso,BMWHEELS CAR TRADING,46077.5625,750000,750000,750000,750000,630000,120000,120000,1,1,No,,,0,0,0,0,0,Yes,Hold,Maturity DPD,750000,750000,630000,120000,120000,0,0,0,0,No,No,,750000,,0,0,0,0,1,46107,46107,0,0,Open,Finsso: Open | Netbank: Pending CLA Signature,,,,0,0.02,,Feb'26,106.6666667,IF0357-NB,IF0357-FFC,Inventory Underwriting,,,46440,,46077.43611,46077.5625,0
IF0358,GCD4000,Rexcell Juegos,Albert Dalupang,MIKOTSE CORP,46078,3000000,2100000,3000000,2100000,1152000,1848000,948000,1,2,No,,,0,0,0,0,0,Yes,Hold,Maturity DPD,3000000,2100000,1152000,1848000,948000,0,0,0,0,No,No,,3000000,,0,0,0,0,0,46084,46084,0,0,Open,Finsso: Open | Netbank: Pending CL,,,,0,0.0175,,Feb'26,0,IF0358-NB,IF0358-FFC,Inventory Underwriting,,,46442,,46078.50139,46078,0
IF0359,GCD5006,Ricmar Magboo,Albert Dalupang,TRIPLE T AUTO SHOP,46077.45903,1900000,1330000,1900000,1330000,0,1900000,1330000,0,0,No,,,0,0,0,0,0,Yes,Open,,1900000,1330000,0,1900000,1330000,0,0,0,0,No,No,,1900000,,0,0,0,0,0,,,0,0,Open,Finsso: Open | Netbank: Pending CLA Signature,,,,0,0.02,,Feb'26,0,IF0359-NB,IF0359-FFC,Inventory Underwriting,,,46441,,46077.45903,46077.45903,0
IF0360,GCD4988,Candyce Aguete,Malou Alfonso,P.C.GARAGE AUTO TRADING,46078,500000,500000,500000,500000,0,500000,500000,0,0,No,,,0,0,0,0,0,Yes,Open,,500000,500000,0,500000,500000,0,0,0,0,No,No,,500000,,0,0,0,0,0,,,0,0,Open,Finsso: Open | Netbank: Pending CL,,,,0,0.02,,Feb'26,0,IF0360-NB,IF0360-FFC,Inventory Underwriting,,,46442,,46078.50347,46078,0
IF0361,GCD1255,Rhoyland Alagon,Marah Luriely A. Villaruz,ELJ CAR TRADING,46078.49306,2000000,1400000,2000000,1400000,3398000,-1398000,-1998000,1,7,Yes,Hold,Maturity DPD,2000000,1400000,1998000,2000,-598000,Yes,Hold,Maturity DPD,2000000,1400000,1400000,600000,0,26,0.34,0,0,No,No,,2000000,,0,0,0,0,6,46090,46090,0,1400000,Open,,,,,0,0.0175,,Feb'26,58.75,IF0361-NB,IF0361-FFC,Inventory Underwriting,,,46525,,46078,46078.49306,2000
IF0362,GCD5018,Herbert Capistrano,Marah Luriely A. Villaruz,JKDCARS CAR AGENT SERVICES,46080,1000000,1000000,1000000,1000000,3062500,-2062500,-2062500,1,8,Yes,Hold,Maturity DPD,1000000,1000000,2438500,-1438500,-1438500,Yes,Hold,Maturity DPD,1000000,1000000,624000,376000,376000,46,0.486,0,0,No,No,,1000000,,0,0,0,0,14,46122,46122,0,2438500,Open,,,,,0,0.02,,Feb'26,79.55,IF0362-NB,IF0362-FFC,Inventory Underwriting,,,46512,,46080,46080,-1438500
IF0363,GCD5222,Herbert Capistrano,Marah Luriely A. Villaruz,TOP INSTA CONSTRUCTION CORPORATION,46086.52014,700000,700000,700000,700000,1137000,-437000,-437000,1,2,Yes,Hold,Renewal 1 DPD,700000,700000,607000,93000,93000,Yes,Hold,Maturity DPD,700000,700000,530000,170000,170000,24.23888889,0.8671428571,0,0,No,No,,700000,,0,0,0,0,3,46119,46219.76111,0,607000,Open,,,,,0,0.0175,,Mar'26,77.05972222,IF0363-NB,IF0363-FFC,Regular Onboarding,,,46534,,46079,46086.52014,93000
IF0364,GCD5047,Myrnalyn Bankingkito,Malou Alfonso,RANDEL MARKETING,46080,1000000,1000000,1000000,1000000,885000,115000,115000,1,2,No,,,0,0,0,0,0,Yes,Hold,Maturity DPD,1000000,1000000,885000,115000,115000,0,0,0,0,No,No,,1000000,,0,0,0,0,0,46080,46084,0,0,Blacklisted,15 DPD,46139,,,0,0.0175,,Feb'26,0,IF0364-NB,IF0364-FFC,Regular Onboarding,,,46444,,46080,46080,0
IF0365,GCD5028,Rhoyland Alagon,Marah Luriely A. Villaruz,CAR TRADING RGARAGE,46080,1000000,1000000,1000000,1000000,800000,200000,200000,1,2,Yes,Hold,Renewal 1 DPD,1000000,1000000,800000,200000,200000,Yes,Open,,1000000,1000000,0,1000000,1000000,24.54097222,0.8,0,0,No,No,,1000000,,0,0,0,0,2,46219.45903,46219.45903,0,800000,Open,,,,,0,0.0175,,Feb'26,24.54097222,IF0365-NB,IF0365-FFC,Inventory Underwriting,,,46525,,46080,46080,200000
IF0366,GCD3450,Rexcell Juegos,Albert Dalupang,DREAM CAR AUTO TRADING,46082,1300000,1000000,1300000,1000000,0,1300000,1000000,0,0,No,,,0,0,0,0,0,Yes,Open,,1300000,1000000,0,1300000,1000000,0,0,0,0,No,No,,1300000,,0,0,0,0,0,,,0,0,Open,Finsso: Open | Netbank: Pending CLA Signature,,,,0,0.0175,,Mar'26,0,IF0366-NB,IF0366-FFC,Inventory Underwriting,,,46444,,46082,46082,0
IF0367,GCD2630,Elvira Ladea,Marah Luriely A. Villaruz,OTOMAZING AUTO TRADING,46081,400000,400000,400000,400000,400000,0,0,1,1,Yes,Open,,400000,400000,0,400000,400000,Yes,Hold,Maturity DPD,400000,400000,400000,0,0,0,0,0,0,No,No,,400000,,0,0,0,0,2,46140,46140,0,0,Blacklisted,15 DPD,46169,,,0,0.025,Xxxtreme Family,Feb'26,73.66666667,IF0367-NB,IF0367-FFC,Express Onboarding,,,46534,,46081,46081,400000
IF0368,GCD5096,Rexcell Juegos,Albert Dalupang,F&J VEHICLE TRADING,46085.69167,850000,850000,850000,850000,600000,250000,250000,1,1,No,,,0,0,0,0,0,Yes,Hold,Maturity DPD,850000,850000,600000,250000,250000,0,0,0,0,No,No,,850000,,0,0,0,0,1,46104,46104,0,0,Open,Finsso: Open | Netbank: Pending CLA Signature,,,,0,0.0175,,Mar'26,109.3333333,IF0368-NB,IF0368-FFC,Regular Onboarding,,,46447,,46083,46085.69167,0
IF0369,GCD116,Herbert Capistrano,Marah Luriely A. Villaruz,KENNAR AUTO SHOP,46107.69167,4500000,3100000,4500000,3100000,2700000,1800000,400000,1,4,Yes,Hold,Renewal 1 DPD,4500000,3100000,1900000,2600000,1200000,Yes,Hold,Maturity DPD,4500000,3100000,800000,3700000,2300000,0,0,0,0,No,No,,4500000,,0,0,0,0,1,46108,46108,0,1900000,Open,,,,,0,0.0175,,Mar'26,115.8888889,IF0369-NB,IF0369-FFC,Regular Onboarding,,,46526,,46083,46107.69167,2600000
IF0370,,Rhoyland Alagon,Marah Luriely A. Villaruz,IACARS AUTOCARE AND AUTOTRADING AUTO SERVICES,,3000000,1800000,0,0,0,0,0,0,0,No,,,0,0,0,0,0,No,,,0,0,0,0,0,0,0,,0,No,No,46254,4500000,,0,0,0,0,0,,,0,0,Hold,Pending CLA Signature,,,,,0.0175,,,0,IF0370-NB,IF0370-FFC,Inventory Underwriting,,,,,46085,,0
IF0371,GCD4509,Rhoyland Alagon,Marah Luriely A. Villaruz,GEAR SHIFT AUTO SHOP,46090.59514,1300000,1000000,1300000,1000000,0,1300000,1000000,0,0,No,,,0,0,0,0,0,Yes,Open,,1300000,1000000,0,1300000,1000000,0,0,0,0,No,No,,1300000,,0,0,0,0,0,,,0,0,Open,Finsso: Open | Netbank: Pending CLA Signature,,,,0,0.0175,,Mar'26,0,IF0371-NB,IF0371-FFC,Inventory Underwriting,,,46451,,46087.46319,46090.59514,0
IF0372,GCD5012,Ricmar Magboo,Albert Dalupang,A.M CAR.S CAR AND TRUCK TRADING,46099.65486,1300000,1000000,1300000,1000000,0,1300000,1000000,0,0,No,,,0,0,0,0,0,Yes,Open,,1300000,1000000,0,1300000,1000000,0,0,0,0,No,No,,1300000,,0,0,0,0,0,,,0,0,Open,Finsso: Open | Netbank: Pending CLA Signature,,,,0,0.02,,Mar'26,0,IF0372-NB,IF0372-FFC,Inventory Underwriting,,,46454,,46090.63333,46099.65486,0
IF0373,GCD5046,Zhesa Resurrecion,Albert Dalupang,DALYO CAR PAINT SERVICES,46092.6625,900000,900000,900000,900000,0,900000,900000,0,0,Yes,Open,,900000,900000,0,900000,900000,Yes,Open,,900000,900000,0,900000,900000,0,0,0,0,No,No,,900000,,0,0,0,0,0,,,0,0,Open,,,,,0,0.0175,,Mar'26,0,IF0373-NB,IF0373-FFC,Inventory Underwriting,,,46504,,46092.63819,46092.6625,900000
IF0374,GCD2100,Rhoyland Alagon,Marah Luriely A. Villaruz,CROWNMOTORCARS AUTO TRADING,46092.71667,1000000,1000000,1000000,1000000,0,1000000,1000000,0,0,No,,,0,0,0,0,0,Yes,Open,,1000000,1000000,0,1000000,1000000,0,0,0,0,No,No,,1000000,,0,0,0,0,0,,,0,0,Open,Finsso: Open | Netbank: Pending CLA Signature,,,,0,0.0175,,Mar'26,0,IF0374-NB,IF0374-FFC,Inventory Underwriting,,,46456,,46092.64028,46092.71667,0
IF0375,GCD5074,Myrnalyn Bankingkito,Malou Alfonso,JCP VEHICLE TRADING,46097.44722,2200000,1500000,2200000,1500000,3741000,-1541000,-2241000,1,9,Yes,Hold,Maturity DPD,2200000,1500000,2184000,16000,-684000,Yes,Hold,Maturity DPD,2200000,1500000,1557000,643000,-57000,25.43541667,0.5926666667,0,0,No,No,,2200000,,0,0,0,0,15,46100,46100,0,2184000,Open,,,,,0,0.0175,,Mar'26,82.01331522,IF0375-NB,IF0375-FFC,Inventory Underwriting,,,46521,,46097.40764,46097.44722,16000
IF0376,,Candyce Aguete,Malou Alfonso,CARS-R-US AUTO TRADING,,3000000,2100000,0,0,0,0,0,0,0,No,,,0,0,0,0,0,No,,,0,0,0,0,0,0,0,,0,No,No,46256,4500000,,0,0,0,0,0,,,0,0,Hold,Pending CLA Signature,,,,,0.0175,,,0,IF0376-NB,IF0376-FFC,Inventory Underwriting,,,,,46097.40972,,0
IF0377,GCD5064,Ricmar Magboo,Albert Dalupang,K/L CAR TRADING,46099.475,1200000,1000000,1200000,1000000,566000,634000,434000,1,1,No,,,0,0,0,0,0,Yes,Hold,Maturity DPD,1200000,1000000,566000,634000,434000,0,0,0,0,No,No,,1200000,,0,0,0,0,1,46107,46107,0,0,Open,Finsso: Open | Netbank: Pending CLA Signature,,,,0,0.02,,Mar'26,106.6666667,IF0377-NB,IF0377-FFC,Inventory Underwriting,,,46461,,46097.41042,46099.475,0
IF0378,,Marlon Llamas,Albert Dalupang,CARMAX SALES AND SERVICE INC.,,8200000,4500000,0,0,0,0,0,0,0,No,,,0,0,0,0,0,No,,,0,0,0,0,0,0,0,,0,No,No,46283,,,0,0,0,0,0,,,0,0,Hold,Pending CLA Signature,,,,,0.0175,,,0,IF0378-NB,IF0378-FFC,Regular Onboarding,,,,,46098.67222,,0
IF0379,GCD3384,Ricmar Magboo,Albert Dalupang,J AND J CAR TRADING,46099.59097,3000000,2100000,3000000,2100000,0,3000000,2100000,0,0,No,,,0,0,0,0,0,Yes,Open,,3000000,2100000,0,3000000,2100000,0,0,0,0,No,No,,3000000,,0,0,0,0,0,,,0,0,Open,Finsso: Open | Netbank: Pending CLA Signature,,,,0,0.02,,Mar'26,0,IF0379-NB,IF0379-FFC,Inventory Underwriting,,,46462,,46098.67222,46099.59097,0
IF0380,GCD5058,Herbert Capistrano,Marah Luriely A. Villaruz,R&A COUSIN CAR TRADING,46104.45972,900000,900000,900000,900000,0,900000,900000,0,0,No,,,0,0,0,0,0,Yes,Open,,900000,900000,0,900000,900000,0,0,0,0,No,No,,900000,,0,0,0,0,0,,,0,0,Open,Finsso: Open | Netbank: Pending CLA Signature,,,,0,0.0175,,Mar'26,0,IF0380-NB,IF0380-FFC,Inventory Underwriting,,,46462,,46098.67222,46104.45972,0
IF0381,GCD5088,Elvira Ladea,Marah Luriely A. Villaruz,CARATE AUTO TRADING,46100.36111,800000,800000,800000,800000,2915800,-2115800,-2115800,1,9,Yes,Hold,Maturity DPD,800000,800000,1445800,-645800,-645800,Yes,Hold,Maturity DPD,800000,800000,1470000,-670000,-670000,0,0,0,0,No,No,,800000,,0,0,0,0,11,46100,46100,0,1228000,Hold,Multiple Failure Audits,,,,0,0.0175,GLLEGACY-CARATE Family,Mar'26,89.86363636,IF0381-NB,IF0381-FFC,Inventory Underwriting,,,46528,,46098.68125,46100.36111,-645800
IF0382,GCD5087,Rose Batacan,Malou Alfonso,C.B AUTOWORKS VEHICLE TRADING,46099.56667,1500000,1000000,1500000,1000000,1853000,-353000,-853000,1,4,Yes,Hold,Renewal 1 DPD,1500000,1000000,1000000,500000,0,Yes,Hold,Maturity DPD,1500000,1000000,853000,647000,147000,21.75231481,1,0,0,No,No,,1500000,,0,0,0,0,6,46100,46230.74306,0,1000000,Open,,,,,0,0.0175,,Mar'26,74.02854938,IF0382-NB,IF0382-FFC,Inventory Underwriting,,,46528,,46099.53611,46099.56667,500000
IF0383,GCD4292,Rhoyland Alagon,Marah Luriely A. Villaruz,BIGBOY CAR TRADING,46100.46528,700000,700000,700000,700000,1064000,-364000,-364000,1,2,Yes,Hold,Renewal 1 DPD,700000,700000,504000,196000,196000,Yes,Hold,Maturity DPD,700000,700000,560000,140000,140000,0,0,0,0,No,No,,700000,,0,0,0,0,3,46146,46146,0,504000,Open,,,,,0,0.0175,,Mar'26,73.6,IF0383-NB,IF0383-FFC,Inventory Underwriting,,,46528,,46099.73819,46100.46528,196000
IF0384,GCD5061,Ricmar Magboo,Albert Dalupang,R.C CAR TRADING,46104.55556,1000000,1000000,1000000,1000000,0,1000000,1000000,0,0,No,,,0,0,0,0,0,Yes,Open,,1000000,1000000,0,1000000,1000000,0,0,0,0,No,No,,1000000,,0,0,0,0,0,,,0,0,Open,Finsso: Open | Netbank: Pending CLA Signature,,,,0,0.02,,Mar'26,0,IF0384-NB,IF0384-FFC,Inventory Underwriting,,,46464,,46100.46042,46104.55556,0
IF0385,GCD5081,Ricmar Magboo,Albert Dalupang,LR G.A.R.A.G.E CAR TRADING,46104.425,400000,400000,400000,400000,1120000,-720000,-720000,1,3,Yes,Hold,Maturity DPD,400000,400000,760000,-360000,-360000,Yes,Hold,Maturity DPD,400000,400000,360000,40000,40000,0,0,0,0,No,No,,400000,,0,0,0,0,4,46111,46111,0,760000,Open,,,,,0,0.02,,Mar'26,89.5,IF0385-NB,IF0385-FFC,Express Onboarding,,,46520,,46100.50278,46104.425,-360000
IF0386,GCD5109,Elvira Ladea,Marah Luriely A. Villaruz,NCD CAR TRADING,46105.32153,3500000,2500000,3500000,2500000,2509292.8,990707.2,-9292.8,1,8,No,,,0,0,0,0,0,Yes,Hold,Maturity DPD,3500000,2500000,2509292.8,990707.2,-9292.8,0,0,0,0,No,No,,3500000,,0,0,0,0,8,46106,46106,0,0,Blacklisted,15 DPD,46165,,,0,0.0175,,Mar'26,107.6666667,IF0386-NB,IF0386-FFC,Regular Onboarding,,,46468,,46104.66528,46105.32153,0
IF0387,GCD5083,Myrnalyn Bankingkito,Malou Alfonso,G CARS AUTO TRADING,46108.61458,400000,400000,400000,400000,0,400000,400000,0,0,No,,,0,0,0,0,0,Yes,Open,,400000,400000,0,400000,400000,0,0,0,0,No,No,,400000,,0,0,0,0,0,,,0,0,Open,Finsso: Open | Netbank: Pending CLA Signature,,,,0,0.0175,,Mar'26,0,IF0387-NB,IF0387-FFC,Express Onboarding,,,46469,,46105.59583,46108.61458,0
IF0388,GCD5089,Elvira Ladea,Marah Luriely A. Villaruz,NCARS- CAR TRADING ,46105.69167,400000,400000,400000,400000,400000,0,0,1,2,Yes,Open,,400000,400000,0,400000,400000,Yes,Hold,Maturity DPD,400000,400000,400000,0,0,0,0,0,0,No,No,,400000,,0,0,0,0,4,46122,46122,0,0,Open,,,,,0,0.0175,,Mar'26,91.66666667,IF0388-NB,IF0388-FFC,Express Onboarding,,,46528,,46105.675,46105.69167,400000
IF0389,GCD5195,Elvira Ladea,Marah Luriely A. Villaruz,APOGARAGE CAR AGENT SERVICE,46105.71319,500000,500000,500000,500000,1270000,-770000,-770000,1,6,Yes,Hold,Maturity DPD,500000,500000,1270000,-770000,-770000,Yes,Open,,500000,500000,0,500000,500000,26.36111111,0.554,0,0,No,No,,500000,,0,0,0,0,10,46141,46141,0,1270000,Open,,,,,0,0.0175,,Mar'26,66.02579365,IF0389-NB,IF0389-FFC,Inventory Underwriting,,,46505,,46105.71042,46105.71319,-770000
IF0390,GCD5084,Rhoyland Alagon,Marah Luriely A. Villaruz,BOMBAWORX MOTOR VEHICLE SHOP,46105.72639,450000,450000,450000,450000,780000,-330000,-330000,1,2,Yes,Hold,Maturity DPD,450000,450000,330000,120000,120000,Yes,Hold,Maturity DPD,450000,450000,450000,0,0,0,0,0,0,No,No,,450000,,0,0,0,0,5,46119,46156,0,330000,Blacklisted,15 DPD,46246,,,0,0.0175,,Mar'26,76.16666667,IF0390-NB,IF0390-FFC,Inventory Underwriting,,,46520,,46105.70903,46105.72639,120000
IF0391,GCD5095,Candyce Aguete,Malou Alfonso,FERCASIO CAR TRADING,46203.68264,1300000,1000000,1300000,1000000,0,1300000,1000000,0,0,Yes,Open,,1300000,1000000,0,1300000,1000000,Yes,Open,,1300000,1000000,0,1300000,1000000,0,0,0,0,No,No,,1300000,,0,0,0,0,0,,,0,0,Open,,,,,0,0.0175,,Jun'26,0,IF0391-NB,IF0391-FFC,Regular Onboarding,,,46528,,46106.43542,46203.68264,1300000
IF0392,GCD5097,Myrnalyn Bankingkito,Malou Alfonso,AYNS CARPRO AUTO TRADING,46106.76736,1600000,1100000,1600000,1100000,1520000,80000,-420000,1,3,Yes,Hold,Renewal 1 DPD,1600000,1100000,420000,1180000,680000,Yes,Hold,Maturity DPD,1600000,1100000,1100000,500000,0,27,0.3818181818,0,0,No,No,,1600000,,0,0,0,0,6,46126,46202,0,420000,Open,,,,,0,0.0175,,Mar'26,72.5,IF0392-NB,IF0392-FFC,Inventory Underwriting,,,46528,,46106.75278,46106.76736,1180000
IF0393,GCD5098,Rhoyland Alagon,Marah Luriely A. Villaruz,AJYL CAR TRADING,46106.76736,1000000,1000000,1000000,1000000,1628425,-628425,-628425,1,3,Yes,Hold,Renewal 1 DPD,1000000,1000000,1053425,-53425,-53425,Yes,Hold,Maturity DPD,1000000,1000000,575000,425000,425000,25.4,0.519175,0,0,No,No,,1000000,,0,0,0,0,4,46108,46213,0,1053425,Blacklisted,15 DPD,46241,46213,,0,0.0175,,Mar'26,55.5,IF0393-NB,IF0393-FFC,Inventory Underwriting,,,46528,,46106.75486,46106.76736,-53425
IF0394,GCD5217,Elvira Ladea,Marah Luriely A. Villaruz,GLS-MNL CAR COVER AND MOTOR COVER TRADING,46121.39931,500000,500000,500000,500000,0,500000,500000,0,0,No,,,0,0,0,0,0,Yes,Open,,500000,500000,0,500000,500000,0,0,0,0,No,No,,500000,,0,0,0,0,0,,,0,0,Open,Finsso: Open | Netbank: Pending CLA Signature,,,,0,0.025,Xxxtreme Family,Apr'26,0,IF0394-NB,IF0394-FFC,Inventory Underwriting,,,46484,,46120.70417,46121.39931,0
IF0395,GCD5133,Candyce Aguete,Malou Alfonso,FINESTCARS AUTO TRADING,46126.62778,1500000,1000000,1500000,1000000,2000000,-500000,-1000000,1,3,Yes,Hold,Renewal 1 DPD,1500000,1000000,1000000,500000,0,Yes,Hold,Maturity DPD,1500000,1000000,1000000,500000,0,23.55347222,0.65,0,0,No,No,,1500000,,0,0,0,0,4,46128,46128,0,1000000,Open,,,,,0,0.0175,,Apr'26,80.4255787,IF0395-NB,IF0395-FFC,Inventory Underwriting,,,46583,,46126.55139,46126.62778,500000
IF0396,,Myrnalyn Bankingkito,Malou Alfonso,JAYC AUTO CARE CENTER,,3000000,2100000,0,0,0,0,0,0,0,No,,,0,0,0,0,0,No,,,0,0,0,0,0,0,0,,0,No,No,46267,4500000,,0,0,0,0,0,,,0,0,Hold,Pending CLA Signature,,,,,0.0175,,,0,IF0396-NB,IF0396-FFC,Inventory Underwriting,,,,,46127.40278,,0
IF0397,GCD5126,Herbert Capistrano,Marah Luriely A. Villaruz,JCARS PREOWNED AUTO TRADING,46130.48611,2000000,1400000,2000000,1400000,0,2000000,1400000,0,0,No,,,0,0,0,0,0,Yes,Open,,2000000,1400000,0,2000000,1400000,0,0,0,0,No,No,,2000000,,0,0,0,0,0,,,0,0,Open,Finsso: Open | Netbank: Pending CLA Signature,,,,0,0.0175,,Apr'26,0,IF0397-NB,IF0397-FFC,Inventory Underwriting,,,46491,,46127.55347,46130.48611,0
IF0398,GCD5218,Marlon Llamas,Albert Dalupang,PURPLEBLOOM CARZ CAR AGENT SERVICES,46128.60972,400000,400000,400000,400000,380000,20000,20000,1,1,Yes,Hold,Maturity DPD,400000,400000,380000,20000,20000,Yes,Open,,400000,400000,0,400000,400000,0,0,0,0,No,No,,400000,,0,0,0,0,2,46141,46141,0,380000,Blacklisted,15 DPD,46170,,,0,0.025,,Apr'26,72.66666667,IF0398-NB,IF0398-FFC,Express Onboarding,,,46504,,46128.59653,46128.60972,20000
IF0399,GCD4705,Herbert Capistrano,Marah Luriely A. Villaruz,J2 AUTOHAUS AUTO TRADING,46128.61181,830000,830000,830000,830000,0,830000,830000,0,0,No,,,0,0,0,0,0,Yes,Open,,830000,830000,0,830000,830000,0,0,0,0,No,No,,830000,,0,0,0,0,0,,,0,0,Open,Finsso: Open | Netbank: Pending CLA Signature,,,,0,0.02,,Apr'26,0,IF0399-NB,IF0399-FFC,Inventory Underwriting,,,46492,,46128.59792,46128.61181,0
IF0400,GCD5112,Elvira Ladea,Marah Luriely A. Villaruz,GOLDEN LUBE OIL CHANGE SERVICES,46128.66944,750000,750000,750000,750000,1307000,-557000,-557000,1,2,Yes,Hold,Renewal 1 DPD,750000,750000,557000,193000,193000,Yes,Hold,Maturity DPD,750000,750000,750000,0,0,34,0.7426666667,0,0,No,No,,750000,,0,0,0,0,4,46139,46195,0,557000,Blacklisted,15 DPD,46254,,,0,0.0175,,Apr'26,58.2,IF0400-NB,IF0400-FFC,Inventory Underwriting,,,46541,,46128.64167,46128.66944,193000
IF0401,GCD5137,Rhoyland Alagon,Marah Luriely A. Villaruz,3A'S AUTO TRADING,46129.44375,1300000,1000000,1300000,1000000,595000,705000,405000,1,3,Yes,Hold,Renewal 1 DPD,1300000,1000000,226000,1074000,774000,Yes,Hold,Maturity DPD,1300000,1000000,369000,931000,631000,0,0,0,0,No,No,,1300000,,0,0,0,0,3,46139,46139,0,226000,Open,,,,,0,0.0175,,Apr'26,80.6,IF0401-NB,IF0401-FFC,Inventory Underwriting,,,46534,,46129.44375,46129.44375,1074000
IF0402,GCD3403,Herbert Capistrano,Marah Luriely A. Villaruz,BINANGONAN AUTO-PARTS VEHICLE PARTS TRADING,46132.49861,400000,400000,400000,400000,0,400000,400000,0,0,No,,,0,0,0,0,0,Yes,Open,,400000,400000,0,400000,400000,0,0,0,0,No,No,,400000,,0,0,0,0,0,,,0,0,Open,Finsso: Open | Netbank: Pending CL,,,,0,0.0175,,Apr'26,0,IF0402-NB,IF0402-FFC,Express Onboarding,,,46496,,46132.425,46132.49861,0
IF0403,GCD5052,Herbert Capistrano,Marah Luriely A. Villaruz,LEAHFRAN CAR AGENT SERVICE,46133.40972,400000,400000,400000,400000,375000,25000,25000,1,2,Yes,Hold,Renewal 1 DPD,400000,400000,375000,25000,25000,Yes,Open,,400000,400000,0,400000,400000,39,0.9375,0,0,No,No,,400000,,0,0,0,0,4,46190,46190,0,175000,Open,,,,,0,0.0175,,Apr'26,39,IF0403-NB,IF0403-FFC,Express Onboarding,,,46541,,46132.68958,46133.40972,25000
IF0404,GCD3160,Rhoyland Alagon,Marah Luriely A. Villaruz,JUANITO CAR TRADING,46133.41111,1000000,1000000,1000000,1000000,0,1000000,1000000,0,0,No,,,0,0,0,0,0,Yes,Open,,1000000,1000000,0,1000000,1000000,0,0,0,0,No,No,,1000000,,0,0,0,0,0,,,0,0,Open,Finsso: Open | Netbank: Pending CLA Signature,,,,0,0.0175,Samera Family,Apr'26,0,IF0404-NB,IF0404-FFC,Inventory Underwriting,,,46496,,46132.75278,46133.41111,0
IF0405,,,,RAVIANE AUTO SHOP,46135.53958,1000000,1000000,1000000,1000000,1629000,-629000,-629000,1,2,Yes,Hold,Renewal 1 DPD,1000000,1000000,829000,171000,171000,Yes,Hold,Maturity DPD,1000000,1000000,800000,200000,200000,18.24583333,0.829,0,0,No,No,,1000000,,0,0,0,0,3,46136,46225.75417,,,Open,,,,,0,0.0175,,Apr'26,62.81145833,IF0405-NB,IF0405-FFC,,,,46553,,46135.53365,46135.53958,171000
IF0406,GCD5180,Elvira Ladea,Marah Luriely A. Villaruz,HAROLD B G CAR TRADING,46135.69722,500000,500000,500000,500000,0,500000,500000,0,0,No,,,0,0,0,0,0,Yes,Open,,500000,500000,0,500000,500000,0,0,0,0,No,No,,500000,,0,0,0,0,0,,,,,Open,Finsso: Open | Netbank: Pending CLA Signature,,,,0,0.0175,,Apr'26,0,IF0406-NB,IF0406-FFC,Inventory Underwriting,,,46499,,46135.57569,46135.69722,0
IF0407,GCD5158,Ricmar Magboo,Albert Dalupang,KABATANG CARWASH AND DETAILING SERVICES,46140.72014,500000,500000,500000,500000,0,500000,500000,0,0,No,,,0,0,0,0,0,Yes,Open,,500000,500000,0,500000,500000,0,0,0,0,No,No,,500000,,0,0,0,0,0,,,,,Open,Finsso: Open | Netbank: Pending CLA Signature,,,,0,0.02,,Apr'26,0,IF0407-NB,IF0407-FFC,Inventory Underwriting,,,46503,,46139.41528,46140.72014,0
IF0408,GCD5163,Zhesa Resurrecion,Albert Dalupang,RFB CAR TRADING,46139.57708,400000,400000,400000,400000,400000,0,0,1,1,Yes,Open,,400000,400000,0,400000,400000,Yes,Hold,Maturity DPD,400000,400000,400000,0,0,0,0,0,0,No,No,,400000,,0,0,0,0,3,46170,46170,,,Open,,,,,0,0.025,,Apr'26,43.66666667,IF0408-NB,IF0408-FFC,Express Onboarding,,,46553,,46139.41667,46139.57708,400000
IF0409,GCD5181,Rose Batacan,Malou Alfonso,J&K CAR TRADING,46139.63681,400000,400000,400000,400000,400000,0,0,1,1,Yes,Open,,400000,400000,400000,0,0,Yes,Open,,400000,400000,0,400000,400000,0,1,0,0,No,No,,400000,,0,0,0,0,0,46253.625,46253.625,,,Open,,,,,0,0.0175,,Apr'26,0,IF0409-NB,IF0409-FFC,Express Onboarding,,,46553,,46139.41875,46139.63681,0
IF0410,GCD5212,Rhoyland Alagon,Marah Luriely A. Villaruz,PRIME CAR TRADING,46139.43333,700000,700000,700000,700000,277500,422500,422500,1,1,Yes,Hold,Renewal 1 DPD,700000,700000,277500,422500,422500,Yes,Open,,700000,700000,0,700000,700000,18,0.3964285714,0,0,No,No,,700000,,0,0,0,0,1,46211,46211,,,Blacklisted,15 DPD,46240,,,0,0.0175,,Apr'26,18,IF0410-NB,IF0410-FFC,Inventory Underwriting,,,46575,,46139.42014,46139.43333,422500
IF0411,GCD5224,Myrnalyn Bankingkito,Malou Alfonso,NOLD'S CARWASH SHOP,46140.47847,400000,400000,400000,400000,0,400000,400000,0,0,No,,,0,0,0,0,0,Yes,Open,,400000,400000,0,400000,400000,0,0,0,0,No,No,,400000,,0,0,0,0,0,,,,,Open,Finsso: Open | Netbank: Pending CLA Signature,,,,0,0.0175,,Apr'26,0,IF0411-NB,IF0411-FFC,Express Onboarding,,,46504,,46140.46944,46140.47847,0
IF0412,GCD4840,Rhoyland Alagon,Marah Luriely A. Villaruz,JRDC CAR TRADING,46140.68958,400000,400000,400000,400000,250000,150000,150000,1,1,No,,,0,0,0,0,0,Yes,Hold,Maturity DPD,400000,400000,250000,150000,150000,0,0,0,0,No,No,,400000,,0,0,0,0,2,46148,46148,,,Blacklisted,15 DPD,46177,,,0,0.0175,,Apr'26,65.66666667,IF0412-NB,IF0412-FFC,Express Onboarding,,,46504,,46140.66319,46140.68958,0
IF0413,GCD5213,Rhoyland Alagon,Marah Luriely A. Villaruz,ABBY CAR TRADING,46140.92569,400000,400000,400000,400000,0,400000,400000,0,0,No,,,0,0,0,0,0,Yes,Open,,400000,400000,0,400000,400000,0,0,0,0,No,No,,400000,,0,0,0,0,0,,,,,Open,Finsso: Open | Netbank: Pending CL,,,,0,0.0175,Samera Family,Apr'26,0,IF0413-NB,IF0413-FFC,Inventory Underwriting,,,46504,,46140.72569,46140.92569,0
IF0414,GCD5221,Myrnalyn Bankingkito,Malou Alfonso,M3AUTO VEHICLE TRADING,46142.41875,700000,700000,700000,700000,0,700000,700000,0,0,No,,,0,0,0,0,0,Yes,Open,,700000,700000,0,700000,700000,0,0,0,0,No,No,,700000,,0,0,0,0,0,,,,,Open,Finsso: Open | Netbank: Pending CL,,,,0,0.0175,,Apr'26,0,IF0414-NB,IF0414-FFC,Regular Onboarding,,,46505,,46141.59514,46142.41875,0
IF0415,GCD5225,Myrnalyn Bankingkito,Malou Alfonso,RT061977 AUTO TRADING,46141.64306,700000,700000,700000,700000,863000,-163000,-163000,1,2,Yes,Hold,Renewal 1 DPD,700000,700000,863000,-163000,-163000,Yes,Open,,700000,700000,0,700000,700000,38.6,0,0,0,No,No,,700000,,0,0,0,0,4,46181,46181,,,Open,,,,,0,0.0175,,Apr'26,38.6,IF0415-NB,IF0415-FFC,Inventory Underwriting,,,46542,,46141.63542,46141.64306,-163000
IF0416,GCD5184,Rose Batacan,Malou Alfonso,JOEL AUTO TRADING,46142.63194,400000,400000,400000,400000,0,400000,400000,0,0,No,,,0,0,0,0,0,Yes,Open,,400000,400000,0,400000,400000,0,0,0,0,No,No,,400000,,0,0,0,0,0,,,,,Open,Finsso: Open | Netbank: Pending CLA Signature,,,,0,0.0175,,Apr'26,0,IF0416-NB,IF0416-FFC,Express Onboarding,,,46505,,46141.63681,46142.63194,0
IF0417,GCD5190,Rose Batacan,Malou Alfonso,REY AUTO TRADING,46142.66736,400000,400000,400000,400000,0,400000,400000,0,0,No,,,0,0,0,0,0,Yes,Open,,400000,400000,0,400000,400000,0,0,0,0,No,No,,400000,,0,0,0,0,0,,,,,Open,Finsso: Open | Netbank: Pending CLA Signature,,,,0,0.0175,,Apr'26,0,IF0417-NB,IF0417-FFC,Express Onboarding,,,46505,,46141.64931,46142.66736,0
IF0418,GCD5223,Ricmar Magboo,Albert Dalupang,4.BROTHERS AUTO TRADING,46147.73264,400000,400000,400000,400000,0,400000,400000,0,0,No,,,0,0,0,0,0,Yes,Open,,400000,400000,0,400000,400000,0,0,0,0,No,No,,400000,,0,0,0,0,0,,,,,Open,Finsso: Open | Netbank: Pending CLA Signature,,,,0,0.02,,May'26,0,IF0418-NB,IF0418-FFC,Express Onboarding,,,46505,,46141.73056,46147.73264,0
IF0419,GCD2180,Candyce Aguete,Malou Alfonso,AE AUTOS QUALITY PRE OWNED CAR TRADING,46142.55764,1400000,1000000,1400000,1000000,0,1400000,1000000,0,0,No,,,0,0,0,0,0,Yes,Open,,1400000,1000000,0,1400000,1000000,0,0,0,0,No,No,,1400000,,0,0,0,0,0,,,,,Open,Finsso: Open | Netbank: Pending CLA Signature,,,,0,0.0175,,Apr'26,0,IF0419-NB,IF0419-FFC,Inventory Underwriting,,,46506,,46142.47778,46142.55764,0
IF0420,GCD5192,Candyce Aguete,Malou Alfonso,AYAT CAR TRADING,46142.74792,400000,400000,400000,400000,260000,140000,140000,1,1,Yes,Open,,400000,400000,260000,140000,140000,Yes,Open,,400000,400000,0,400000,400000,0,0.65,0,0,No,No,,400000,,0,0,0,0,0,46248.62292,46248.62292,,,Open,,,,,0,0.0175,,Apr'26,0,IF0420-NB,IF0420-FFC,Express Onboarding,,,46541,,46142.74444,46142.74792,140000
IF0421,GCD5199,Myrnalyn Bankingkito,Malou Alfonso,CAR TRADING KUYA J,46148.50764,400000,400000,400000,400000,220000,180000,180000,1,1,Yes,Hold,Renewal 1 DPD,400000,400000,220000,180000,180000,Yes,Open,,400000,400000,0,400000,400000,10.37569444,0.55,0,0,No,No,,400000,,0,0,0,0,1,46233.62431,46233.62431,,,Open,,,,,0,0.0175,,May'26,10.37569444,IF0421-NB,IF0421-FFC,Express Onboarding,,,46541,,46148.41458,46148.50764,180000
IF0422,GCD5200,Rose Batacan,Malou Alfonso,GLAENER CAR TRADING,46149.63264,400000,400000,400000,400000,0,400000,400000,0,0,No,,,0,0,0,0,0,Yes,Open,,400000,400000,0,400000,400000,0,0,0,0,No,No,,400000,,0,0,0,0,0,,,,,Open,Finsso: Open | Netbank: Pending CLA Signature,,,,0,0.0175,,May'26,0,IF0422-NB,IF0422-FFC,Express Onboarding,,,46513,,46149.61319,46149.63264,0
IF0423,GCD5202,Candyce Aguete,Malou Alfonso,KAMBAL MOTORCYCLE PARTS AND ACCESSORIES SHOP,46151.68056,500000,500000,500000,500000,0,500000,500000,0,0,No,,,0,0,0,0,0,Yes,Open,,500000,500000,0,500000,500000,0,0,0,0,No,No,,500000,,0,0,0,0,0,,,,,Open,Finsso: Open | Netbank: Pending CLA Signature,,,,0,0.0175,,May'26,0,IF0423-NB,IF0423-FFC,Inventory Underwriting,,,46514,,46150.72292,46151.68056,0
IF0424,GCD5205,Rose Batacan,Malou Alfonso,PAPANODS CAR TRADING,46191.84236,600000,600000,600000,600000,0,600000,600000,0,0,No,,,0,0,0,0,0,Yes,Open,,600000,600000,0,600000,600000,0,0,0,0,No,No,,600000,,0,0,0,0,0,,,,,Open,Finsso: Open | Netbank: Pending CLA Signature,,,,0,0.0175,,Jun'26,0,IF0424-NB,IF0424-FFC,Inventory Underwriting,,,46514,,46150.74236,46191.84236,0
IF0425,GCD5191,Rhoyland Alagon,Marah Luriely A. Villaruz,MARKPLAMENCO CAR TRADING,46150.94931,900000,900000,900000,900000,0,900000,900000,0,0,No,,,0,0,0,0,0,Yes,Open,,900000,900000,0,900000,900000,0,0,0,0,No,No,,900000,,0,0,0,0,0,,,,,Open,Finsso: Open | Netbank: Pending CLA Signature,,,,0,0.0175,,May'26,0,IF0425-NB,IF0425-FFC,Inventory Underwriting,,,46514,,46150.75486,46150.94931,0
IF0426,,Rhoyland Alagon,Marah Luriely A. Villaruz,PAULO CAR TRADING,46153.48958,2000000,1400000,2000000,1400000,0,2000000,1400000,0,0,No,,,0,0,0,0,0,Yes,Open,,2000000,1400000,0,2000000,1400000,0,0,0,0,No,No,,2000000,,0,0,0,0,0,,,,,Open,Finsso: Open | Netbank: Pending CLA Signature,,,,0,0.0225,,May'26,0,IF0426-NB,IF0426-FFC,Inventory Underwriting,,,46517,,46153.45278,46153.48958,0
IF0427,GCD5211,Herbert Capistrano,Marah Luriely A. Villaruz,RPQCARS AUTO TRADING,46156.39167,500000,500000,500000,500000,0,500000,500000,0,0,No,,,0,0,0,0,0,Yes,Open,,500000,500000,0,500000,500000,0,0,0,0,No,No,,500000,,0,0,0,0,0,,,,,Open,Finsso: Open | Netbank: Pending CLA Signature,,,,0,0.02,,May'26,0,IF0427-NB,IF0427-FFC,Express Onboarding,,,46519,,46155.63681,46156.39167,0
IF0428,GCD5230,Myrnalyn Bankingkito,Malou Alfonso,YAKI TIRE TRADING,46160.62986,400000,400000,400000,400000,138000,262000,262000,1,1,Yes,Hold,Renewal 1 DPD,400000,400000,138000,262000,262000,Yes,Open,,400000,400000,0,400000,400000,37,0.345,0,0,No,No,,400000,,0,0,0,0,2,46192,46192,,,Open,,,,,0,0.0175,,May'26,37,IF0428-NB,IF0428-FFC,Express Onboarding,,,46548,,46157.43889,46160.62986,262000
IF0429,,Reyzon Manaog,Malou Alfonso,NFG CAR TRADING,46157.69028,800000,800000,800000,800000,0,800000,800000,0,0,No,,,0,0,0,0,0,Yes,Open,,800000,800000,0,800000,800000,0,0,0,0,No,No,,800000,,0,0,0,0,0,,,,,Open,Finsso: Open | Netbank: Pending CLA Signature,,,,0,0.02,,May'26,0,IF0429-NB,IF0429-FFC,Inventory Underwriting,,,46521,,46157.44722,46157.69028,0
IF0430,,Herbert Capistrano,Marah Luriely A. Villaruz,CARPIMP AUTO SHOP,46160.45347,700000,700000,700000,700000,0,700000,700000,0,0,No,,,0,0,0,0,0,Yes,Open,,700000,700000,0,700000,700000,0,0,0,0,No,No,,700000,,0,0,0,0,0,,,,,Open,Finsso: Open | Netbank: Pending CLA Signature,,,,0,0.0175,,May'26,0,IF0430-NB,IF0430-FFC,Inventory Underwriting,,,46521,,46157.68264,46160.45347,0
IF0431,GCD5237,Rose Batacan,Malou Alfonso,JOVENO AND ALERTA CAR TRADING,46160.55764,400000,400000,400000,400000,310000,90000,90000,1,1,Yes,Hold,Renewal 1 DPD,400000,400000,310000,90000,90000,Yes,Open,,400000,400000,0,400000,400000,23.55347222,0.775,0,0,No,No,,400000,,0,0,0,0,1,46220.44653,46220.44653,,,Open,,,,,0,0.02,,May'26,23.55347222,IF0431-NB,IF0431-FFC,Express Onboarding,,,46553,,46160.54653,46160.55764,90000
IF0432,GCD5229,Rose Batacan,Malou Alfonso,JAYSON-VLOG AUTO TRADING,46163.67222,500000,500000,500000,500000,0,500000,500000,0,0,No,,,0,0,0,0,0,Yes,Open,,500000,500000,0,500000,500000,0,0,0,0,No,No,,500000,,0,0,0,0,0,,,,,Open,Finsso: Open | Netbank: Pending CL,,,,0,0.0175,,May'26,0,IF0432-NB,IF0432-FFC,Inventory Underwriting,,,46525,,46161.57639,46163.67222,0
IF0433,GCD5252,Herbert Capistrano,Marah Luriely A. Villaruz,AACARS AUTO TRADING,46161.67569,450000,450000,450000,450000,416500,33500,33500,1,1,Yes,Open,,450000,450000,416500,33500,33500,Yes,Open,,450000,450000,0,450000,450000,3.532638889,0.9255555556,0,0,No,No,,450000,,0,0,0,0,0,46240.46736,46240.46736,,,Open,,,,,0,0.0175,,May'26,3.532638889,IF0433-NB,IF0433-FFC,Inventory Underwriting,,,46603,,46161.66458,46161.67569,33500
IF0434,GCD5269,Candyce Aguete,Malou Alfonso,KANLAON.CARS AUTO TRADING,46167.67222,1300000,1000000,1300000,1000000,1000000,300000,0,1,2,Yes,Hold,Maturity DPD,1300000,1000000,1000000,300000,0,Yes,Open,,1300000,1000000,0,1300000,1000000,0,0,0,0,No,No,,1300000,,0,0,0,0,6,46171,46171,,,Open,,,,,0,0.0175,,May'26,42.66666667,IF0434-NB,IF0434-FFC,Inventory Underwriting,,,46534,,46164.57361,46167.67222,300000
IF0435,GCD5267,Reyzon Manaog,Malou Alfonso,LOPEZ CAR TRADING,46167.74306,800000,800000,800000,800000,0,800000,800000,0,0,No,,,0,0,0,0,0,Yes,Open,,800000,800000,0,800000,800000,0,0,0,0,No,No,,800000,,0,0,0,0,0,,,,,Open,Finsso: Open | Netbank: Pending CL,,,,0,0.0175,,May'26,0,IF0435-NB,IF0435-FFC,Inventory Underwriting,,,46531,,46167.59063,46167.74306,0
IF0436,GCD5259,Herbert Capistrano,Marah Luriely A. Villaruz,4RD AUTO TRADING,46170.6,400000,400000,400000,400000,0,400000,400000,0,0,Yes,Open,,400000,400000,0,400000,400000,Yes,Open,,400000,400000,0,400000,400000,0,0,0,0,No,No,,400000,,0,0,0,0,0,,,,,Open,,,,,0,0.0175,,May'26,0,IF0436-NB,IF0436-FFC,Express Onboarding,,,46553,,46170.43472,46170.6,400000
IF0437,GCD5178,Rexcell Juegos,Albert Dalupang,ALLGOOD AUTO TRADING,46170.77917,400000,400000,400000,400000,400000,0,0,1,1,Yes,Hold,Renewal 1 DPD,400000,400000,400000,0,0,Yes,Open,,400000,400000,0,400000,400000,30,1,0,0,No,No,,400000,,0,0,0,0,2,46199,46199,,,Blacklisted,15 DPD,46258,,,0,0.0175,,May'26,30,IF0437-NB,IF0437-FFC,Express Onboarding,,,46561,,46170.49097,46170.77917,0
IF0438,GCD5177,Zhesa Resurrecion,Albert Dalupang,JOEMAY TRADING,46170.8125,400000,400000,400000,400000,0,400000,400000,0,0,No,,,0,0,0,0,0,Yes,Open,,400000,400000,0,400000,400000,0,0,0,0,No,No,,400000,,0,0,0,0,0,,,,,Open,Finsso: Open | Netbank: Pending CL,,,,0,0.0175,,May'26,0,IF0438-NB,IF0438-FFC,Express Onboarding,,,46534,,46170.49861,46170.8125,0
IF0439,GCD5275,Candyce Aguete,Malou Alfonso,JEAN ANDRIC CAR TRADING,46170.68819,400000,400000,400000,400000,0,400000,400000,0,0,No,,,0,0,0,0,0,Yes,Open,,400000,400000,0,400000,400000,0,0,0,0,No,No,,400000,,0,0,0,0,0,,,,,Open,Finsso: Open | Netbank: Pending CL,,,,0,0.0175,,May'26,0,IF0439-NB,IF0439-FFC,Express Onboarding,,,46534,,46170.67569,46170.68819,0
IF0440,GCD5277,Zhesa Resurrecion,Albert Dalupang,X2RAUTODEALS CAR TRADING,46171.88194,700000,700000,700000,700000,0,700000,700000,0,0,No,,,0,0,0,0,0,Yes,Open,,700000,700000,0,700000,700000,0,0,0,0,No,No,,700000,,0,0,0,0,0,,,,,Open,Finsso: Open | Netbank: Pending CL,,,,0,0.0175,,May'26,0,IF0440-NB,IF0440-FFC,Inventory Underwriting,,,46535,,46171.66875,46171.88194,0
IF0441,GCD5278,Myrnalyn Bankingkito,Malou Alfonso,A&J CAR TRADING,46171.75417,400000,400000,400000,400000,930000,-530000,-530000,1,5,Yes,Hold,Renewal 1 DPD,400000,400000,930000,-530000,-530000,Yes,Open,,400000,400000,0,400000,400000,32.09991319,2.325,0,0,No,No,,400000,,0,0,0,0,8,46192,46192,,,Open,,,,,0,0.0175,,May'26,32.09991319,IF0441-NB,IF0441-FFC,Express Onboarding,,,46556,,46171.74653,46171.75417,-530000
IF0442,GCD3987,Elvira Ladea,Marah Luriely A. Villaruz,RSCARS PASIG AUTO TRADING,46175.65208,650000,650000,650000,650000,0,650000,650000,0,0,No,,,0,0,0,0,0,Yes,Open,,650000,650000,0,650000,650000,0,0,0,0,No,No,,650000,,0,0,0,0,0,,,,,Open,Finsso: Open | Netbank: Pending CLA Signature,,,,0,0.0175,,Jun'26,0,IF0442-NB,IF0442-FFC,Inventory Underwriting,,,46535,,46171.7625,46175.65208,0
IF0443,GCD3469,Ricmar Magboo,Albert Dalupang,FAMIL Y WHEE LS P. H CAR TRADING,46175.575,600000,600000,600000,600000,0,600000,600000,0,0,No,,,0,0,0,0,0,Yes,Open,,600000,600000,0,600000,600000,0,0,0,0,No,No,,600000,,0,0,0,0,0,,,,,Open,Finsso: Open | Netbank: Pending CL,,,,0,0.02,,Jun'26,0,IF0443-NB,IF0443-FFC,Inventory Underwriting,,,46539,,46175.55972,46175.575,0
IF0444,GCD5329,Myrnalyn Bankingkito,Malou Alfonso,JOEMAR CAR TRADING,46178.58472,550000,550000,550000,550000,0,550000,550000,0,0,No,,,0,0,0,0,0,Yes,Open,,550000,550000,0,550000,550000,0,0,0,0,No,No,,550000,,0,0,0,0,0,,,,,Open,Finsso: Open | Netbank: Pending CL,,,,0,0.0175,,Jun'26,0,IF0444-NB,IF0444-FFC,Inventory Underwriting,,,46541,,46177.63472,46178.58472,0
IF0445,GCD5296,Rhoyland Alagon,Marah Luriely A. Villaruz,JOEL BERNARDO CAR TRADING,46183.35486,400000,400000,400000,400000,0,400000,400000,0,0,No,,,0,0,0,0,0,Yes,Open,,400000,400000,0,400000,400000,0,0,0,0,No,No,,400000,,0,0,0,0,0,,,,,Open,Finsso: Open | Netbank: Pending CL,,,,0,0.0175,,Jun'26,0,IF0445-NB,IF0445-FFC,Express Onboarding,,,46546,,46182.73601,46183.35486,0
IF0446,GCD5321,Herbert Capistrano,Marah Luriely A. Villaruz,HEPLUCK CAR TRADING,46182.81458,600000,600000,600000,600000,0,600000,600000,0,0,No,,,0,0,0,0,0,Yes,Open,,600000,600000,0,600000,600000,0,0,0,0,No,No,,600000,,0,0,0,0,0,,,,,Open,Finsso: Open | Netbank: Pending CL,,,,0,0.0175,,Jun'26,0,IF0446-NB,IF0446-FFC,Inventory Underwriting,,,46546,,46182.73601,46182.81458,0
IF0447,GCD5326,Rose Batacan,Malou Alfonso,MFJ CAR TRADING,46188.69583,400000,400000,400000,400000,0,400000,400000,0,0,No,,,0,0,0,0,0,Yes,Open,,400000,400000,0,400000,400000,0,0,0,0,No,No,,400000,,0,0,0,0,0,,,,,Open,Finsso: Open | Netbank: Pending CL,,,,0,0.0175,,Jun'26,0,IF0447-NB,IF0447-FFC,Express Onboarding,,,46547,,46183.43889,46188.69583,0
IF0448,GCD5337,Elvira Ladea,Marah Luriely A. Villaruz,BOSSS A SECONDHANDQUALITY CAR TRADING,46188.50417,600000,600000,600000,600000,512000,88000,88000,1,1,Yes,Open,,600000,600000,512000,88000,88000,Yes,Open,,600000,600000,0,600000,600000,0,0.8533333333,0,0,No,No,,600000,,0,0,0,0,0,46272.61181,46272.61181,,,Open,,,,,0,0.0175,,Jun'26,0,IF0448-NB,IF0448-FFC,Inventory Underwriting,,,46633,,46188.49792,46188.50417,88000
IF0449,GCD5333,Rhoyland Alagon,Marah Luriely A. Villaruz,JAIME BARCIAL CAR TRADING,46188.76736,1200000,1000000,1200000,1000000,0,1200000,1000000,0,0,No,,,0,0,0,0,0,Yes,Open,,1200000,1000000,0,1200000,1000000,0,0,0,0,No,No,,1200000,,0,0,0,0,0,,,,,Open,Finsso: Open | Netbank: Pending CL,,,,0,0.0175,,Jun'26,0,IF0449-NB,IF0449-FFC,Inventory Underwriting,,,46552,,46188.60972,46188.76736,0
IF0450,GCD5334,Herbert Capistrano,Marah Luriely A. Villaruz,PGGARAGE CAR TRADING,46191.62292,400000,400000,400000,400000,0,400000,400000,0,0,No,,,0,0,0,0,0,Yes,Open,,400000,400000,0,400000,400000,0,0,0,0,No,No,,400000,,0,0,0,0,0,,,,,Open,Finsso: Open | Netbank: Pending CL,,,,0,0.0175,,Jun'26,0,IF0450-NB,IF0450-FFC,Express Onboarding,,,46555,,46191.41944,46191.62292,0
IF0451,GCD5297,Herbert Capistrano,Marah Luriely A. Villaruz,D3 AUTOHAUS CAR TRADING,46196.68194,1000000,1000000,1000000,1000000,0,1000000,1000000,0,0,No,,,0,0,0,0,0,Yes,Open,,1000000,1000000,0,1000000,1000000,0,0,0,0,No,No,,1000000,,0,0,0,0,0,,,,,Open,Finsso: Open | Netbank: Pending CL,,,,0,0.0175,,Jun'26,0,IF0451-NB,IF0451-FFC,Inventory Underwriting,,,46555,,46191.49444,46196.68194,0
IF0452,GCD5332,Rose Batacan,Malou Alfonso,TAKUSAWA AUTO TRADING,46191.74583,400000,400000,400000,400000,0,400000,400000,0,0,No,,,0,0,0,0,0,Yes,Open,,400000,400000,0,400000,400000,0,0,0,0,No,No,,400000,,0,0,0,0,0,,,,,Open,Finsso: Open | Netbank: Pending CL,,,,0,0.0175,,Jun'26,0,IF0452-NB,IF0452-FFC,Express Onboarding,,,46555,,46191.54792,46191.74583,0
IF0453,GCD4437,Zhesa Resurrecion,Albert Dalupang,JNZ CAR TRADING,46220.72708,1000000,1000000,1000000,1000000,0,1000000,1000000,0,0,No,,,0,0,0,0,0,Yes,Open,,1000000,1000000,0,1000000,1000000,0,0,0,0,No,No,,1000000,,0,0,0,0,0,,,,,Open,Finsso: Open | Netbank: Pending CL,,,,0,0.0175,,Jul'26,0,IF0453-NB,IF0453-FFC,Regular Onboarding,,,46555,,46191.56458,46220.72708,0
IF0454,GCD5359,Herbert Capistrano,Marah Luriely A. Villaruz,BEARD CAR TRADING,46192.525,400000,400000,400000,400000,0,400000,400000,0,0,No,,,0,0,0,0,0,Yes,Open,,400000,400000,0,400000,400000,0,0,0,0,No,No,,400000,,0,0,0,0,0,,,,,Open,Finsso: Open | Netbank: Pending CL,,,,0,0.0175,,Jun'26,0,IF0454-NB,IF0454-FFC,Express Onboarding,,,46556,,46192.51875,46192.525,0
IF0455,GCD5320,Ricmar Magboo,Albert Dalupang,JDRED.GARAGE CAR TRADING,46203.62153,500000,500000,500000,500000,0,500000,500000,0,0,No,,,0,0,0,0,0,Yes,Open,,500000,500000,0,500000,500000,0,0,0,0,No,No,,500000,,0,0,0,0,0,,,,,Open,Finsso: Open | Netbank: Pending CL,,,,0,0.02,,Jun'26,0,IF0455-NB,IF0455-FFC,Inventory Underwriting,,,46556,,46192.52014,46203.62153,0
IF0456,GCD4175,Zhesa Resurrecion,Albert Dalupang,KAPATID AUTO TRADING,46192.54722,900000,900000,1350000,1350000,3225000,-1875000,-1875000,1,7,Yes,Hold,Renewal 1 DPD,1350000,1350000,3225000,-1875000,-1875000,Yes,Open,,1350000,1350000,0,1350000,1350000,26.18157051,2.388888889,0,0,No,No,46340,2025000,,0,0,0,0,11,46197,46197,,,Open,,,,,0,0.02,,Jun'26,26.18157051,IF0456-NB,IF0456-FFC,Regular Onboarding,,,46612,,46192.52153,46192.54722,-1875000
IF0457,GCD5339,Rhoyland Alagon,Marah Luriely A. Villaruz,JOHNMARK EDORA CAR TRADING,46192.65903,400000,400000,400000,400000,0,400000,400000,0,0,No,,,0,0,0,0,0,Yes,Open,,400000,400000,0,400000,400000,0,0,0,0,No,No,,400000,,0,0,0,0,0,,,,,Open,Finsso: Open | Netbank: Pending CL,,,,0,0.0175,,Jun'26,0,IF0457-NB,IF0457-FFC,Inventory Underwriting,,,46556,,46192.52292,46192.65903,0
IF0458,GCD2430,Zhesa Resurrecion,Albert Dalupang,LEOROMMEL AUTO SHOP,46195.44167,850000,850000,850000,850000,1466000,-616000,-616000,1,4,Yes,Hold,Renewal 1 DPD,850000,850000,1466000,-616000,-616000,Yes,Open,,850000,850000,0,850000,850000,27,1.724705882,0,0,No,No,,850000,,0,0,0,0,8,46202,46202,,,Open,,,,,0,0.0175,,Jun'26,27,IF0458-NB,IF0458-FFC,Inventory Underwriting,,,46566,,46195.425,46195.44167,-616000
IF0459,GCD5348,Rhoyland Alagon,Marah Luriely A. Villaruz,ONICHAN CAR TRADING,,550000,550000,0,0,0,0,0,0,0,No,,,0,0,0,0,0,No,,,0,0,0,0,0,0,0,,0,No,No,90,825000,,0,0,0,0,0,,,,,Hold,Finsso: Pending CLA Signature | Netbank: Pending CL,,,,,0.0175,,,0,IF0459-NB,IF0459-FFC,Inventory Underwriting,,,,,46195.42569,,0
IF0460,GCD5352,Myrnalyn Bankingkito,Malou Alfonso,RONJE05 CAR TRADING,46195.69514,1400000,1000000,1400000,1000000,264000,1136000,736000,1,1,Yes,Hold,Renewal 1 DPD,1400000,1000000,264000,1136000,736000,Yes,Open,,1400000,1000000,0,1400000,1000000,30,0.264,0,0,No,No,,1400000,,0,0,0,0,2,46199,46199,,,Open,,,,,0,0.0175,,Jun'26,30,IF0460-NB,IF0460-FFC,Inventory Underwriting,,,46563,,46195.42708,46195.69514,1136000
IF0461,GCD5347,Rhoyland Alagon,Marah Luriely A. Villaruz,JC UNGAB CAR TRADING,46195.74097,600000,600000,600000,600000,0,600000,600000,0,0,No,,,0,0,0,0,0,Yes,Open,,600000,600000,0,600000,600000,0,0,0,0,No,No,,600000,,0,0,0,0,0,,,,,Open,Finsso: Open | Netbank: Pending CL,,,,0,0.0175,,Jun'26,0,IF0461-NB,IF0461-FFC,Inventory Underwriting,,,46559,,46195.66944,46195.74097,0
IF0462,GCD5366,Ricmar Magboo,Albert Dalupang,Z2.GARAGE CAR TRADING,46196.44792,1300000,1000000,1300000,1000000,1934000,-634000,-934000,1,6,Yes,Hold,Renewal 1 DPD,1300000,1000000,1934000,-634000,-934000,Yes,Open,,1300000,1000000,0,1300000,1000000,30,1.934,0,0,No,No,,1300000,,0,0,0,0,8,46197,46197,,,Open,,,,,0,0.02,,Jun'26,30,IF0462-NB,IF0462-FFC,Inventory Underwriting,,,46560,,46195.73333,46196.44792,-634000
IF0463,GCD2027,Elvira Ladea,Marah Luriely A. Villaruz,MK88 CAR TRADING,46197.62014,1600000,1100000,1600000,1100000,1316000,284000,-216000,1,2,Yes,Hold,Renewal 1 DPD,1600000,1100000,1316000,284000,-216000,Yes,Open,,1600000,1100000,0,1600000,1100000,30,1.196363636,0,0,No,No,,1600000,,0,0,0,0,4,46199,46199,,,Open,,,,,0,0.0175,,Jun'26,30,IF0463-NB,IF0463-FFC,Inventory Underwriting,,,46563,,46196.73333,46197.62014,284000
IF0464,GCD5344,Zhesa Resurrecion,Albert Dalupang,DAILYDRIVEN AUTO TRADING,46202.45347,450000,450000,450000,450000,0,450000,450000,0,0,No,,,0,0,0,0,0,Yes,Open,,450000,450000,0,450000,450000,0,0,0,0,No,No,,450000,,0,0,0,0,0,,,,,Open,Finsso: Open | Netbank: Pending CL,,,,0,0.0175,,Jun'26,0,IF0464-NB,IF0464-FFC,Inventory Underwriting,,,46561,,46197.44028,46202.45347,0
IF0465,GCD5355,Candyce Aguete,Malou Alfonso,RONY.082 AUTO TRADING,46197.81458,400000,400000,400000,400000,0,400000,400000,0,0,No,,,0,0,0,0,0,Yes,Open,,400000,400000,0,400000,400000,0,0,0,0,No,No,,400000,,0,0,0,0,0,,,,,Open,Finsso: Open | Netbank: Pending CL,,,,0,0.0175,,Jun'26,0,IF0465-NB,IF0465-FFC,Express Onboarding,,,46561,,46197.47847,46197.81458,0
IF0466,GCD5350,Elvira Ladea,Marah Luriely A. Villaruz,RSPEED CAR TRADING,46197.59167,3000000,2100000,3000000,2100000,2000000,1000000,100000,1,2,Yes,Hold,Renewal 1 DPD,3000000,2100000,1000000,2000000,1100000,Yes,Hold,Renewal 1 DPD,3000000,2100000,1000000,2000000,1100000,27,0.9523809524,0,0,No,No,,3000000,,0,0,0,0,4,46202,46202,,,Open,,,,,0,0.0175,,Jun'26,27,IF0466-NB,IF0466-FFC,Regular Onboarding,,,46566,,46197.56806,46197.59167,2000000
IF0467,GCD5356,Candyce Aguete,Malou Alfonso,BJ CAR TRADING,46203.42917,450000,450000,450000,450000,0,450000,450000,0,0,No,,,0,0,0,0,0,Yes,Open,,450000,450000,0,450000,450000,0,0,0,0,No,No,,450000,,0,0,0,0,0,,,,,Open,Finsso: Open | Netbank: Pending CL,,,,0,0.02,,Jun'26,0,IF0467-NB,IF0467-FFC,Inventory Underwriting,,,46561,,46197.68194,46203.42917,0
IF0468,,,,THEHANDJOB AUTO DETAILING SERVICES,46202.60278,900000,900000,900000,900000,0,900000,900000,0,0,No,,,0,0,0,0,0,Yes,Open,,900000,900000,0,900000,900000,0,0,0,0,No,No,,900000,,0,0,0,0,0,,,,,Open,Finsso: Open | Netbank: Pending CL,,,,0,0.0175,,Jun'26,0,IF0468-NB,IF0468-FFC,Inventory Underwriting,,,46561,,46197.775,46202.60278,0
IF0469,GCD5364,Myrnalyn Bankingkito,Malou Alfonso,A S AUTO TRADING,46198.41111,650000,650000,650000,650000,0,650000,650000,0,0,No,,,0,0,0,0,0,Yes,Open,,650000,650000,0,650000,650000,0,0,0,0,No,No,,650000,,0,0,0,0,0,,,,,Open,Finsso: Open | Netbank: Pending CLA Signature,,,,0,0.0175,,Jun'26,0,IF0469-NB,IF0469-FFC,Inventory Underwriting,,,46561,,46197.77639,46198.41111,0
IF0470,GCD5263,Zhesa Resurrecion,Albert Dalupang,ROROD AUTOWORK'S TRADING,46198.47361,400000,400000,400000,400000,0,400000,400000,0,0,No,,,0,0,0,0,0,Yes,Open,,400000,400000,0,400000,400000,0,0,0,0,No,No,,400000,,0,0,0,0,0,,,,,Open,Finsso: Open | Netbank: Pending CL,,,,0,0.0175,,Jun'26,0,IF0470-NB,IF0470-FFC,Express Onboarding,,,46562,,46198.43958,46198.47361,0
IF0471,GCD2497,Rhoyland Alagon,Marah Luriely A. Villaruz,DON ROBERT CAR TRADING,46198.51042,550000,550000,550000,550000,0,550000,550000,0,0,No,,,0,0,0,0,0,Yes,Open,,550000,550000,0,550000,550000,0,0,0,0,No,No,,550000,,0,0,0,0,0,,,,,Open,Finsso: Open | Netbank: Pending CL,,,,0,0.0175,,Jun'26,0,IF0471-NB,IF0471-FFC,Inventory Underwriting,,,46562,,46198.45208,46198.51042,0
IF0472,,Zhesa Resurrecion,Albert Dalupang,C2G CAR TRADING,,800000,800000,0,0,0,0,0,0,0,No,,,0,0,0,0,0,No,,,0,0,0,0,0,0,0,,0,No,No,90,1200000,,0,0,0,0,0,,,,,Hold,Finsso: Pending CLA Signature | Netbank: Pending CL,,,,,0.025,,,0,IF0472-NB,IF0472-FFC,Regular Onboarding,,,,,46198.59722,,0
IF0473,,,,TERRY AUTO TRADING,,3000000,2100000,0,0,0,0,0,0,0,No,,,0,0,0,0,0,No,,,0,0,0,0,0,0,0,,0,No,No,90,4500000,,0,0,0,0,0,,,,,Hold,Finsso: Pending CLA Signature | Netbank: Pending CL,,,,,0.0175,,,0,IF0473-NB,IF0473-FFC,Regular Onboarding,,,,,46198.70139,,0
IF0474,GCD5367,Elvira Ladea,Marah Luriely A. Villaruz,J&E CAR TRADING,,400000,400000,0,0,0,0,0,0,0,No,,,0,0,0,0,0,No,,,0,0,0,0,0,0,0,,0,No,No,90,600000,,0,0,0,0,0,,,,,Hold,Finsso: Pending CLA Signature | Netbank: Pending CL,,,,,0.0175,,,0,IF0474-NB,IF0474-FFC,Express Onboarding,,,,,46199.62361,,0
IF0475,GCD5368,Elvira Ladea,Marah Luriely A. Villaruz,LIAM CARSS CAR TRADING,46203.43333,1800000,1260000,1800000,1260000,934000,866000,326000,1,2,Yes,Hold,Renewal 1 DPD,1800000,1260000,934000,866000,326000,Yes,Open,,1800000,1260000,0,1800000,1260000,23,0.7412698413,0,0,No,No,,1800000,,0,0,0,0,4,46206,46206,,,Hold,w/ Due Repayments - >= 5DPD,,,,0,0.0175,,Jun'26,23,IF0475-NB,IF0475-FFC,Inventory Underwriting,,,46569,,46202.59792,46203.43333,866000
IF0476,GCD1848,Elvira Ladea,Marah Luriely A. Villaruz,JND CAR TRADING,46203.91319,400000,400000,400000,400000,300000,100000,100000,1,1,Yes,Hold,Renewal 1 DPD,400000,400000,300000,100000,100000,Yes,Open,,400000,400000,0,400000,400000,27.43958333,0.75,0,0,No,No,,400000,,0,0,0,0,1,46216.56042,46216.56042,,,Open,,,,,0,0.0175,,Jun'26,27.43958333,IF0476-NB,IF0476-FFC,Express Onboarding,,,46574,,46203.74792,46203.91319,100000
IF0477,GCD5374,Rose Batacan,Malou Alfonso,A DRIAN CAR TRADING,46212.58125,400000,400000,400000,400000,575000,-175000,-175000,1,2,Yes,Open,,400000,400000,575000,-175000,-175000,Yes,Open,,400000,400000,0,400000,400000,0,1.4375,0,0,No,No,,400000,,0,0,0,0,0,46252.49375,46252.49375,,,Open,,,,,0,0.0175,,Jul'26,0,IF0477-NB,IF0477-FFC,Express Onboarding,,,46587,,46211.73681,46212.58125,-175000
IF0478,GCD5399,Elvira Ladea,Marah Luriely A. Villaruz,GERTHS AUTO TRADING,46220.47986,1500000,1050000,1500000,1050000,0,1500000,1050000,0,0,Yes,Open,,1500000,1050000,1031000,469000,19000,Yes,Open,,1500000,1050000,0,1500000,1050000,0,0,0,0,No,No,,1500000,,0,0,0,0,0,,,,,Open,,,,,0,0.025,,Jul'26,0,IF0478-NB,IF0478-FFC,Inventory Underwriting,,,46610,,46219.7125,46220.47986,469000
IF0479,GCD5433,Herbert Capistrano,Marah Luriely A. Villaruz,BOSSTRAB AUTOGARAGE CAR TRADING,46253.38472,600000,600000,600000,600000,0,600000,600000,0,0,Yes,Open,,600000,600000,0,600000,600000,No,,,0,0,0,0,0,0,0,0,0,No,No,,600000,,0,0,0,0,0,,,,,Open,Finsso: Pending CLA Signature | Netbank: Open,,,,0,0.0175,,Aug'26,0,IF0479-NB,IF0479-FFC,Inventory Underwriting,,,46602,,46227.19236,46253.38472,600000
IF0480,GCD2306,Zhesa Resurrecion,Albert Dalupang,IBS01 CAR TRADING,46227.73889,800000,800000,800000,800000,800000,0,0,1,1,Yes,Open,,800000,800000,800000,0,0,Yes,Open,,800000,800000,0,800000,800000,0,1,0,0,No,No,,800000,,0,0,0,0,0,46261.75,46261.75,,,Open,,,,,0,0.0175,,Jul'26,0,IF0480-NB,IF0480-FFC,Regular Onboarding,,,46625,,46227.72431,46227.73889,0
IF0481,GCD5407,Elvira Ladea,Marah Luriely A. Villaruz,PIP-LUXURY CAR TRADING,,1500000,1050000,0,0,0,0,0,0,0,No,,,0,0,0,0,0,No,,,0,0,0,0,0,0,0,,0,No,No,90,2250000,,0,0,0,0,0,,,,,Hold,Finsso: Pending CLA Signature | Netbank: Pending CL,,,,,0.0175,,,0,IF0481-NB,IF0481-FFC,Inventory Underwriting,,,,,46233.70417,,0
IF0482,GCD5429,Zhesa Resurrecion,Albert Dalupang,LODS CAR ACCESSORIES STORE,46233.71944,500000,500000,500000,500000,445000,55000,55000,1,1,Yes,Open,,500000,500000,445000,55000,55000,Yes,Open,,500000,500000,0,500000,500000,3.336805556,0.89,0,0,No,No,,500000,,0,0,0,0,0,46240.66319,46240.66319,,,Open,,,,,0,0.025,,Jul'26,3.336805556,IF0482-NB,IF0482-FFC,Regular Onboarding,,,46604,,46233.69792,46233.71944,55000
IF0483,GCD5434,Herbert Capistrano,Marah Luriely A. Villaruz,CARLOWDEAL AUTO TRADING,46234.41458,400000,400000,400000,400000,0,400000,400000,0,0,No,,,0,0,0,0,0,Yes,Open,,400000,400000,0,400000,400000,0,0,0,0,No,No,,400000,,0,0,0,0,0,,,,,Open,Finsso: Open | Netbank: Pending CL,,,,0,0.0175,,Jul'26,0,IF0483-NB,IF0483-FFC,Express Onboarding,,,46597,,46233.70278,46234.41458,0
IF0484,GCD4879,Elvira Ladea,Marah Luriely A. Villaruz,CEDCARS VEHICLE TRADING,46233.73958,1500000,1050000,1500000,1050000,360000,1140000,690000,1,1,Yes,Open,,1500000,1050000,360000,1140000,690000,Yes,Open,,1500000,1050000,0,1500000,1050000,0,0.3428571429,0,0,No,No,,1500000,,0,0,0,0,0,46260.74792,46260.74792,,,Open,,,,,0,0.0175,,Jul'26,0,IF0484-NB,IF0484-FFC,Inventory Underwriting,,,46623,,46233.70139,46233.73958,1140000
IF0485,GCD5447,Elvira Ladea,Marah Luriely A. Villaruz,ERIC CAR TRADING,46235.35903,400000,400000,400000,400000,192500,207500,207500,1,1,No,,,0,0,192500,-192500,-192500,Yes,Open,,400000,400000,0,400000,400000,4.507638889,0.48125,0,0,No,No,,400000,,0,0,0,0,0,46239.49236,46239.49236,,,Open,Finsso: Open | Netbank: Pending CL,,,,0,0.0175,,Aug'26,4.507638889,IF0485-NB,IF0485-FFC,Express Onboarding,,,46598,,46234.6125,46235.35903,-192500
IF0486,GCD5455,Myrnalyn Bankingkito,Malou Alfonso,CAR AGENT SERVICES KKJ,46238.72431,1050000,740000,1050000,740000,650000,400000,90000,1,1,Yes,Open,,1050000,740000,650000,400000,90000,Yes,Open,,1050000,740000,0,1050000,740000,3.248611111,0.8783783784,0,0,No,No,,1050000,,0,0,0,0,0,46240.75139,46240.75139,,,Open,,,,,0,0.0175,,Aug'26,3.248611111,IF0486-NB,IF0486-FFC,Inventory Underwriting,,,46604,,46238.71736,46238.72431,400000
IF0487,GCD5449,Rhoyland Alagon,Marah Luriely A. Villaruz,KMG CAR TRADING,46246.56667,400000,400000,400000,400000,0,400000,400000,0,0,No,,,0,0,0,0,0,Yes,Open,,400000,400000,0,400000,400000,0,0,0,0,No,No,,400000,,0,0,0,0,0,,,,,Open,Finsso: Open | Netbank: Pending CL,,,,0,0.0175,,Aug'26,0,IF0487-NB,IF0487-FFC,Express Onboarding,,,46603,,46273.82942,46246.56667,0
IF0488,GCD5476,Zhesa Resurrecion,Albert Dalupang,4K AUTO TRADING,46248.51042,650000,650000,650000,650000,0,650000,650000,0,0,No,,,0,0,0,0,0,Yes,Open,,650000,650000,0,650000,650000,0,0,0,0,No,No,,650000,,0,0,0,0,0,,,,,Open,Finsso: Open | Netbank: Pending CLA Signature,,,,0,0.0175,,Aug'26,0,IF0488-NB,IF0488-FFC,Regular Onboarding,,,46611,,46247.4375,46248.51042,0
IF0489,GCD5466,Myrnalyn Bankingkito,Malou Alfonso,ASIONG CAR TRADING,46248.30347,650000,650000,650000,650000,0,650000,650000,0,0,No,,,0,0,0,0,0,Yes,Open,,650000,650000,0,650000,650000,0,0,0,0,No,No,,650000,,0,0,0,0,0,,,,,Open,Finsso: Open | Netbank: Pending CL,,,,0,0.0175,,Aug'26,0,IF0489-NB,IF0489-FFC,Express Onboarding,,,46611,,46247.56042,46248.30347,0
IF0490,GCD5376,Elvira Ladea,Marah Luriely A. Villaruz,MG AUTOGARAGE AND TOWING AUTO REPAIR SHOP,46252.71806,1000000,1000000,1000000,1000000,0,1000000,1000000,0,0,Yes,Open,,1000000,1000000,0,1000000,1000000,Yes,Open,,1000000,1000000,0,1000000,1000000,0,0,0,0,No,No,,1000000,,0,0,0,0,0,,,,,Open,,,,,0,0.0175,,Aug'26,0,IF0490-NB,IF0490-FFC,Inventory Underwriting,,,46617,,46251.75694,46252.71806,1000000
IF0491,GCD5431,Herbert Capistrano,Marah Luriely A. Villaruz,CARLAUTOSHOP CAR TRADING,,400000,400000,0,0,0,0,0,0,0,No,,,0,0,0,0,0,No,,,0,0,0,0,0,0,0,,0,No,No,90,600000,,0,0,0,0,0,,,,,Hold,Finsso: Pending CLA Signature | Netbank: Pending CL,,,,,0.0175,,,0,IF0491-NB,IF0491-FFC,Inventory Underwriting,,,,,46258.44931,,0
IF0492,GCD5479,Myrnalyn Bankingkito,Malou Alfonso,PRIMEWHEEL MOTOR VEHICLE SHOP,46259.47778,1000000,1000000,1000000,1000000,0,1000000,1000000,0,0,No,,,0,0,0,0,0,Yes,Open,,1000000,1000000,0,1000000,1000000,0,0,0,0,No,No,,1000000,,0,0,0,0,0,,,,,Open,Finsso: Open | Netbank: Pending CL,,,,0,0.0175,,Aug'26,0,IF0492-NB,IF0492-FFC,Inventory Underwriting,,,46622,,46258.79931,46259.47778,0
IF0493,,Rexcell Juegos,Albert Dalupang,BICUTAN AUTO EXCHANGE CO.,46262.58194,2850000,2000000,2850000,2000000,0,2850000,2000000,0,0,No,,,0,0,0,0,0,Yes,Open,,2850000,2000000,0,2850000,2000000,0,0,0,0,No,No,,2850000,,0,0,0,0,0,,,,,Open,Finsso: Open | Netbank: Pending CL,,,,0,0.0175,,Aug'26,0,IF0493-NB,IF0493-FFC,Inventory Underwriting,,,46622,,46258.79792,46262.58194,0
IF0494,,Zhesa Resurrecion,Albert Dalupang,DOUBLE M CAR AGENT SERVICES,46260.66458,1750000,1230000,1750000,1230000,0,1750000,1230000,0,0,No,,,0,0,0,0,0,Yes,Open,,1750000,1230000,0,1750000,1230000,0,0,0,0,No,No,,1750000,,0,0,0,0,0,,,,,Open,Finsso: Open | Netbank: Pending CL,,,,0,0.0175,,Aug'26,0,IF0494-NB,IF0494-FFC,Inventory Underwriting,,,46624,,46260.55764,46260.66458,0
IF0495,,Ricmar Magboo,Albert Dalupang,M13.GARAGE AUTO TRADING,46266.95556,450000,450000,450000,450000,0,450000,450000,0,0,No,,,0,0,0,0,0,Yes,Open,,450000,450000,0,450000,450000,0,0,0,0,No,No,,450000,,0,0,0,0,0,,,,,Open,Finsso: Open | Netbank: Pending CL,,,,0,0.02,,Sep'26,0,IF0495-NB,IF0495-FFC,Inventory Underwriting,,,46624,,46260.65556,46266.95556,0
IF0496,,Elvira Ladea,Marah Luriely A. Villaruz,NAZ CAR TRADING,46269.35486,2000000,1400000,2000000,1400000,0,2000000,1400000,0,0,No,,,0,0,0,0,0,Yes,Open,,2000000,1400000,0,2000000,1400000,0,0,0,0,No,No,,2000000,,0,0,0,0,0,,,,,Open,Finsso: Open | Netbank: Pending CL,,,,0,0.0175,,Sep'26,0,IF0496-NB,IF0496-FFC,Inventory Underwriting,,,46632,,46268.52083,46269.35486,0
IF0497,,Albert Dalupang,Albert Dalupang,PAROMIA CAR TRADING,,1000000,1000000,0,0,0,0,0,0,0,No,,,0,0,0,0,0,No,,,0,0,0,0,0,0,0,,0,No,No,90,1500000,,0,0,0,0,0,,,,,Hold,Finsso: Pending CLA Signature | Netbank: Pending CL,,,,,0.0175,,,0,IF0497-NB,IF0497-FFC,Inventory Underwriting,,,,,46273.43194,,0
IF0498,,Rose Batacan,Malou Alfonso,ASTON'S AUTO SHOP,,2700000,1900000,0,0,0,0,0,0,0,No,,,0,0,0,0,0,No,,,0,0,0,0,0,0,0,,0,No,No,90,4050000,,0,0,0,0,0,,,,,Hold,Finsso: Pending CLA Signature | Netbank: Pending CL,,,,,0.0175,,,0,IF0498-NB,IF0498-FFC,Inventory Underwriting,,,,,46273.43125,,0
,,,,,,,,,,,,,,,,,,,,,,,,,,,,,,,,,,,,,,,,,,,,,,,,,,,,,,,,,,,,,,,,,,,,0
,,,,,,,,,,,,,,,,,,,,,,,,,,,,,,,,,,,,,,,,,,,,,,,,,,,,,,,,,,,,,,,,,,,,0
,,,,,,,,,,,,,,,,,,,,,,,,,,,,,,,,,,,,,,,,,,,,,,,,,,,,,,,,,,,,,,,,,,,,0
,,,,,,,,,,,,,,,,,,,,,,,,,,,,,,,,,,,,,,,,,,,,,,,,,,,,,,,,,,,,,,,,,,,,0
,,,,,,,,,,,,,,,,,,,,,,,,,,,,,,,,,,,,,,,,,,,,,,,,,,,,,,,,,,,,,,,,,,,,0
,,,,,,,,,,,,,,,,,,,,,,,,,,,,,,,,,,,,,,,,,,,,,,,,,,,,,,,,,,,,,,,,,,,,0
,,,,,,,,,,,,,,,,,,,,,,,,,,,,,,,,,,,,,,,,,,,,,,,,,,,,,,,,,,,,,,,,,,,,0
,,,,,,,,,,,,,,,,,,,,,,,,,,,,,,,,,,,,,,,,,,,,,,,,,,,,,,,,,,,,,,,,,,,,0
,,,,,,,,,,,,,,,,,,,,,,,,,,,,,,,,,,,,,,,,,,,,,,,,,,,,,,,,,,,,,,,,,,,,0
,,,,,,,,,,,,,,,,,,,,,,,,,,,,,,,,,,,,,,,,,,,,,,,,,,,,,,,,,,,,,,,,,,,,0
,,,,,,,,,,,,,,,,,,,,,,,,,,,,,,,,,,,,,,,,,,,,,,,,,,,,,,,,,,,,,,,,,,,,0
,,,,,,,,,,,,,,,,,,,,,,,,,,,,,,,,,,,,,,,,,,,,,,,,,,,,,,,,,,,,,,,,,,,,0
,,,,,,,,,,,,,,,,,,,,,,,,,,,,,,,,,,,,,,,,,,,,,,,,,,,,,,,,,,,,,,,,,,,,0
,,,,,,,,,,,,,,,,,,,,,,,,,,,,,,,,,,,,,,,,,,,,,,,,,,,,,,,,,,,,,,,,,,,,0
,,,,,,,,,,,,,,,,,,,,,,,,,,,,,,,,,,,,,,,,,,,,,,,,,,,,,,,,,,,,,,,,,,,,0
,,,,,,,,,,,,,,,,,,,,,,,,,,,,,,,,,,,,,,,,,,,,,,,,,,,,,,,,,,,,,,,,,,,,0
,,,,,,,,,,,,,,,,,,,,,,,,,,,,,,,,,,,,,,,,,,,,,,,,,,,,,,,,,,,,,,,,,,,,0
,,,,,,,,,,,,,,,,,,,,,,,,,,,,,,,,,,,,,,,,,,,,,,,,,,,,,,,,,,,,,,,,,,,,0
,,,,,,,,,,,,,,,,,,,,,,,,,,,,,,,,,,,,,,,,,,,,,,,,,,,,,,,,,,,,,,,,,,,,0
,,,,,,,,,,,,,,,,,,,,,,,,,,,,,,,,,,,,,,,,,,,,,,,,,,,,,,,,,,,,,,,,,,,,0
,,,,,,,,,,,,,,,,,,,,,,,,,,,,,,,,,,,,,,,,,,,,,,,,,,,,,,,,,,,,,,,,,,,,0
,,,,,,,,,,,,,,,,,,,,,,,,,,,,,,,,,,,,,,,,,,,,,,,,,,,,,,,,,,,,,,,,,,,,0
,,,,,,,,,,,,,,,,,,,,,,,,,,,,,,,,,,,,,,,,,,,,,,,,,,,,,,,,,,,,,,,,,,,,0
,,,,,,,,,,,,,,,,,,,,,,,,,,,,,,,,,,,,,,,,,,,,,,,,,,,,,,,,,,,,,,,,,,,,0
,,,,,,,,,,,,,,,,,,,,,,,,,,,,,,,,,,,,,,,,,,,,,,,,,,,,,,,,,,,,,,,,,,,,0
,,,,,,,,,,,,,,,,,,,,,,,,,,,,,,,,,,,,,,,,,,,,,,,,,,,,,,,,,,,,,,,,,,,,0
,,,,,,,,,,,,,,,,,,,,,,,,,,,,,,,,,,,,,,,,,,,,,,,,,,,,,,,,,,,,,,,,,,,,0
,,,,,,,,,,,,,,,,,,,,,,,,,,,,,,,,,,,,,,,,,,,,,,,,,,,,,,,,,,,,,,,,,,,,0
,,,,,,,,,,,,,,,,,,,,,,,,,,,,,,,,,,,,,,,,,,,,,,,,,,,,,,,,,,,,,,,,,,,,0
,,,,,,,,,,,,,,,,,,,,,,,,,,,,,,,,,,,,,,,,,,,,,,,,,,,,,,,,,,,,,,,,,,,,0
,,,,,,,,,,,,,,,,,,,,,,,,,,,,,,,,,,,,,,,,,,,,,,,,,,,,,,,,,,,,,,,,,,,,0
,,,,,,,,,,,,,,,,,,,,,,,,,,,,,,,,,,,,,,,,,,,,,,,,,,,,,,,,,,,,,,,,,,,,0
,,,,,,,,,,,,,,,,,,,,,,,,,,,,,,,,,,,,,,,,,,,,,,,,,,,,,,,,,,,,,,,,,,,,0
,,,,,,,,,,,,,,,,,,,,,,,,,,,,,,,,,,,,,,,,,,,,,,,,,,,,,,,,,,,,,,,,,,,,0
,,,,,,,,,,,,,,,,,,,,,,,,,,,,,,,,,,,,,,,,,,,,,,,,,,,,,,,,,,,,,,,,,,,,0
,,,,,,,,,,,,,,,,,,,,,,,,,,,,,,,,,,,,,,,,,,,,,,,,,,,,,,,,,,,,,,,,,,,,0
,,,,,,,,,,,,,,,,,,,,,,,,,,,,,,,,,,,,,,,,,,,,,,,,,,,,,,,,,,,,,,,,,,,,0
,,,,,,,,,,,,,,,,,,,,,,,,,,,,,,,,,,,,,,,,,,,,,,,,,,,,,,,,,,,,,,,,,,,,0
,,,,,,,,,,,,,,,,,,,,,,,,,,,,,,,,,,,,,,,,,,,,,,,,,,,,,,,,,,,,,,,,,,,,0
,,,,,,,,,,,,,,,,,,,,,,,,,,,,,,,,,,,,,,,,,,,,,,,,,,,,,,,,,,,,,,,,,,,,0
,,,,,,,,,,,,,,,,,,,,,,,,,,,,,,,,,,,,,,,,,,,,,,,,,,,,,,,,,,,,,,,,,,,,0
,,,,,,,,,,,,,,,,,,,,,,,,,,,,,,,,,,,,,,,,,,,,,,,,,,,,,,,,,,,,,,,,,,,,0
,,,,,,,,,,,,,,,,,,,,,,,,,,,,,,,,,,,,,,,,,,,,,,,,,,,,,,,,,,,,,,,,,,,,0
,,,,,,,,,,,,,,,,,,,,,,,,,,,,,,,,,,,,,,,,,,,,,,,,,,,,,,,,,,,,,,,,,,,,0
,,,,,,,,,,,,,,,,,,,,,,,,,,,,,,,,,,,,,,,,,,,,,,,,,,,,,,,,,,,,,,,,,,,,0
,,,,,,,,,,,,,,,,,,,,,,,,,,,,,,,,,,,,,,,,,,,,,,,,,,,,,,,,,,,,,,,,,,,,0
,,,,,,,,,,,,,,,,,,,,,,,,,,,,,,,,,,,,,,,,,,,,,,,,,,,,,,,,,,,,,,,,,,,,0
,,,,,,,,,,,,,,,,,,,,,,,,,,,,,,,,,,,,,,,,,,,,,,,,,,,,,,,,,,,,,,,,,,,,0
,,,,,,,,,,,,,,,,,,,,,,,,,,,,,,,,,,,,,,,,,,,,,,,,,,,,,,,,,,,,,,,,,,,,0
,,,,,,,,,,,,,,,,,,,,,,,,,,,,,,,,,,,,,,,,,,,,,,,,,,,,,,,,,,,,,,,,,,,,0
,,,,,,,,,,,,,,,,,,,,,,,,,,,,,,,,,,,,,,,,,,,,,,,,,,,,,,,,,,,,,,,,,,,,0
,,,,,,,,,,,,,,,,,,,,,,,,,,,,,,,,,,,,,,,,,,,,,,,,,,,,,,,,,,,,,,,,,,,,0
,,,,,,,,,,,,,,,,,,,,,,,,,,,,,,,,,,,,,,,,,,,,,,,,,,,,,,,,,,,,,,,,,,,,0
,,,,,,,,,,,,,,,,,,,,,,,,,,,,,,,,,,,,,,,,,,,,,,,,,,,,,,,,,,,,,,,,,,,,0
,,,,,,,,,,,,,,,,,,,,,,,,,,,,,,,,,,,,,,,,,,,,,,,,,,,,,,,,,,,,,,,,,,,,0
,,,,,,,,,,,,,,,,,,,,,,,,,,,,,,,,,,,,,,,,,,,,,,,,,,,,,,,,,,,,,,,,,,,,0
,,,,,,,,,,,,,,,,,,,,,,,,,,,,,,,,,,,,,,,,,,,,,,,,,,,,,,,,,,,,,,,,,,,,0
,,,,,,,,,,,,,,,,,,,,,,,,,,,,,,,,,,,,,,,,,,,,,,,,,,,,,,,,,,,,,,,,,,,,0
,,,,,,,,,,,,,,,,,,,,,,,,,,,,,,,,,,,,,,,,,,,,,,,,,,,,,,,,,,,,,,,,,,,,0
,,,,,,,,,,,,,,,,,,,,,,,,,,,,,,,,,,,,,,,,,,,,,,,,,,,,,,,,,,,,,,,,,,,,0
,,,,,,,,,,,,,,,,,,,,,,,,,,,,,,,,,,,,,,,,,,,,,,,,,,,,,,,,,,,,,,,,,,,,0
,,,,,,,,,,,,,,,,,,,,,,,,,,,,,,,,,,,,,,,,,,,,,,,,,,,,,,,,,,,,,,,,,,,,0
,,,,,,,,,,,,,,,,,,,,,,,,,,,,,,,,,,,,,,,,,,,,,,,,,,,,,,,,,,,,,,,,,,,,0
,,,,,,,,,,,,,,,,,,,,,,,,,,,,,,,,,,,,,,,,,,,,,,,,,,,,,,,,,,,,,,,,,,,,0
,,,,,,,,,,,,,,,,,,,,,,,,,,,,,,,,,,,,,,,,,,,,,,,,,,,,,,,,,,,,,,,,,,,,0
,,,,,,,,,,,,,,,,,,,,,,,,,,,,,,,,,,,,,,,,,,,,,,,,,,,,,,,,,,,,,,,,,,,,0
,,,,,,,,,,,,,,,,,,,,,,,,,,,,,,,,,,,,,,,,,,,,,,,,,,,,,,,,,,,,,,,,,,,,0
,,,,,,,,,,,,,,,,,,,,,,,,,,,,,,,,,,,,,,,,,,,,,,,,,,,,,,,,,,,,,,,,,,,,0
,,,,,,,,,,,,,,,,,,,,,,,,,,,,,,,,,,,,,,,,,,,,,,,,,,,,,,,,,,,,,,,,,,,,0
,,,,,,,,,,,,,,,,,,,,,,,,,,,,,,,,,,,,,,,,,,,,,,,,,,,,,,,,,,,,,,,,,,,,0
,,,,,,,,,,,,,,,,,,,,,,,,,,,,,,,,,,,,,,,,,,,,,,,,,,,,,,,,,,,,,,,,,,,,0
,,,,,,,,,,,,,,,,,,,,,,,,,,,,,,,,,,,,,,,,,,,,,,,,,,,,,,,,,,,,,,,,,,,,0
,,,,,,,,,,,,,,,,,,,,,,,,,,,,,,,,,,,,,,,,,,,,,,,,,,,,,,,,,,,,,,,,,,,,0
,,,,,,,,,,,,,,,,,,,,,,,,,,,,,,,,,,,,,,,,,,,,,,,,,,,,,,,,,,,,,,,,,,,,0
,,,,,,,,,,,,,,,,,,,,,,,,,,,,,,,,,,,,,,,,,,,,,,,,,,,,,,,,,,,,,,,,,,,,0
,,,,,,,,,,,,,,,,,,,,,,,,,,,,,,,,,,,,,,,,,,,,,,,,,,,,,,,,,,,,,,,,,,,,0
,,,,,,,,,,,,,,,,,,,,,,,,,,,,,,,,,,,,,,,,,,,,,,,,,,,,,,,,,,,,,,,,,,,,0
,,,,,,,,,,,,,,,,,,,,,,,,,,,,,,,,,,,,,,,,,,,,,,,,,,,,,,,,,,,,,,,,,,,,0
,,,,,,,,,,,,,,,,,,,,,,,,,,,,,,,,,,,,,,,,,,,,,,,,,,,,,,,,,,,,,,,,,,,,0
,,,,,,,,,,,,,,,,,,,,,,,,,,,,,,,,,,,,,,,,,,,,,,,,,,,,,,,,,,,,,,,,,,,,0
,,,,,,,,,,,,,,,,,,,,,,,,,,,,,,,,,,,,,,,,,,,,,,,,,,,,,,,,,,,,,,,,,,,,0
,,,,,,,,,,,,,,,,,,,,,,,,,,,,,,,,,,,,,,,,,,,,,,,,,,,,,,,,,,,,,,,,,,,,0
,,,,,,,,,,,,,,,,,,,,,,,,,,,,,,,,,,,,,,,,,,,,,,,,,,,,,,,,,,,,,,,,,,,,0
,,,,,,,,,,,,,,,,,,,,,,,,,,,,,,,,,,,,,,,,,,,,,,,,,,,,,,,,,,,,,,,,,,,,0
,,,,,,,,,,,,,,,,,,,,,,,,,,,,,,,,,,,,,,,,,,,,,,,,,,,,,,,,,,,,,,,,,,,,0
,,,,,,,,,,,,,,,,,,,,,,,,,,,,,,,,,,,,,,,,,,,,,,,,,,,,,,,,,,,,,,,,,,,,0
,,,,,,,,,,,,,,,,,,,,,,,,,,,,,,,,,,,,,,,,,,,,,,,,,,,,,,,,,,,,,,,,,,,,0
,,,,,,,,,,,,,,,,,,,,,,,,,,,,,,,,,,,,,,,,,,,,,,,,,,,,,,,,,,,,,,,,,,,,0
,,,,,,,,,,,,,,,,,,,,,,,,,,,,,,,,,,,,,,,,,,,,,,,,,,,,,,,,,,,,,,,,,,,,0
,,,,,,,,,,,,,,,,,,,,,,,,,,,,,,,,,,,,,,,,,,,,,,,,,,,,,,,,,,,,,,,,,,,,0
,,,,,,,,,,,,,,,,,,,,,,,,,,,,,,,,,,,,,,,,,,,,,,,,,,,,,,,,,,,,,,,,,,,,0
,,,,,,,,,,,,,,,,,,,,,,,,,,,,,,,,,,,,,,,,,,,,,,,,,,,,,,,,,,,,,,,,,,,,0
,,,,,,,,,,,,,,,,,,,,,,,,,,,,,,,,,,,,,,,,,,,,,,,,,,,,,,,,,,,,,,,,,,,,0
,,,,,,,,,,,,,,,,,,,,,,,,,,,,,,,,,,,,,,,,,,,,,,,,,,,,,,,,,,,,,,,,,,,,0
,,,,,,,,,,,,,,,,,,,,,,,,,,,,,,,,,,,,,,,,,,,,,,,,,,,,,,,,,,,,,,,,,,,,0
,,,,,,,,,,,,,,,,,,,,,,,,,,,,,,,,,,,,,,,,,,,,,,,,,,,,,,,,,,,,,,,,,,,,0
,,,,,,,,,,,,,,,,,,,,,,,,,,,,,,,,,,,,,,,,,,,,,,,,,,,,,,,,,,,,,,,,,,,,0
,,,,,,,,,,,,,,,,,,,,,,,,,,,,,,,,,,,,,,,,,,,,,,,,,,,,,,,,,,,,,,,,,,,,0
,,,,,,,,,,,,,,,,,,,,,,,,,,,,,,,,,,,,,,,,,,,,,,,,,,,,,,,,,,,,,,,,,,,,0
,,,,,,,,,,,,,,,,,,,,,,,,,,,,,,,,,,,,,,,,,,,,,,,,,,,,,,,,,,,,,,,,,,,,0
,,,,,,,,,,,,,,,,,,,,,,,,,,,,,,,,,,,,,,,,,,,,,,,,,,,,,,,,,,,,,,,,,,,,0
,,,,,,,,,,,,,,,,,,,,,,,,,,,,,,,,,,,,,,,,,,,,,,,,,,,,,,,,,,,,,,,,,,,,0
,,,,,,,,,,,,,,,,,,,,,,,,,,,,,,,,,,,,,,,,,,,,,,,,,,,,,,,,,,,,,,,,,,,,0
,,,,,,,,,,,,,,,,,,,,,,,,,,,,,,,,,,,,,,,,,,,,,,,,,,,,,,,,,,,,,,,,,,,,0
,,,,,,,,,,,,,,,,,,,,,,,,,,,,,,,,,,,,,,,,,,,,,,,,,,,,,,,,,,,,,,,,,,,,0
,,,,,,,,,,,,,,,,,,,,,,,,,,,,,,,,,,,,,,,,,,,,,,,,,,,,,,,,,,,,,,,,,,,,0
,,,,,,,,,,,,,,,,,,,,,,,,,,,,,,,,,,,,,,,,,,,,,,,,,,,,,,,,,,,,,,,,,,,,0
,,,,,,,,,,,,,,,,,,,,,,,,,,,,,,,,,,,,,,,,,,,,,,,,,,,,,,,,,,,,,,,,,,,,0
,,,,,,,,,,,,,,,,,,,,,,,,,,,,,,,,,,,,,,,,,,,,,,,,,,,,,,,,,,,,,,,,,,,,0
,,,,,,,,,,,,,,,,,,,,,,,,,,,,,,,,,,,,,,,,,,,,,,,,,,,,,,,,,,,,,,,,,,,,0
,,,,,,,,,,,,,,,,,,,,,,,,,,,,,,,,,,,,,,,,,,,,,,,,,,,,,,,,,,,,,,,,,,,,0
,,,,,,,,,,,,,,,,,,,,,,,,,,,,,,,,,,,,,,,,,,,,,,,,,,,,,,,,,,,,,,,,,,,,0
,,,,,,,,,,,,,,,,,,,,,,,,,,,,,,,,,,,,,,,,,,,,,,,,,,,,,,,,,,,,,,,,,,,,0
,,,,,,,,,,,,,,,,,,,,,,,,,,,,,,,,,,,,,,,,,,,,,,,,,,,,,,,,,,,,,,,,,,,,0
,,,,,,,,,,,,,,,,,,,,,,,,,,,,,,,,,,,,,,,,,,,,,,,,,,,,,,,,,,,,,,,,,,,,0
,,,,,,,,,,,,,,,,,,,,,,,,,,,,,,,,,,,,,,,,,,,,,,,,,,,,,,,,,,,,,,,,,,,,0
,,,,,,,,,,,,,,,,,,,,,,,,,,,,,,,,,,,,,,,,,,,,,,,,,,,,,,,,,,,,,,,,,,,,0
,,,,,,,,,,,,,,,,,,,,,,,,,,,,,,,,,,,,,,,,,,,,,,,,,,,,,,,,,,,,,,,,,,,,0
,,,,,,,,,,,,,,,,,,,,,,,,,,,,,,,,,,,,,,,,,,,,,,,,,,,,,,,,,,,,,,,,,,,,0
,,,,,,,,,,,,,,,,,,,,,,,,,,,,,,,,,,,,,,,,,,,,,,,,,,,,,,,,,,,,,,,,,,,,0
,,,,,,,,,,,,,,,,,,,,,,,,,,,,,,,,,,,,,,,,,,,,,,,,,,,,,,,,,,,,,,,,,,,,0
,,,,,,,,,,,,,,,,,,,,,,,,,,,,,,,,,,,,,,,,,,,,,,,,,,,,,,,,,,,,,,,,,,,,0
,,,,,,,,,,,,,,,,,,,,,,,,,,,,,,,,,,,,,,,,,,,,,,,,,,,,,,,,,,,,,,,,,,,,0
,,,,,,,,,,,,,,,,,,,,,,,,,,,,,,,,,,,,,,,,,,,,,,,,,,,,,,,,,,,,,,,,,,,,0
,,,,,,,,,,,,,,,,,,,,,,,,,,,,,,,,,,,,,,,,,,,,,,,,,,,,,,,,,,,,,,,,,,,,0
,,,,,,,,,,,,,,,,,,,,,,,,,,,,,,,,,,,,,,,,,,,,,,,,,,,,,,,,,,,,,,,,,,,,0
,,,,,,,,,,,,,,,,,,,,,,,,,,,,,,,,,,,,,,,,,,,,,,,,,,,,,,,,,,,,,,,,,,,,0
,,,,,,,,,,,,,,,,,,,,,,,,,,,,,,,,,,,,,,,,,,,,,,,,,,,,,,,,,,,,,,,,,,,,0
,,,,,,,,,,,,,,,,,,,,,,,,,,,,,,,,,,,,,,,,,,,,,,,,,,,,,,,,,,,,,,,,,,,,0
,,,,,,,,,,,,,,,,,,,,,,,,,,,,,,,,,,,,,,,,,,,,,,,,,,,,,,,,,,,,,,,,,,,,0
,,,,,,,,,,,,,,,,,,,,,,,,,,,,,,,,,,,,,,,,,,,,,,,,,,,,,,,,,,,,,,,,,,,,0
,,,,,,,,,,,,,,,,,,,,,,,,,,,,,,,,,,,,,,,,,,,,,,,,,,,,,,,,,,,,,,,,,,,,0
,,,,,,,,,,,,,,,,,,,,,,,,,,,,,,,,,,,,,,,,,,,,,,,,,,,,,,,,,,,,,,,,,,,,0
,,,,,,,,,,,,,,,,,,,,,,,,,,,,,,,,,,,,,,,,,,,,,,,,,,,,,,,,,,,,,,,,,,,,0
,,,,,,,,,,,,,,,,,,,,,,,,,,,,,,,,,,,,,,,,,,,,,,,,,,,,,,,,,,,,,,,,,,,,0
,,,,,,,,,,,,,,,,,,,,,,,,,,,,,,,,,,,,,,,,,,,,,,,,,,,,,,,,,,,,,,,,,,,,0
,,,,,,,,,,,,,,,,,,,,,,,,,,,,,,,,,,,,,,,,,,,,,,,,,,,,,,,,,,,,,,,,,,,,0
,,,,,,,,,,,,,,,,,,,,,,,,,,,,,,,,,,,,,,,,,,,,,,,,,,,,,,,,,,,,,,,,,,,,0
,,,,,,,,,,,,,,,,,,,,,,,,,,,,,,,,,,,,,,,,,,,,,,,,,,,,,,,,,,,,,,,,,,,,0
,,,,,,,,,,,,,,,,,,,,,,,,,,,,,,,,,,,,,,,,,,,,,,,,,,,,,,,,,,,,,,,,,,,,0
,,,,,,,,,,,,,,,,,,,,,,,,,,,,,,,,,,,,,,,,,,,,,,,,,,,,,,,,,,,,,,,,,,,,0
,,,,,,,,,,,,,,,,,,,,,,,,,,,,,,,,,,,,,,,,,,,,,,,,,,,,,,,,,,,,,,,,,,,,0
,,,,,,,,,,,,,,,,,,,,,,,,,,,,,,,,,,,,,,,,,,,,,,,,,,,,,,,,,,,,,,,,,,,,0
,,,,,,,,,,,,,,,,,,,,,,,,,,,,,,,,,,,,,,,,,,,,,,,,,,,,,,,,,,,,,,,,,,,,0
,,,,,,,,,,,,,,,,,,,,,,,,,,,,,,,,,,,,,,,,,,,,,,,,,,,,,,,,,,,,,,,,,,,,0
,,,,,,,,,,,,,,,,,,,,,,,,,,,,,,,,,,,,,,,,,,,,,,,,,,,,,,,,,,,,,,,,,,,,0
,,,,,,,,,,,,,,,,,,,,,,,,,,,,,,,,,,,,,,,,,,,,,,,,,,,,,,,,,,,,,,,,,,,,0
,,,,,,,,,,,,,,,,,,,,,,,,,,,,,,,,,,,,,,,,,,,,,,,,,,,,,,,,,,,,,,,,,,,,0
,,,,,,,,,,,,,,,,,,,,,,,,,,,,,,,,,,,,,,,,,,,,,,,,,,,,,,,,,,,,,,,,,,,,0
,,,,,,,,,,,,,,,,,,,,,,,,,,,,,,,,,,,,,,,,,,,,,,,,,,,,,,,,,,,,,,,,,,,,0
,,,,,,,,,,,,,,,,,,,,,,,,,,,,,,,,,,,,,,,,,,,,,,,,,,,,,,,,,,,,,,,,,,,,0
,,,,,,,,,,,,,,,,,,,,,,,,,,,,,,,,,,,,,,,,,,,,,,,,,,,,,,,,,,,,,,,,,,,,0
,,,,,,,,,,,,,,,,,,,,,,,,,,,,,,,,,,,,,,,,,,,,,,,,,,,,,,,,,,,,,,,,,,,,0
,,,,,,,,,,,,,,,,,,,,,,,,,,,,,,,,,,,,,,,,,,,,,,,,,,,,,,,,,,,,,,,,,,,,0
,,,,,,,,,,,,,,,,,,,,,,,,,,,,,,,,,,,,,,,,,,,,,,,,,,,,,,,,,,,,,,,,,,,,0
,,,,,,,,,,,,,,,,,,,,,,,,,,,,,,,,,,,,,,,,,,,,,,,,,,,,,,,,,,,,,,,,,,,,0
,,,,,,,,,,,,,,,,,,,,,,,,,,,,,,,,,,,,,,,,,,,,,,,,,,,,,,,,,,,,,,,,,,,,0
,,,,,,,,,,,,,,,,,,,,,,,,,,,,,,,,,,,,,,,,,,,,,,,,,,,,,,,,,,,,,,,,,,,,0
,,,,,,,,,,,,,,,,,,,,,,,,,,,,,,,,,,,,,,,,,,,,,,,,,,,,,,,,,,,,,,,,,,,,0
,,,,,,,,,,,,,,,,,,,,,,,,,,,,,,,,,,,,,,,,,,,,,,,,,,,,,,,,,,,,,,,,,,,,0
,,,,,,,,,,,,,,,,,,,,,,,,,,,,,,,,,,,,,,,,,,,,,,,,,,,,,,,,,,,,,,,,,,,,0
,,,,,,,,,,,,,,,,,,,,,,,,,,,,,,,,,,,,,,,,,,,,,,,,,,,,,,,,,,,,,,,,,,,,0
,,,,,,,,,,,,,,,,,,,,,,,,,,,,,,,,,,,,,,,,,,,,,,,,,,,,,,,,,,,,,,,,,,,,0
,,,,,,,,,,,,,,,,,,,,,,,,,,,,,,,,,,,,,,,,,,,,,,,,,,,,,,,,,,,,,,,,,,,,0
,,,,,,,,,,,,,,,,,,,,,,,,,,,,,,,,,,,,,,,,,,,,,,,,,,,,,,,,,,,,,,,,,,,,0
,,,,,,,,,,,,,,,,,,,,,,,,,,,,,,,,,,,,,,,,,,,,,,,,,,,,,,,,,,,,,,,,,,,,0
,,,,,,,,,,,,,,,,,,,,,,,,,,,,,,,,,,,,,,,,,,,,,,,,,,,,,,,,,,,,,,,,,,,,0
,,,,,,,,,,,,,,,,,,,,,,,,,,,,,,,,,,,,,,,,,,,,,,,,,,,,,,,,,,,,,,,,,,,,0
,,,,,,,,,,,,,,,,,,,,,,,,,,,,,,,,,,,,,,,,,,,,,,,,,,,,,,,,,,,,,,,,,,,,0
,,,,,,,,,,,,,,,,,,,,,,,,,,,,,,,,,,,,,,,,,,,,,,,,,,,,,,,,,,,,,,,,,,,,0
,,,,,,,,,,,,,,,,,,,,,,,,,,,,,,,,,,,,,,,,,,,,,,,,,,,,,,,,,,,,,,,,,,,,0
,,,,,,,,,,,,,,,,,,,,,,,,,,,,,,,,,,,,,,,,,,,,,,,,,,,,,,,,,,,,,,,,,,,,0
,,,,,,,,,,,,,,,,,,,,,,,,,,,,,,,,,,,,,,,,,,,,,,,,,,,,,,,,,,,,,,,,,,,,0
,,,,,,,,,,,,,,,,,,,,,,,,,,,,,,,,,,,,,,,,,,,,,,,,,,,,,,,,,,,,,,,,,,,,0
,,,,,,,,,,,,,,,,,,,,,,,,,,,,,,,,,,,,,,,,,,,,,,,,,,,,,,,,,,,,,,,,,,,,0
,,,,,,,,,,,,,,,,,,,,,,,,,,,,,,,,,,,,,,,,,,,,,,,,,,,,,,,,,,,,,,,,,,,,0
,,,,,,,,,,,,,,,,,,,,,,,,,,,,,,,,,,,,,,,,,,,,,,,,,,,,,,,,,,,,,,,,,,,,0
,,,,,,,,,,,,,,,,,,,,,,,,,,,,,,,,,,,,,,,,,,,,,,,,,,,,,,,,,,,,,,,,,,,,0
,,,,,,,,,,,,,,,,,,,,,,,,,,,,,,,,,,,,,,,,,,,,,,,,,,,,,,,,,,,,,,,,,,,,0
,,,,,,,,,,,,,,,,,,,,,,,,,,,,,,,,,,,,,,,,,,,,,,,,,,,,,,,,,,,,,,,,,,,,0
,,,,,,,,,,,,,,,,,,,,,,,,,,,,,,,,,,,,,,,,,,,,,,,,,,,,,,,,,,,,,,,,,,,,0
,,,,,,,,,,,,,,,,,,,,,,,,,,,,,,,,,,,,,,,,,,,,,,,,,,,,,,,,,,,,,,,,,,,,0
,,,,,,,,,,,,,,,,,,,,,,,,,,,,,,,,,,,,,,,,,,,,,,,,,,,,,,,,,,,,,,,,,,,,0
,,,,,,,,,,,,,,,,,,,,,,,,,,,,,,,,,,,,,,,,,,,,,,,,,,,,,,,,,,,,,,,,,,,,0
,,,,,,,,,,,,,,,,,,,,,,,,,,,,,,,,,,,,,,,,,,,,,,,,,,,,,,,,,,,,,,,,,,,,0
,,,,,,,,,,,,,,,,,,,,,,,,,,,,,,,,,,,,,,,,,,,,,,,,,,,,,,,,,,,,,,,,,,,,0
,,,,,,,,,,,,,,,,,,,,,,,,,,,,,,,,,,,,,,,,,,,,,,,,,,,,,,,,,,,,,,,,,,,,0
,,,,,,,,,,,,,,,,,,,,,,,,,,,,,,,,,,,,,,,,,,,,,,,,,,,,,,,,,,,,,,,,,,,,0
,,,,,,,,,,,,,,,,,,,,,,,,,,,,,,,,,,,,,,,,,,,,,,,,,,,,,,,,,,,,,,,,,,,,0
,,,,,,,,,,,,,,,,,,,,,,,,,,,,,,,,,,,,,,,,,,,,,,,,,,,,,,,,,,,,,,,,,,,,0
,,,,,,,,,,,,,,,,,,,,,,,,,,,,,,,,,,,,,,,,,,,,,,,,,,,,,,,,,,,,,,,,,,,,0
,,,,,,,,,,,,,,,,,,,,,,,,,,,,,,,,,,,,,,,,,,,,,,,,,,,,,,,,,,,,,,,,,,,,0
,,,,,,,,,,,,,,,,,,,,,,,,,,,,,,,,,,,,,,,,,,,,,,,,,,,,,,,,,,,,,,,,,,,,0
,,,,,,,,,,,,,,,,,,,,,,,,,,,,,,,,,,,,,,,,,,,,,,,,,,,,,,,,,,,,,,,,,,,,0
,,,,,,,,,,,,,,,,,,,,,,,,,,,,,,,,,,,,,,,,,,,,,,,,,,,,,,,,,,,,,,,,,,,,0
,,,,,,,,,,,,,,,,,,,,,,,,,,,,,,,,,,,,,,,,,,,,,,,,,,,,,,,,,,,,,,,,,,,,0
,,,,,,,,,,,,,,,,,,,,,,,,,,,,,,,,,,,,,,,,,,,,,,,,,,,,,,,,,,,,,,,,,,,,0
,,,,,,,,,,,,,,,,,,,,,,,,,,,,,,,,,,,,,,,,,,,,,,,,,,,,,,,,,,,,,,,,,,,,0
,,,,,,,,,,,,,,,,,,,,,,,,,,,,,,,,,,,,,,,,,,,,,,,,,,,,,,,,,,,,,,,,,,,,0
,,,,,,,,,,,,,,,,,,,,,,,,,,,,,,,,,,,,,,,,,,,,,,,,,,,,,,,,,,,,,,,,,,,,0
,,,,,,,,,,,,,,,,,,,,,,,,,,,,,,,,,,,,,,,,,,,,,,,,,,,,,,,,,,,,,,,,,,,,0
,,,,,,,,,,,,,,,,,,,,,,,,,,,,,,,,,,,,,,,,,,,,,,,,,,,,,,,,,,,,,,,,,,,,0
,,,,,,,,,,,,,,,,,,,,,,,,,,,,,,,,,,,,,,,,,,,,,,,,,,,,,,,,,,,,,,,,,,,,0
,,,,,,,,,,,,,,,,,,,,,,,,,,,,,,,,,,,,,,,,,,,,,,,,,,,,,,,,,,,,,,,,,,,,0
,,,,,,,,,,,,,,,,,,,,,,,,,,,,,,,,,,,,,,,,,,,,,,,,,,,,,,,,,,,,,,,,,,,,0
,,,,,,,,,,,,,,,,,,,,,,,,,,,,,,,,,,,,,,,,,,,,,,,,,,,,,,,,,,,,,,,,,,,,0
,,,,,,,,,,,,,,,,,,,,,,,,,,,,,,,,,,,,,,,,,,,,,,,,,,,,,,,,,,,,,,,,,,,,0
,,,,,,,,,,,,,,,,,,,,,,,,,,,,,,,,,,,,,,,,,,,,,,,,,,,,,,,,,,,,,,,,,,,,0
,,,,,,,,,,,,,,,,,,,,,,,,,,,,,,,,,,,,,,,,,,,,,,,,,,,,,,,,,,,,,,,,,,,,0
,,,,,,,,,,,,,,,,,,,,,,,,,,,,,,,,,,,,,,,,,,,,,,,,,,,,,,,,,,,,,,,,,,,,0
,,,,,,,,,,,,,,,,,,,,,,,,,,,,,,,,,,,,,,,,,,,,,,,,,,,,,,,,,,,,,,,,,,,,0
,,,,,,,,,,,,,,,,,,,,,,,,,,,,,,,,,,,,,,,,,,,,,,,,,,,,,,,,,,,,,,,,,,,,0
,,,,,,,,,,,,,,,,,,,,,,,,,,,,,,,,,,,,,,,,,,,,,,,,,,,,,,,,,,,,,,,,,,,,0
,,,,,,,,,,,,,,,,,,,,,,,,,,,,,,,,,,,,,,,,,,,,,,,,,,,,,,,,,,,,,,,,,,,,0
,,,,,,,,,,,,,,,,,,,,,,,,,,,,,,,,,,,,,,,,,,,,,,,,,,,,,,,,,,,,,,,,,,,,0
,,,,,,,,,,,,,,,,,,,,,,,,,,,,,,,,,,,,,,,,,,,,,,,,,,,,,,,,,,,,,,,,,,,,0
,,,,,,,,,,,,,,,,,,,,,,,,,,,,,,,,,,,,,,,,,,,,,,,,,,,,,,,,,,,,,,,,,,,,0
,,,,,,,,,,,,,,,,,,,,,,,,,,,,,,,,,,,,,,,,,,,,,,,,,,,,,,,,,,,,,,,,,,,,0
,,,,,,,,,,,,,,,,,,,,,,,,,,,,,,,,,,,,,,,,,,,,,,,,,,,,,,,,,,,,,,,,,,,,0
,,,,,,,,,,,,,,,,,,,,,,,,,,,,,,,,,,,,,,,,,,,,,,,,,,,,,,,,,,,,,,,,,,,,0
,,,,,,,,,,,,,,,,,,,,,,,,,,,,,,,,,,,,,,,,,,,,,,,,,,,,,,,,,,,,,,,,,,,,0
,,,,,,,,,,,,,,,,,,,,,,,,,,,,,,,,,,,,,,,,,,,,,,,,,,,,,,,,,,,,,,,,,,,,0
,,,,,,,,,,,,,,,,,,,,,,,,,,,,,,,,,,,,,,,,,,,,,,,,,,,,,,,,,,,,,,,,,,,,0
,,,,,,,,,,,,,,,,,,,,,,,,,,,,,,,,,,,,,,,,,,,,,,,,,,,,,,,,,,,,,,,,,,,,0
,,,,,,,,,,,,,,,,,,,,,,,,,,,,,,,,,,,,,,,,,,,,,,,,,,,,,,,,,,,,,,,,,,,,0
,,,,,,,,,,,,,,,,,,,,,,,,,,,,,,,,,,,,,,,,,,,,,,,,,,,,,,,,,,,,,,,,,,,,0
,,,,,,,,,,,,,,,,,,,,,,,,,,,,,,,,,,,,,,,,,,,,,,,,,,,,,,,,,,,,,,,,,,,,0
,,,,,,,,,,,,,,,,,,,,,,,,,,,,,,,,,,,,,,,,,,,,,,,,,,,,,,,,,,,,,,,,,,,,0
,,,,,,,,,,,,,,,,,,,,,,,,,,,,,,,,,,,,,,,,,,,,,,,,,,,,,,,,,,,,,,,,,,,,0
,,,,,,,,,,,,,,,,,,,,,,,,,,,,,,,,,,,,,,,,,,,,,,,,,,,,,,,,,,,,,,,,,,,,0
,,,,,,,,,,,,,,,,,,,,,,,,,,,,,,,,,,,,,,,,,,,,,,,,,,,,,,,,,,,,,,,,,,,,0
,,,,,,,,,,,,,,,,,,,,,,,,,,,,,,,,,,,,,,,,,,,,,,,,,,,,,,,,,,,,,,,,,,,,0
,,,,,,,,,,,,,,,,,,,,,,,,,,,,,,,,,,,,,,,,,,,,,,,,,,,,,,,,,,,,,,,,,,,,0
,,,,,,,,,,,,,,,,,,,,,,,,,,,,,,,,,,,,,,,,,,,,,,,,,,,,,,,,,,,,,,,,,,,,0
,,,,,,,,,,,,,,,,,,,,,,,,,,,,,,,,,,,,,,,,,,,,,,,,,,,,,,,,,,,,,,,,,,,,0
,,,,,,,,,,,,,,,,,,,,,,,,,,,,,,,,,,,,,,,,,,,,,,,,,,,,,,,,,,,,,,,,,,,,0
,,,,,,,,,,,,,,,,,,,,,,,,,,,,,,,,,,,,,,,,,,,,,,,,,,,,,,,,,,,,,,,,,,,,0
,,,,,,,,,,,,,,,,,,,,,,,,,,,,,,,,,,,,,,,,,,,,,,,,,,,,,,,,,,,,,,,,,,,,0
,,,,,,,,,,,,,,,,,,,,,,,,,,,,,,,,,,,,,,,,,,,,,,,,,,,,,,,,,,,,,,,,,,,,0
,,,,,,,,,,,,,,,,,,,,,,,,,,,,,,,,,,,,,,,,,,,,,,,,,,,,,,,,,,,,,,,,,,,,0
,,,,,,,,,,,,,,,,,,,,,,,,,,,,,,,,,,,,,,,,,,,,,,,,,,,,,,,,,,,,,,,,,,,,0
,,,,,,,,,,,,,,,,,,,,,,,,,,,,,,,,,,,,,,,,,,,,,,,,,,,,,,,,,,,,,,,,,,,,0
,,,,,,,,,,,,,,,,,,,,,,,,,,,,,,,,,,,,,,,,,,,,,,,,,,,,,,,,,,,,,,,,,,,,0
,,,,,,,,,,,,,,,,,,,,,,,,,,,,,,,,,,,,,,,,,,,,,,,,,,,,,,,,,,,,,,,,,,,,0
,,,,,,,,,,,,,,,,,,,,,,,,,,,,,,,,,,,,,,,,,,,,,,,,,,,,,,,,,,,,,,,,,,,,0
,,,,,,,,,,,,,,,,,,,,,,,,,,,,,,,,,,,,,,,,,,,,,,,,,,,,,,,,,,,,,,,,,,,,0
,,,,,,,,,,,,,,,,,,,,,,,,,,,,,,,,,,,,,,,,,,,,,,,,,,,,,,,,,,,,,,,,,,,,0
,,,,,,,,,,,,,,,,,,,,,,,,,,,,,,,,,,,,,,,,,,,,,,,,,,,,,,,,,,,,,,,,,,,,0
,,,,,,,,,,,,,,,,,,,,,,,,,,,,,,,,,,,,,,,,,,,,,,,,,,,,,,,,,,,,,,,,,,,,0
,,,,,,,,,,,,,,,,,,,,,,,,,,,,,,,,,,,,,,,,,,,,,,,,,,,,,,,,,,,,,,,,,,,,0
,,,,,,,,,,,,,,,,,,,,,,,,,,,,,,,,,,,,,,,,,,,,,,,,,,,,,,,,,,,,,,,,,,,,0
,,,,,,,,,,,,,,,,,,,,,,,,,,,,,,,,,,,,,,,,,,,,,,,,,,,,,,,,,,,,,,,,,,,,0
,,,,,,,,,,,,,,,,,,,,,,,,,,,,,,,,,,,,,,,,,,,,,,,,,,,,,,,,,,,,,,,,,,,,0
,,,,,,,,,,,,,,,,,,,,,,,,,,,,,,,,,,,,,,,,,,,,,,,,,,,,,,,,,,,,,,,,,,,,0
,,,,,,,,,,,,,,,,,,,,,,,,,,,,,,,,,,,,,,,,,,,,,,,,,,,,,,,,,,,,,,,,,,,,0
,,,,,,,,,,,,,,,,,,,,,,,,,,,,,,,,,,,,,,,,,,,,,,,,,,,,,,,,,,,,,,,,,,,,0
,,,,,,,,,,,,,,,,,,,,,,,,,,,,,,,,,,,,,,,,,,,,,,,,,,,,,,,,,,,,,,,,,,,,0
,,,,,,,,,,,,,,,,,,,,,,,,,,,,,,,,,,,,,,,,,,,,,,,,,,,,,,,,,,,,,,,,,,,,0
,,,,,,,,,,,,,,,,,,,,,,,,,,,,,,,,,,,,,,,,,,,,,,,,,,,,,,,,,,,,,,,,,,,,0
,,,,,,,,,,,,,,,,,,,,,,,,,,,,,,,,,,,,,,,,,,,,,,,,,,,,,,,,,,,,,,,,,,,,0
,,,,,,,,,,,,,,,,,,,,,,,,,,,,,,,,,,,,,,,,,,,,,,,,,,,,,,,,,,,,,,,,,,,,0
,,,,,,,,,,,,,,,,,,,,,,,,,,,,,,,,,,,,,,,,,,,,,,,,,,,,,,,,,,,,,,,,,,,,0
,,,,,,,,,,,,,,,,,,,,,,,,,,,,,,,,,,,,,,,,,,,,,,,,,,,,,,,,,,,,,,,,,,,,0
,,,,,,,,,,,,,,,,,,,,,,,,,,,,,,,,,,,,,,,,,,,,,,,,,,,,,,,,,,,,,,,,,,,,0
,,,,,,,,,,,,,,,,,,,,,,,,,,,,,,,,,,,,,,,,,,,,,,,,,,,,,,,,,,,,,,,,,,,,0
,,,,,,,,,,,,,,,,,,,,,,,,,,,,,,,,,,,,,,,,,,,,,,,,,,,,,,,,,,,,,,,,,,,,0
,,,,,,,,,,,,,,,,,,,,,,,,,,,,,,,,,,,,,,,,,,,,,,,,,,,,,,,,,,,,,,,,,,,,0
,,,,,,,,,,,,,,,,,,,,,,,,,,,,,,,,,,,,,,,,,,,,,,,,,,,,,,,,,,,,,,,,,,,,0
,,,,,,,,,,,,,,,,,,,,,,,,,,,,,,,,,,,,,,,,,,,,,,,,,,,,,,,,,,,,,,,,,,,,0
,,,,,,,,,,,,,,,,,,,,,,,,,,,,,,,,,,,,,,,,,,,,,,,,,,,,,,,,,,,,,,,,,,,,0
,,,,,,,,,,,,,,,,,,,,,,,,,,,,,,,,,,,,,,,,,,,,,,,,,,,,,,,,,,,,,,,,,,,,0
,,,,,,,,,,,,,,,,,,,,,,,,,,,,,,,,,,,,,,,,,,,,,,,,,,,,,,,,,,,,,,,,,,,,0
,,,,,,,,,,,,,,,,,,,,,,,,,,,,,,,,,,,,,,,,,,,,,,,,,,,,,,,,,,,,,,,,,,,,0
,,,,,,,,,,,,,,,,,,,,,,,,,,,,,,,,,,,,,,,,,,,,,,,,,,,,,,,,,,,,,,,,,,,,0
,,,,,,,,,,,,,,,,,,,,,,,,,,,,,,,,,,,,,,,,,,,,,,,,,,,,,,,,,,,,,,,,,,,,0
,,,,,,,,,,,,,,,,,,,,,,,,,,,,,,,,,,,,,,,,,,,,,,,,,,,,,,,,,,,,,,,,,,,,0
,,,,,,,,,,,,,,,,,,,,,,,,,,,,,,,,,,,,,,,,,,,,,,,,,,,,,,,,,,,,,,,,,,,,0
,,,,,,,,,,,,,,,,,,,,,,,,,,,,,,,,,,,,,,,,,,,,,,,,,,,,,,,,,,,,,,,,,,,,0
,,,,,,,,,,,,,,,,,,,,,,,,,,,,,,,,,,,,,,,,,,,,,,,,,,,,,,,,,,,,,,,,,,,,0
,,,,,,,,,,,,,,,,,,,,,,,,,,,,,,,,,,,,,,,,,,,,,,,,,,,,,,,,,,,,,,,,,,,,0
,,,,,,,,,,,,,,,,,,,,,,,,,,,,,,,,,,,,,,,,,,,,,,,,,,,,,,,,,,,,,,,,,,,,0
,,,,,,,,,,,,,,,,,,,,,,,,,,,,,,,,,,,,,,,,,,,,,,,,,,,,,,,,,,,,,,,,,,,,0
,,,,,,,,,,,,,,,,,,,,,,,,,,,,,,,,,,,,,,,,,,,,,,,,,,,,,,,,,,,,,,,,,,,,0
,,,,,,,,,,,,,,,,,,,,,,,,,,,,,,,,,,,,,,,,,,,,,,,,,,,,,,,,,,,,,,,,,,,,0
,,,,,,,,,,,,,,,,,,,,,,,,,,,,,,,,,,,,,,,,,,,,,,,,,,,,,,,,,,,,,,,,,,,,0
,,,,,,,,,,,,,,,,,,,,,,,,,,,,,,,,,,,,,,,,,,,,,,,,,,,,,,,,,,,,,,,,,,,,0
,,,,,,,,,,,,,,,,,,,,,,,,,,,,,,,,,,,,,,,,,,,,,,,,,,,,,,,,,,,,,,,,,,,,0
,,,,,,,,,,,,,,,,,,,,,,,,,,,,,,,,,,,,,,,,,,,,,,,,,,,,,,,,,,,,,,,,,,,,0
,,,,,,,,,,,,,,,,,,,,,,,,,,,,,,,,,,,,,,,,,,,,,,,,,,,,,,,,,,,,,,,,,,,,0
,,,,,,,,,,,,,,,,,,,,,,,,,,,,,,,,,,,,,,,,,,,,,,,,,,,,,,,,,,,,,,,,,,,,0
,,,,,,,,,,,,,,,,,,,,,,,,,,,,,,,,,,,,,,,,,,,,,,,,,,,,,,,,,,,,,,,,,,,,0
,,,,,,,,,,,,,,,,,,,,,,,,,,,,,,,,,,,,,,,,,,,,,,,,,,,,,,,,,,,,,,,,,,,,0
,,,,,,,,,,,,,,,,,,,,,,,,,,,,,,,,,,,,,,,,,,,,,,,,,,,,,,,,,,,,,,,,,,,,0
,,,,,,,,,,,,,,,,,,,,,,,,,,,,,,,,,,,,,,,,,,,,,,,,,,,,,,,,,,,,,,,,,,,,0
,,,,,,,,,,,,,,,,,,,,,,,,,,,,,,,,,,,,,,,,,,,,,,,,,,,,,,,,,,,,,,,,,,,,0
,,,,,,,,,,,,,,,,,,,,,,,,,,,,,,,,,,,,,,,,,,,,,,,,,,,,,,,,,,,,,,,,,,,,0
,,,,,,,,,,,,,,,,,,,,,,,,,,,,,,,,,,,,,,,,,,,,,,,,,,,,,,,,,,,,,,,,,,,,0
,,,,,,,,,,,,,,,,,,,,,,,,,,,,,,,,,,,,,,,,,,,,,,,,,,,,,,,,,,,,,,,,,,,,0
,,,,,,,,,,,,,,,,,,,,,,,,,,,,,,,,,,,,,,,,,,,,,,,,,,,,,,,,,,,,,,,,,,,,0
,,,,,,,,,,,,,,,,,,,,,,,,,,,,,,,,,,,,,,,,,,,,,,,,,,,,,,,,,,,,,,,,,,,,0
,,,,,,,,,,,,,,,,,,,,,,,,,,,,,,,,,,,,,,,,,,,,,,,,,,,,,,,,,,,,,,,,,,,,0
,,,,,,,,,,,,,,,,,,,,,,,,,,,,,,,,,,,,,,,,,,,,,,,,,,,,,,,,,,,,,,,,,,,,0
,,,,,,,,,,,,,,,,,,,,,,,,,,,,,,,,,,,,,,,,,,,,,,,,,,,,,,,,,,,,,,,,,,,,0
,,,,,,,,,,,,,,,,,,,,,,,,,,,,,,,,,,,,,,,,,,,,,,,,,,,,,,,,,,,,,,,,,,,,0
,,,,,,,,,,,,,,,,,,,,,,,,,,,,,,,,,,,,,,,,,,,,,,,,,,,,,,,,,,,,,,,,,,,,0
,,,,,,,,,,,,,,,,,,,,,,,,,,,,,,,,,,,,,,,,,,,,,,,,,,,,,,,,,,,,,,,,,,,,0
,,,,,,,,,,,,,,,,,,,,,,,,,,,,,,,,,,,,,,,,,,,,,,,,,,,,,,,,,,,,,,,,,,,,0
,,,,,,,,,,,,,,,,,,,,,,,,,,,,,,,,,,,,,,,,,,,,,,,,,,,,,,,,,,,,,,,,,,,,0
,,,,,,,,,,,,,,,,,,,,,,,,,,,,,,,,,,,,,,,,,,,,,,,,,,,,,,,,,,,,,,,,,,,,0
,,,,,,,,,,,,,,,,,,,,,,,,,,,,,,,,,,,,,,,,,,,,,,,,,,,,,,,,,,,,,,,,,,,,0
,,,,,,,,,,,,,,,,,,,,,,,,,,,,,,,,,,,,,,,,,,,,,,,,,,,,,,,,,,,,,,,,,,,,0
,,,,,,,,,,,,,,,,,,,,,,,,,,,,,,,,,,,,,,,,,,,,,,,,,,,,,,,,,,,,,,,,,,,,0
,,,,,,,,,,,,,,,,,,,,,,,,,,,,,,,,,,,,,,,,,,,,,,,,,,,,,,,,,,,,,,,,,,,,0
,,,,,,,,,,,,,,,,,,,,,,,,,,,,,,,,,,,,,,,,,,,,,,,,,,,,,,,,,,,,,,,,,,,,0
,,,,,,,,,,,,,,,,,,,,,,,,,,,,,,,,,,,,,,,,,,,,,,,,,,,,,,,,,,,,,,,,,,,,0
,,,,,,,,,,,,,,,,,,,,,,,,,,,,,,,,,,,,,,,,,,,,,,,,,,,,,,,,,,,,,,,,,,,,0
,,,,,,,,,,,,,,,,,,,,,,,,,,,,,,,,,,,,,,,,,,,,,,,,,,,,,,,,,,,,,,,,,,,,0
,,,,,,,,,,,,,,,,,,,,,,,,,,,,,,,,,,,,,,,,,,,,,,,,,,,,,,,,,,,,,,,,,,,,0
,,,,,,,,,,,,,,,,,,,,,,,,,,,,,,,,,,,,,,,,,,,,,,,,,,,,,,,,,,,,,,,,,,,,0
,,,,,,,,,,,,,,,,,,,,,,,,,,,,,,,,,,,,,,,,,,,,,,,,,,,,,,,,,,,,,,,,,,,,0
,,,,,,,,,,,,,,,,,,,,,,,,,,,,,,,,,,,,,,,,,,,,,,,,,,,,,,,,,,,,,,,,,,,,0
,,,,,,,,,,,,,,,,,,,,,,,,,,,,,,,,,,,,,,,,,,,,,,,,,,,,,,,,,,,,,,,,,,,,0
,,,,,,,,,,,,,,,,,,,,,,,,,,,,,,,,,,,,,,,,,,,,,,,,,,,,,,,,,,,,,,,,,,,,0
,,,,,,,,,,,,,,,,,,,,,,,,,,,,,,,,,,,,,,,,,,,,,,,,,,,,,,,,,,,,,,,,,,,,0
,,,,,,,,,,,,,,,,,,,,,,,,,,,,,,,,,,,,,,,,,,,,,,,,,,,,,,,,,,,,,,,,,,,,0
,,,,,,,,,,,,,,,,,,,,,,,,,,,,,,,,,,,,,,,,,,,,,,,,,,,,,,,,,,,,,,,,,,,,0
,,,,,,,,,,,,,,,,,,,,,,,,,,,,,,,,,,,,,,,,,,,,,,,,,,,,,,,,,,,,,,,,,,,,0
,,,,,,,,,,,,,,,,,,,,,,,,,,,,,,,,,,,,,,,,,,,,,,,,,,,,,,,,,,,,,,,,,,,,0
,,,,,,,,,,,,,,,,,,,,,,,,,,,,,,,,,,,,,,,,,,,,,,,,,,,,,,,,,,,,,,,,,,,,0
,,,,,,,,,,,,,,,,,,,,,,,,,,,,,,,,,,,,,,,,,,,,,,,,,,,,,,,,,,,,,,,,,,,,0
,,,,,,,,,,,,,,,,,,,,,,,,,,,,,,,,,,,,,,,,,,,,,,,,,,,,,,,,,,,,,,,,,,,,0
,,,,,,,,,,,,,,,,,,,,,,,,,,,,,,,,,,,,,,,,,,,,,,,,,,,,,,,,,,,,,,,,,,,,0
,,,,,,,,,,,,,,,,,,,,,,,,,,,,,,,,,,,,,,,,,,,,,,,,,,,,,,,,,,,,,,,,,,,,0
,,,,,,,,,,,,,,,,,,,,,,,,,,,,,,,,,,,,,,,,,,,,,,,,,,,,,,,,,,,,,,,,,,,,0
,,,,,,,,,,,,,,,,,,,,,,,,,,,,,,,,,,,,,,,,,,,,,,,,,,,,,,,,,,,,,,,,,,,,0
,,,,,,,,,,,,,,,,,,,,,,,,,,,,,,,,,,,,,,,,,,,,,,,,,,,,,,,,,,,,,,,,,,,,0
,,,,,,,,,,,,,,,,,,,,,,,,,,,,,,,,,,,,,,,,,,,,,,,,,,,,,,,,,,,,,,,,,,,,0
,,,,,,,,,,,,,,,,,,,,,,,,,,,,,,,,,,,,,,,,,,,,,,,,,,,,,,,,,,,,,,,,,,,,0
,,,,,,,,,,,,,,,,,,,,,,,,,,,,,,,,,,,,,,,,,,,,,,,,,,,,,,,,,,,,,,,,,,,,0
,,,,,,,,,,,,,,,,,,,,,,,,,,,,,,,,,,,,,,,,,,,,,,,,,,,,,,,,,,,,,,,,,,,,0