,I,Drawdown ID,,Dealership Name,Loan Status,Assigned SO,Assigned Sales Manager,,Credit Date to Dealer Bank Account ,Year Model,Make Model Variant,Plate Number (as on ORCR),Financing Type,Financier,Disbursal Date,Fair Market Value (FMV),Loan to Value (LTV) Ratio,Original Principal,Total Outstanding Principal,Outstanding Principal,New Credit Status,Max Closed DPD,Status Reason,ORCR Verification,R1 Due Date,R1 Status,R1 Payment Status,R2 Due Date,R2 Status,R2 Payment Status,Maturity Due Date,Maturity Status,Maturity Status,Loan Aging,R1 DPD Bucket,R2 DPD Bucket,Maturity DPD Bucket,In DPD?,DPD Aging,Require PDC?,PDC Amount,PDC Date,PDC Recieved?,Repossessed Unit?,Repo Date,Repo Status,Sold Repo Date,Latest Actual Inspection Date,Latest Actual Inspection Status,Latest Passed Remark,Latest Geotagged Photo,Link to Drawdown Documents,# of Inspections,# of Passed Inspections,# of Failed Inspections,Sold Flagging,Frequency,Type of Payment,Actual Payment Made,First Outstanding Stage,Last Outstanding Stage,Failure Status,,Netbank Disbursal Date,Netbank Aging,For Litigation?,ORCR Verification Date,Duplicate Found?,Duplicate Recorded Date,Transferred?,Transfer Date,LTO Special File Endorsement Date,LTO Special File Completion Date,LTO Title Transfer Endorsement Date,LTO Title Transfer Completion Date,Status
,,EMC0,,EMC PRADO AUTO INC,Closed,Marlon Llamas,Albert Dalupang,,26-Jan-2024,2009,LEXUS LX570 5.7,NBQ 546,Inventory Financing,Netbank,45317,2717500,0.4047838086,1100000,0,0,,,,,45346,Not Renewed,,,Not Applicable,,45377,Paid in Full,Early,13,,,,,,,,,,,,,,,No Entry Yet,,,ORCR Documents & Drawdown Documents,0,0,0,,1,,,,,,,45317
,,DCP0,,DCP-DASH CAR PRO TRADING CORP (Dashcarr Pro),Closed,Marlon Llamas,Albert Dalupang,,23-Feb-2024,2017,TOYOTA HIACE COMMUTER,NCX 7239,Inventory Financing,Netbank,45345,943360,0.5300203528,500000,0,0,,,,,45374,Not Renewed,,,Not Applicable,,45404,Paid in Full,Early,28,,,,,,,,,,,,,,,No Entry Yet,,,2017 TOYOTA HI ACE_NCX7239,0,0,0,,1,,,,,,,45345
,,OAC0,,OKSCARS AUTOFINANCING CAR TRADING,Closed,Elvira Ladea,Marah Luriely A. Villaruz,,26-Feb-2024,2018,HONDA CIVIC RS TURBO,NDM 8359,Inventory Financing,Netbank,45348,1030222,0.6018120366,620000,0,0,,,,,45377,Not Renewed,,,Not Applicable,,45405,Paid in Full,Early,31,,,,,,,,,,,,,,,No Entry Yet,,,2018 HONDA CIVIC_NDM8359,0,0,0,,1,,,,,,,45345
,,YCA0,,YOCARS AUTOMOTIVE CARE SERVICES,Closed,Marlon Llamas,Albert Dalupang,,1-Mar-2024,2018,FORD RANGER 2.2L XLT 4X2,NAJ 4247,Inventory Financing,Netbank,45352,873469,0.3434580964,300000,0,0,,,,,45381,Not Renewed,,,Not Applicable,,45411,Paid in Full,Early,25,,,,,,,,,,,,,,,No Entry Yet,,,2018 FORD RANGER 2.2L 4x2,0,0,0,,1,,,,,,,45351
,,RAT0,,RANDALL AUTO TRADING,Closed,Marlon Llamas,Albert Dalupang,,15-Mar-2024,2018,MITSUBISHI MONTERO SPORT 2.5 GLS,NCR 2498,Inventory Financing,Netbank,45366,1007909,0.3472535715,350000,0,0,,,,,45395,Not Renewed,,,Not Applicable,,45425,Paid in Full,Early,32,,,,,,,,,,,,,,,No Entry Yet,,,2018 Mitsubishi Montero Sport GLS 2.5 AT,0,0,0,,1,,,,,,,45366
,,RAMP0,,RAMP AUTO TRADING,Closed,Marlon Llamas,Albert Dalupang,,20-Mar-2024,2013,MITSUBISHI LANCER EX GLX 1,WXI 365,Inventory Financing,Netbank,45371,361192,0.3488449357,126000,0,0,,,,,45400,Not Renewed,,,Not Applicable,,45432,Paid in Full,Early,30,,,,,,,,,,,,,,,No Entry Yet,,,2013 Mitsubishi Lancer EX GLX 1,0,0,0,,1,,,,,,,45371
,,MJM0,,MJM MOTOR SHOP,Closed,Rhoyland Alagon,Marah Luriely A. Villaruz,,22-Mar-2024,2015,KIA RIO EX AT,ARA 9051,Inventory Financing,Netbank,45373,363950,0.3709300728,135000,0,0,,93,,,45402,Not Renewed,,,Not Applicable,,45433,Paid in Full,Late,158,,,,,98,,,,,Yes,,,,,No Entry Yet,,,https://drive.google.com/drive/folders/1uEj23EtsqN1hnVa8soDNkHRiscckWWIH?usp=drive_link,0,0,0,,1,,,,,,,45373
,,JJC0,,JAYJAY CAR TRADING,Closed,Marlon Llamas,Albert Dalupang,,27-Mar-2024,2023,MITSUBISHI L300 C/C 2.2D M,NIG 4714,Inventory Financing,Netbank,45378,772143,0.5050877881,390000,0,0,,,,,45407,Not Renewed,,,Not Applicable,,45439,Paid in Full,Early,6,,,,,,,,,,,,,,,No Entry Yet,,,1. 2023 Mitsubishi L300 FB,0,0,0,,1,,,,,,,45378
,,DAM0,,DAVE AND MELODY VEHICLE TRADING (Formerly as D.M Cars),Closed,Marlon Llamas,Albert Dalupang,,24-Apr-2024,2018,MITSUBISHI MIRAGE G4 GLX 1.2G CVT,NEI 9670,Inventory Financing,Netbank,45406,459202.29,0.6315299516,290000,0,0,,,,,45435,Renewed,Early,,Not Applicable,,45467,Paid in Full,Early,57,,,,,,,,,,,,,,,No Entry Yet,,,DAM1_2018	Mitsubishi Mirage G4 GLX 1.2G CVT,0,0,0,,1,,,,,,,45406
,,LSC0,,GCE VEHICLE TRADING (Formerly: LINIS SIKAT CARWASH & ACCESSORIES),Closed,Zhesa Resurrecion,Albert Dalupang,,30-Apr-2024,2018,TOYOTA HIACE GL GRANDIA DSL MT,NBE 1320,Inventory Financing,Netbank,45412,914166,0.5250687512,480000,0,0,,,,,45441,Not Renewed,,,Not Applicable,,45471,Paid in Full,Early,7,,,,,,,,,,,,,,,No Entry Yet,,,DRAWDOWN REQUEST AS OF APRIL 26 2024,0,0,0,,1,,,,,,,45411
,,QAA0,,QRA AUTOSALE AND AUTOWORKS ENTERPRISES CORP.,Closed,Jerome Cacayan,Albert Dalupang,,2-May-2024,2012,MITSUBISHI MONTERO SPT GLS,UCI 342,Inventory Financing,Netbank,45414,564333.33,0.4961606645,280000,0,0,,25,,,45443,Renewed,On Time,,Not Applicable,,45474,Paid in Full,Late,92,,,,,30,,,,,,,,,,No Entry Yet,,,2012 Mitsubishi Montero Spt GLS,0,0,0,,1,,,,,,,45412
,,DGH0,,DON/GIE 2ND HAND CAR TRADING,Closed,Marlon Llamas,Albert Dalupang,,7-May-2024,2015,TOYOTA INNOVA,AJA 1469,Inventory Financing,Netbank,45419,661000,0.6051437216,400000,0,0,,,,,45448,Not Renewed,,,Not Applicable,,45478,Paid in Full,Early,7,,,,,,,,,,,,,,,No Entry Yet,,,2015 Toyota Innova SUV 2.5 E,0,0,0,,1,,,,,,,45418
,,GAT0,,GARAGE888 AUTO TRADING,Closed,Marlon Llamas,Albert Dalupang,,24-May-2024,2016,TOYOTA YARIS E,NCG 1993,Inventory Financing,Netbank,45436,482800,0.6213753107,300000,0,0,,,,,45465,Not Renewed,,,Not Applicable,,45495,Paid in Full,Early,29,,,,,,,,,,,,,,,No Entry Yet,,,2016_TOYOTA_YARIS_E_NCG1993,0,0,0,,1,,,,,,,45436
,,CRO0,,CROSSROAD 77,Closed,Rose Batacan,Malou Alfonso,,28-May-2024,2019,NISSAN TERRA EL M,LAF8495,Inventory Financing,Netbank,45440,727000,0.4126547455,300000,0,0,,,,,45469,Not Renewed,,,Not Applicable,,45502,Paid in Full,Early,6,,,,,,,,,,,,,,,No Entry Yet,,,CRO1_2019_NISSAN_TERRA_EL_M_LAF8495,0,0,0,,1,,,,,,,45440
,,LCT0,,LUCKY 323 CAR TRADING,Closed,Marlon Llamas,Albert Dalupang,,30-May-2024,2016,VOLKSWAGEN JETTA TDI A,NCZ4336,Inventory Financing,Netbank,45442,498857.14,0.4009163826,200000,0,0,,,,,45471,Not Renewed,,,Not Applicable,,45502,Paid in Full,Early,28,,,,,,,,,,,,,,,No Entry Yet,,,2016 VOLKSWAGEN JETTA TDI A NCZ4336,0,0,0,,1,,,,,,,45441
,,PKT0,,PARE KOTSE CAR TRADING,Closed,Elvira Ladea,Marah Luriely A. Villaruz,,31-May-2024,2014,TOYOTA FORTUNER 4X2,AAJ4865,Inventory Financing,Netbank,45443,806095.24,0.6202741006,500000,0,0,,,,,45472,Not Renewed,,,Not Applicable,,45503,Paid in Full,Early,26,,,,,,,,,,,,,,,No Entry Yet,,,2014 TOYOTA FORTUNER 4X2_AAJ4865,0,0,0,,2,,,,,,,45443
,,VAS0,,VERSATILE AUTO SALES,Closed,Marlon Llamas,Albert Dalupang,,4-Jun-2024,2021,TOYOTA AVANZA E MT,NEL5453,Inventory Financing,Netbank,45447,708667,0.7055499974,500000,0,0,,,,,45476,Not Renewed,,,Not Applicable,,45506,Paid in Full,Early,28,,,,,,,,,,,,,,,No Entry Yet,,,2021 TOYOTA AVANZA E MT_NEL5453,0,0,0,,1,,,,,,,45446
,,ARR0,,ARRONDAVIS AUTO TRADING,Closed,Rose Batacan,Malou Alfonso,,24-Jun-2024,2020,TOYOTA VIOS XLE CV,NAN6739,Inventory Financing,Netbank,45467,611087.9,0.6545703163,400000,0,0,,,,,45496,Not Renewed,,,Not Applicable,,45527,Paid in Full,Early,9,,,,,,,,,,,,,,,No Entry Yet,,,2020 TOYOTA VIOS XLE CV_NAN6739,0,0,0,,1,,,,,,,45467
,,KEER0,,KEER GARAGE1 VEHICLE MAINTENANCE SERVICES,Closed,Rhoyland Alagon,Marah Luriely A. Villaruz,,28-Jun-2024,2010,SUBARU FORESTER A,NOT120,Inventory Financing,Netbank,45471,396250,0.2902208202,115000,0,0,,,,,45500,Not Renewed,,,Not Applicable,,45530,Paid in Full,Early,25,,,,,,,,,,,,,,,No Entry Yet,,,2010 SUBARU FORESTER A_NOT120,0,0,0,,1,,,,,,,45470
,,PMB0,,PMB CAR EXCHANGE,Closed,Myrnalyn Bankingkito,Malou Alfonso,,3-Jul-2024,2017,FORD EVEREST TREND 2,130107/NAV6738,Inventory Financing,Netbank,45476,888818.09,0.4950394293,440000,0,0,,,,,45505,Not Renewed,,,Not Applicable,,45537,Paid in Full,Early,30,,,,,,,,,,,,,,,No Entry Yet,,,2017 FORD EVEREST TREND 2_130107/NAV6738,0,0,0,,1,,,,,,,45475
,,MCA0,,MARCUS CAR ACCESSORIES AND DETAILING,Closed,Rose Batacan,Malou Alfonso,,9-Jul-2024,2018,ISUZU MU-X RZ4E,NAY2893,Inventory Financing,Netbank,45482,590000,0.5084745763,300000,0,0,,,,,45511,Not Renewed,,,Not Applicable,,45541,Paid in Full,Early,21,,,,,,,,,,,,,,,No Entry Yet,,,2018 ISUZU MU-X RZ4E_NAY2893,0,0,0,,1,,,,,,,45481
,,APT0,,AUTO PLANET TRADING PHILS INC.,Closed,Rhoyland Alagon,Marah Luriely A. Villaruz,,9-Jul-2024,2018,MITSUBISHI MONTERO SPT GLX,EAB5395,Inventory Financing,Netbank,45482,903200,0.6200177148,560000,0,0,,,,,45511,Not Renewed,,,Not Applicable,,45541,Paid in Full,Early,25,,,,,,,,,,,,,,,No Entry Yet,,,2018 MITSUBISHI MONTERO SPT GLX_EAB5395,0,0,0,,1,,,,,,,45481
,,CARZ0,,CARZON3 AUTO TRADING,Closed,Zhesa Resurrecion,Albert Dalupang,,12-Jul-2024,2014,TOYOTA VIOS J,WQK617,Inventory Financing,Netbank,45485,341222.22,0.7473135835,255000,0,0,,,,,45514,Not Renewed,,,Not Applicable,,45545,Paid in Full,Early,27,,,,,,,,,,,,,,,No Entry Yet,,,2014 TOYOTA VIOS J_WQK617,0,0,0,,1,,,,,,,45485
,,FAST0,,FASTWHEELS CAR AGENT SERVICES,Closed,Rhoyland Alagon,Marah Luriely A. Villaruz,,26-Jul-2024,2016,TOYOTA INNOVA E,NBW8174,Inventory Financing,Netbank,45499,776289.91,0.6440892681,500000,0,0,,,,,45528,Not Renewed,,,Not Applicable,,45559,Paid in Full,Early,7,,,,,,,,,,,,,,,No Entry Yet,,,2016 TOYOTA INNOVA E_NBW8174,0,0,0,,1,,,,,,,45499
,,CAT0,,CARMATRIO AUTO TRADING,Closed,Marlon Llamas,Albert Dalupang,,7-Aug-2024,2023,HONDA CITY,NHD7928,Inventory Financing,Netbank,45511,871666.67,0.6998087927,610000,0,0,,,,,45540,Not Renewed,,,Not Applicable,,45572,Paid in Full,Early,20,,,,,,,,,,,,,,,No Entry Yet,,,2023 HONDA CITY_NHD7928,0,0,0,,1,,,,,,,45511
,,ABA0,,AUTO BOUTIQ AUTO TRADING,Closed,Elvira Ladea,Marah Luriely A. Villaruz,,9-Aug-2024,2009,NISSAN 370Z COUPE,BTG370,Inventory Financing,Netbank,45513,2100000,0.3,630000,0,0,,,,,45542,Not Renewed,,,Not Applicable,,45572,Paid in Full,Early,30,,,,,,,,,,,,,,,No Entry Yet,,,2009 NISSAN 370Z_BTG370,0,0,0,,1,,,,,,,45512
,,RSAL0,,RSALVADOR CAR TRADING,Closed,Rhoyland Alagon,Marah Luriely A. Villaruz,,13-Aug-2024,2020,TOYOTA WIGO G,133610/NEB7131,Inventory Financing,Netbank,45517,492759.2,0.7001391349,345000,0,0,,,,,45546,Not Renewed,,,Not Applicable,,45579,Paid in Full,Early,21,,,,,,,,,,,,,,,No Entry Yet,,,2020 TOYOTA WIGO G_133610/NEB7131,0,0,0,,1,,,,,,,45517
,,NEO0,,NEO'S AUTO TRADING,Closed,Marlon Llamas,Albert Dalupang,,22-Aug-2024,2023,MITSUBISHI MIRAGE G4 GLX,NEE6616,Inventory Financing,Netbank,45526,600142.85,0.6998333813,420000,0,0,,,,,45555,Not Renewed,,,Not Applicable,,45586,Paid in Full,Early,9,,,,,,,,,,,,,,,No Entry Yet,,,2023 MITSUBISHI MIRAGE G4 GLX_NEE6616,0,0,0,,1,,,,,,,45526
,,KCL0,,KCL'S AUTO TRADING,Closed,Elvira Ladea,Marah Luriely A. Villaruz,,21-Aug-2024,2016,FORD MUSTANG GT COUP,FAA3489,Inventory Financing,Netbank,45525,2202749.75,0.4539780336,1000000,0,0,,,,,45554,Not Renewed,,,Not Applicable,,45586,Paid in Full,Early,28,,,,,,,,,,,,,,,No Entry Yet,,,2016 FORD MUSTANG GT COUP_FAA3489,0,0,0,,1,,,,,,,45525
,,SNG0,,START N' GO CAR TRADING,Closed,Myrnalyn Bankingkito,Malou Alfonso,,28-Aug-2024,2022,2022 MITSUBISHI L300 C/C 2.2D MT,NID9706,Inventory Financing,Netbank,45532,695000,0.4604316547,320000,0,0,,1,,,45561,Renewed,Late,,Not Applicable,,45593,Paid in Full,Early,59,,,,,6,,,,,,,,,,No Entry Yet,,,2022 MITSUBISHI L300 CC_NID9706,0,0,0,,1,,,,,,,45532
,,UGE0,,UGEAGI CAR TRADING,Closed,Elvira Ladea,Marah Luriely A. Villaruz,,30-Aug-2024,2023,SUZUKI S-PRESSO GL AGS,GBA2260,Inventory Financing,Netbank,45534,528000,0.6439393939,340000,0,0,,,,,45563,Not Renewed,,,Not Applicable,,45594,Paid in Full,Early,29,,,,,,,,,,,,,,,No Entry Yet,,,2023 SUZUKI S-PRESSO GL AGS_GBA2260,0,0,0,,1,,,,,,,45534
,,RNS0,,RNS AUTO TRADING,Closed,Zhesa Resurrecion,Albert Dalupang,,30-Aug-2024,2019,HONDA CITY,NDL7486,Inventory Financing,Netbank,45534,663136.36,0.6936733193,460000,0,0,,,,,45563,Not Renewed,,,Not Applicable,,45594,Paid in Full,Early,24,,,,,,,,,,,,,,,No Entry Yet,,,2019 HONDA CITY_NDL7486,0,0,0,,1,,,,,,,45534
,,ANC0,,AUTO-NEXUS CAR TRADING,Closed,Marlon Llamas,Albert Dalupang,,30-Aug-2024,2017,LEXUS LEXUS LC500 5.0,NEN5420,Inventory Financing,Netbank,45534,5932099,0.6574401405,3900000,0,0,,,,,45563,Not Renewed,,,Not Applicable,,45594,Paid in Full,Early,28,,,,,,,,,,,,,,,No Entry Yet,,,2017 LEXUS LEXUS LC500 5.0_NEN5420,0,0,0,,1,,,,,,,45534
,,ACA0,,ANDRAVEN CARS AUTO TRADING,Closed,Rhoyland Alagon,Marah Luriely A. Villaruz,,5-Sep-2024,2020,NISSAN NAVARA,GAO5873,Inventory Financing,Netbank,45540,1099333.33,0.6958762908,765000,0,0,,,,,45569,Not Renewed,,,Not Applicable,,45600,Paid in Full,Early,20,,,,,,,,,,,,,,,No Entry Yet,,,2020 NISSAN NAVARA_GAO5873,0,0,0,,1,,,,,,,45540
,,HMC0,,HATCHBACK-MONSTER CAR DISPLAY CENTER,Closed,Rhoyland Alagon,Marah Luriely A. Villaruz,,5-Sep-2024,2017,HONDA MOBILIO,NCP1456,Inventory Financing,Netbank,45540,632285.71,0.6642566697,420000,0,0,,,,,45569,Not Renewed,,,Not Applicable,,45600,Paid in Full,Early,27,,,,,,,,,,,,,,,No Entry Yet,,,2017 HONDA MOBILIO_NCP1456,0,0,0,,1,,,,,,,45540
,,JSL0,,JSL CARS VEHICLE TRADING,Closed,Zhesa Resurrecion,Albert Dalupang,,6-Sep-2024,2015,FORD FOCUS 5DR,NCE7594,Inventory Financing,Netbank,45541,419000,0.477326969,200000,0,0,,,,,45570,Not Renewed,,,Not Applicable,,45601,Paid in Full,Early,26,,,,,,,,,,,,,,,No Entry Yet,,,2015 FORD FOCUS 5DR_NCE7594,0,0,0,,1,,,,,,,45541
,,BKG0,,BKG CAR TRADING,Closed,Elvira Ladea,Marah Luriely A. Villaruz,,10-Sep-2024,2013,MITSUBISHI LANCER EX MX,WOC809,Inventory Financing,Netbank,45545,444000,0.5630630631,250000,0,0,,,,,45574,Not Renewed,,,Not Applicable,,45604,Paid in Full,Early,10,,,,,,,,,,,,,,,No Entry Yet,,,2013 MITSUBISHI LANCER EX MX_WOC809,0,0,0,,1,,,,,,,45544
,,RZAT0,,R ZABLAN AUTO TRADING,Closed,Rhoyland Alagon,Marah Luriely A. Villaruz,,10-Sep-2024,2016,TOYOTA VIOS TRD A,NBW1475,Inventory Financing,Netbank,45545,412500,0.7272727273,300000,0,0,,,,,45574,Not Renewed,,,Not Applicable,,45607,Paid in Full,Early,27,,,,,,,,,,,,,,,No Entry Yet,,,2016 TOYOTA VIOS TRD A_NBW1475,0,0,0,,1,,,,,,,45545
,,ALT0,,ALTUS CARS FINANCIAL CONSULTANCY SERVICES,Closed,Malou Alfonzo,Albert Dalupang,,11-Sep-2024,2013,HONDA JAZZ,XRM613,Inventory Financing,Netbank,45546,468000,0.5341880342,250000,0,0,,,,,45575,Not Renewed,,,Not Applicable,,45607,Paid in Full,Early,42,,,,,,,,,,,,,,,No Entry Yet,,,2013 HONDA JAZZ_XRM613,0,0,0,,1,,,,,,,45546
,,TAU0,,TAURUS CAR EXCHANGE,Closed,,,,11-Sep-2024,2014,HYUNDAI ELANTRA E,130101/ARA6602,Inventory Financing,Netbank,45546,674000,0.3709198813,250000,0,0,,,,,45575,Not Renewed,,,Not Applicable,,45607,Paid in Full,Early,28,,,,,,,,,,,,,,,No Entry Yet,,,2014 HYUNDAI ELANTRA E_130101/ARA6602,0,0,0,,1,,,,,,,45546
,,PAD0,,PAULO AND DANNA AUTO TRADING,Closed,Myrnalyn Bankingkito,Malou Alfonso,,20-Sep-2024,2012,MITSUBISHI SPT 2.5 GLS AT,TZI540,Inventory Financing,Netbank,45555,456277.78,0.6136612657,280000,0,0,,,,,45584,Renewed,Early,,Not Applicable,,45615,Paid in Full,Early,57,,,,,,,,,,,,,,,No Entry Yet,,,2012 MITSUBISHI MONTERO GLS_TZI540,0,0,0,,1,,,,,,,45555
,,GCA0,,1 G CAR AGENT SERVICES,Closed,Elvira Ladea,Marah Luriely A. Villaruz,,24-Sep-2024,2014,SUZUKI APV SGX AT`,130110/AAP1152,Inventory Financing,Netbank,45559,430250,0.6972690296,300000,0,0,,,,,45588,Not Renewed,,,Not Applicable,,45621,Paid in Full,Early,23,,,,,,,,,,,,,,,No Entry Yet,,,2014 SUZUKI APV SGX AT_130110/AAP1152,0,0,0,,1,,,,,,,45559
,,ACT0,,AUTOCOTTO CAR TRADING,Closed,Myrnalyn Bankingkito,Malou Alfonso,,27-Sep-2024,2020,TOYOTA WIGO G,1862257143,Inventory Financing,Netbank,45562,504800,0.6933438986,350000,0,0,,,,,45591,Not Renewed,,,Not Applicable,,45621,Paid in Full,Early,30,,,,,,,,,,,,,,,No Entry Yet,,,2020 TOYOTA WIGO G_NEF5087,0,0,0,,1,,,,,,,45574
,,MJO0,,MJO CAR TRADING,Closed,Elvira Ladea,Marah Luriely A. Villaruz,,27-Sep-2024,2016,PEUGEOT 308 16E,130103/NAF7658,Inventory Financing,Netbank,45562,598000,0.3678929766,220000,0,0,,,,,45591,Not Renewed,,,Not Applicable,,45622,Paid in Full,Early,27,,,,,,,,,,,,,,,No Entry Yet,,,2016 PEUGEOT 308 16E_130103/NAF7658,0,0,0,,1,,,,,,,45574
,,AWM0,,AUTO WEALTH MARKETING CONSULTANCY,Closed,Malou Alfonzo,Albert Dalupang,,7-Oct-2024,2023,MITSUBISHI MIRAGE GLX,NEE9479,Inventory Financing,Netbank,45572,773333.33,0.6982758651,540000,0,0,,,,,45601,Not Renewed,,,Not Applicable,,45632,Paid in Full,Early,28,,,,,,,,,,,,,,,No Entry Yet,,,2023 MITSUBISHI MIRAGE GLX_NEE9479,0,0,0,,1,,,,,,,45574
,,PCT0,,PRINCE CAR TRADING,Closed,Zhesa Resurrecion,Albert Dalupang,,9-Oct-2024,2018,HYUNDAI ACCENT GL 6,NCM6727,Inventory Financing,Netbank,45574,395000,0.5949367089,235000,0,0,,,,,45603,Not Renewed,,,Not Applicable,,45632,Paid in Full,Early,35,,,,,,,,,,,,,,,No Entry Yet,,,2018 HYUNDAI ACCENT GL 6_NCM6727,0,0,0,,1,,,,,,,45574
,,DCT0,,DC CAR TRADING,Closed,Rhoyland Alagon,Marah Luriely A. Villaruz,,24-Oct-2024,2012,TOYOTA FORTUNER 4X2,UOO588,Inventory Financing,Netbank,45589,649181.82,0.5545441799,360000,0,0,,,,,45618,Not Renewed,,45648,Not Renewed,,45679,Paid in Full,Early,22,,,,,,,,,,,,,,,No Entry Yet,,,2012 TOYOTA FORTUNER 4x2_UOO588,0,0,0,,1,,,,,,,45590
,,CCT0,,CARBREEZY CAR TRADING,Closed,Zhesa Resurrecion,Albert Dalupang,,31-Oct-2024,2018,HYUNDAI ACCENT GL A,NCQ4767,Inventory Financing,Netbank,45596,451142.95,0.6206458507,280000,0,0,,,,,45625,Not Renewed,,45655,Not Renewed,,45686,Paid in Full,Early,20,,,,,,,,,,,,,,,No Entry Yet,,,2018 HYUNDAI ACCENT GL A_NCQ4767,0,0,0,,1,,,,,,,45596
,,DRD0,,D 3RD AUTODISPLAY AUTO SHOP,Closed,Zhesa Resurrecion,Albert Dalupang,,31-Oct-2024,2017,NISSAN ALMERA BAS,GAB9784,Inventory Financing,Netbank,45596,391249.75,0.6492016928,254000,0,0,,,,,45625,Not Renewed,,45655,Not Renewed,,45686,Paid in Full,Early,28,,,,,,,,,,,,,,,No Entry Yet,,,2017 NISSAN ALMERA BAS_GAB9784,0,0,0,,1,,,,,,,45596
,,JSC0,,JERICO S. CRUZ-JSC AUTO TRADING,Closed,Elvira Ladea,Marah Luriely A. Villaruz,,14-Nov-2024,2013,MITSUBISHI MONTERO SPT GLS SUV/MUV,RMT911,Inventory Financing,Netbank,45610,627500,0.4988047809,313000,0,0,,,,,45639,Not Renewed,,45669,Not Renewed,,45700,Paid in Full,Early,29,,,,,,,,,,,,,,,No Entry Yet,,,2013 MITSUBISHI MONTERO SPT GLS_RMT911,0,0,0,,1,,,,,,,45610
,,LARK0,,LARKD CAR TRADING,Closed,Candyce Aguete,Malou Alfonso,,21-Nov-2024,2018,FORD RANGER 4X4 PICK-UP,130104/NAM5575,Inventory Financing,Netbank,45617,872444,0.5880033561,513000,0,0,,,,,45646,Not Renewed,,45676,Not Renewed,,45707,Paid in Full,Early,7,,,,,,,,,,,,,,,No Entry Yet,,,2018 FORD RANGER 4X4_130104/NAM5575,0,0,0,,1,,,,,,,45617
,,RAY0,,RAYMOND AUTO SHOP,Closed,Marlon Llamas,Albert Dalupang,,25-Nov-2024,2022,TOYOTA VIOS XLE CV SEDAN,NGX1738,Inventory Financing,Netbank,45621,670717,0.5963767133,400000,0,0,,15,,,45650,Renewed,Late,45680,Renewed,Late,45712,Paid in Full,On Time,91,,,,,20,,,,,,,,,,No Entry Yet,,,2022 TOYOTA VIOS XLE CV_NGX1738,0,0,0,,1,,,,,,,45622
,,RAC0,,RJDM AUTO CARE SERVICES,Closed,Zhesa Resurrecion,Albert Dalupang,,29-Nov-2024,2013,PEUGEOT 30016H SUV/MUV,044810/AAV8242,Inventory Financing,Netbank,45625,515833.33,0.5815832025,300000,0,0,,,,,45654,Not Renewed,,45684,Not Renewed,,45715,Paid in Full,Early,27,,,,,,,,,,,,,,,No Entry Yet,,,2013 PEUGEOT 30016H_044810/AAV8242,0,0,0,,1,,,,,,,45625
,,MCV0,,MACLOUIE CARS VEHICLE TRADING,Closed,Rose Batacan,Malou Alfonso,,6-Dec-2024,2021,TOYOTA WIGO G AT,DAV7014,Inventory Financing,Netbank,45632,522977.27,0.7266090169,380000,0,0,,,,,45661,Not Renewed,,45691,Renewed,Early,45722,Paid in Full,Early,34,,,,,,,,,,,,,,,No Entry Yet,,,2021 TOYOTA WIGO G AT_DAV7014,0,0,0,,1,,,,,,,45635
,,JEM0,,JEMM CAR TRADING,Closed,Rose Batacan,Malou Alfonso,,11-Dec-2024,2024,TOYOTA AVANZA E 1.3 CVT MPV,NFR5222,Inventory Financing,Netbank,45637,873198.17,0.7901986327,690000,0,0,,,,,45666,Renewed,On Time,45696,Renewed,Early,45727,Paid in Full,Early,85,,,,,,,,,,,,,,,No Entry Yet,,,2024 TOYOTA AVANZA E 1.3 CVT_NFR5222,0,0,0,,1,,,,,,,45638
,,ENC0,,EIGHTY-NINE CAR TRADING,Closed,Rhoyland Alagon,Marah Luriely A. Villaruz,,11-Dec-2024,2012,TOYOTA CAMRY 2.5G WHIT,UIA516,Inventory Financing,Netbank,45637,493730.77,0.5063488346,250000,0,0,,,,,45666,Not Renewed,,45696,Not Renewed,,45727,Paid in Full,Early,31,,,,,,,,,,,,,,,No Entry Yet,,,2012 TOYOTA CAMRY 2.5G WHIT_UIA516,0,0,0,,1,,,,,,,45638
,,GCT0,,GONZAPCARS CAR TRADING,Closed,Elvira Ladea,Marah Luriely A. Villaruz,,12-Dec-2024,2021,BMW M2 COMPETITION COUPE,NGO3734,Inventory Financing,Netbank,45638,4722000,0.5717916137,2700000,0,0,,,,,45667,Not Renewed,,45697,Not Renewed,,45728,Paid in Full,Early,29,,,,,,,,,,,,,,,No Entry Yet,,,2021 BMW M2 COMPETITION_NGO3734,0,0,0,,1,,,,,,,45639
,,OCR0,,ONETEN CAR TRADING,Closed,Rhoyland Alagon,Marah Luriely A. Villaruz,,3-Jan-2025,2019,SUZUKI VITARA GLX AT SUV/MUV,NGG5074,Inventory Financing,Netbank,45660,661038,0.6051089347,400000,0,0,,,,,45689,Not Renewed,,45719,Not Renewed,,45750,Paid in Full,Early,28,,,,,,,,,,,,,,,No Entry Yet,,,2019 SUZUKI VITARA GLX AT_NGG5074,0,0,0,,1,,,,,,,45667
,,ADV0,,AUTO D' VILLA,Closed,Zhesa Resurrecion,Albert Dalupang,,17-Jan-2025,2011,HYUNDAI STAREX 2.5 AT,PQS538,Inventory Financing,Netbank,45674,556250,0.4674157303,260000,0,0,,3,,,45703,Renewed,On Time,45733,Renewed,Late,45764,Paid in Full,Late,95,,,,,8,,,,,,,,,,No Entry Yet,,,2011 HYUNDAI STAREX_PQS538,0,0,0,,1,,,,,,,45688
,,BMQ0,,BMQ CAR TRADING,Closed,Elvira Ladea,Marah Luriely A. Villaruz,,21-Jan-2025,2018,HONDA BR-V SUV/MUV,NCU7014,Inventory Financing,Netbank,45678,623096,0.6419556537,400000,0,0,,,,,45707,Renewed,On Time,45737,Not Renewed,,45768,Paid in Full,Early,59,,,,,,,,,,,,,,,No Entry Yet,,,2018 HONDA BR-V_NCU7014,0,0,0,,1,,,,,,,45688
,,VIC0,,VICTORYMIND CAR TRADING,Closed,Rhoyland Alagon,Marah Luriely A. Villaruz,,23-Jan-2025,2019,HYUNDAI ACCENT 1.4 GL 6 SEDAN,DAD4581,Inventory Financing,Netbank,45680,386250,0.5566343042,215000,0,0,,,,,45709,Not Renewed,,45739,Not Renewed,,45770,Paid in Full,Early,26,,,,,,,,,,,,,,,No Entry Yet,,,2019 HYUNDAI ACCENT 1.4 GL 6_DAD4581,0,0,0,,1,,,,,,,45688
,,ADD0,,ADDTOCAR CAR TRADING,Closed,Rhoyland Alagon,Marah Luriely A. Villaruz,,28-Jan-2025,2019,TOYOTA FORTUNER SUV/MUV,NDO8336,Inventory Financing,Netbank,45685,1168636,0.650330813,760000,0,0,,,,,45714,Not Renewed,,45744,Not Renewed,,45775,Paid in Full,Early,16,,,,,,,,,,,,,,,No Entry Yet,,,2019 TOYOTA FORTUNER_NDO8336,0,0,0,,1,,,,,,,45687
,,ZAS0,,ZABLAN AUTO EXCHANGE SERVICES,Closed,Zhesa Resurrecion,Albert Dalupang,,13-Feb-2025,2017,ISUZU MU-X 4X2 LS-A MT STATION WAGON,NAR3207,Inventory Financing,Netbank,45701,730600,0.6159321106,450000,0,0,,,,,45730,Renewed,On Time,45760,Renewed,On Time,45791,Paid in Full,Early,85,,,,,,,,,,,,,,,No Entry Yet,,,https://drive.google.com/open?id=1ct2VMZ_2C-Tdwsx5YifeoDuyNSYRNqX8&usp=drive_copy,0,0,0,,1,,,,,,,45702
,,AUN0,,AUTO-NATION CAR TRADING,Closed,Zhesa Resurrecion,Albert Dalupang,,18-Feb-2025,2024,MITSUBISHI MIRAGE G4 GLX 1.2G CVT SEDAN,NHG5872,Inventory Financing,Netbank,45706,652862,0.6126869078,400000,0,0,,,,,45735,Not Renewed,,45765,Not Renewed,,45796,Paid in Full,Early,14,,,,,,,,,,,,,,,No Entry Yet,,,https://drive.google.com/open?id=1pdcEzHrVTvgDC01RFo0J9xeBgfQc2Rmz&usp=drive_copy,0,0,0,,1,,,,,,,45706
,,PDC0,,PRIME'S DISPLAY & CAR CARE SERVICES,Closed,Zhesa Resurrecion,Albert Dalupang,,14-Feb-2025,2019,FORD RANGER 2.OL RAP PICK-UP,NDN2535,Inventory Financing,Netbank,45702,1201000,0.2747710241,330000,0,0,,,,,45731,Not Renewed,,45761,Not Renewed,,45792,Paid in Full,Early,17,,,,,,,,,,,,,,,No Entry Yet,,,https://drive.google.com/open?id=1Bh2ir7uwfwok5S1VBsUDl5QrpAu-wgjX&usp=drive_copy,0,0,0,,1,,,,,,,45706
,,SHV0,,SHV AUTOBASE,Closed,Myrnalyn Bankingkito,Malou Alfonso,,17-Feb-2025,2016,TOYOTA COROLLA V SEDAN,NBX2732,Inventory Financing,Netbank,45705,663636,0.6027400563,400000,0,0,,,,,45734,Not Renewed,,45764,Not Renewed,,45796,Paid in Full,Early,14,,,,,,,,,,,,,,,No Entry Yet,,,https://drive.google.com/open?id=1ypywZfuGxiJ_TVgVkEtZxyGwyjFaH-mG&usp=drive_copy,0,0,0,,1,,,,,,,45707
,,APH0,,AUTOSCOPE.PH CAR TRADING,Closed,Elvira Ladea,Marah Luriely A. Villaruz,,18-Feb-2025,2018,MERCEDES BENZ CLA 180 URBAN COUPE,NEI6487,Inventory Financing,Netbank,45706,1835833,0.5447118556,1000000,0,0,,31,,,45735,Not Renewed,,45765,Not Renewed,,45796,Paid in Full,Late,126,,,,,36,,,,,Yes,,,,,No Entry Yet,,,https://drive.google.com/drive/folders/1KBsic2nUZ1wCSt3GQGjVK7N_gpVMcKAn?usp=drive_link,0,0,0,,1,,,,,,,45708
,,JHI0,,JHIAN CAR TRADING,Closed,Elvira Ladea,Marah Luriely A. Villaruz,,25-Feb-2025,2018,HYUNDAI EON 0.8 GLX 5M,EAB3237,Inventory Financing,Netbank,45713,262348.84,0.5526992229,145000,0,0,,,,,45742,Not Renewed,,45772,Not Renewed,,45803,Paid in Full,Early,29,,,,,,,,,,,,,,,No Entry Yet,,,https://drive.google.com/open?id=1F3Y2E2haPr4sRvL_8uwzn7RCCVO7ZhfA&usp=drive_copy,0,0,0,,1,,,,,,,45713
,,AAU0,,AAU CAR TRADING,Closed,Myrnalyn Bankingkito,Malou Alfonso,,25-Feb-2025,2018,HONDA CIVIC,NBR8418,Inventory Financing,Netbank,45713,958031.25,0.3131421861,300000,0,0,,,,,45742,Renewed,On Time,45772,Not Renewed,,45803,Paid in Full,Early,64,,,,,,,,,,,,,,,No Entry Yet,,,https://drive.google.com/open?id=1TnoMpYH-i4X2Xy7pR4SIKgNWXW1IXFCM&usp=drive_copy,0,0,0,,1,,,,,,,45713
,,BRO0,,BRO'S AUTODEALERS AUTO TRADING,Closed,Marlon Llamas,Albert Dalupang,,25-Feb-2025,2023,MG MG5,NIO6804,Inventory Financing,Netbank,45713,487275,0.6156687702,300000,0,0,,,,,45742,Not Renewed,,45772,Not Renewed,,45803,Paid in Full,Early,29,,,,,,,,,,,,,,,No Entry Yet,,,https://drive.google.com/drive/u/0/folders/1UzoHQB0AI_Pte3pVhWCgW0WDDcQnQXxI,0,0,0,,1,,,,,,,45714
,,JMTS0,,JMTS CARFINDERS TELEMARKETING SERVICES,Closed,Elvira Ladea,Marah Luriely A. Villaruz,,25-Feb-2025,2016,MITSUBISHI MIRAGE GLS SEDAN,110102/LAA1524,Inventory Financing,Netbank,45713,312643,0.649302879,203000,0,0,,,,,45742,Not Renewed,,45772,Not Renewed,,45803,Paid in Full,Early,23,,,,,,,,,,,,,,,No Entry Yet,,,https://drive.google.com/open?id=1-MPQCzKinBqRLOPD4ykL7Fk8NzSB0VlN&usp=drive_copy,0,0,0,,1,,,,,,,45716
,,DLA0,,DLA AUTO TRADING,Closed,Elvira Ladea,Marah Luriely A. Villaruz,,25-Feb-2025,2023,TOYOTA VIOS XLE CV SEDAN,DBG8889,Inventory Financing,Netbank,45713,666866,0.6987910615,466000,0,0,,,,,45742,Not Renewed,,45772,Not Renewed,,45803,Paid in Full,Early,22,,,,,,,,,,,,,,,No Entry Yet,,,https://drive.google.com/open?id=1CawN3c1Ddn5U93Uukr99vwomtQ2jjJbG&usp=drive_copy,0,0,0,,1,,,,,,,45716
,,GMK0,,GMK AUTOMOBILES CAR TRADING,Closed,Zhesa Resurrecion,Albert Dalupang,,27-Feb-2025,2019,TOYOTA FORTUNER 4X2 V SUV/MUV,DAN5466,Inventory Financing,Netbank,45715,1234529,0.6480204191,800000,0,0,,,,,45744,Not Renewed,,45774,Not Renewed,,45805,Paid in Full,Early,29,,,,,,,,,,,,,,,No Entry Yet,,,https://drive.google.com/open?id=1QF68NpI58oZc5RtLNX_p-x5iiqYJMjmf&usp=drive_copy,0,0,0,,1,,,,,,,45716
,,KARZ0,,KARZ AUTO TRADING,Closed,Zhesa Resurrecion,Albert Dalupang,,27-Feb-2025,2015,TOYOTA WIGO G AT HATCHBACK,AXA1035,Inventory Financing,Netbank,45715,360176,0.6941051042,250000,0,0,,,,,45744,Not Renewed,,45774,Not Renewed,,45805,Paid in Full,Early,18,,,,,,,,,,,,,,,No Entry Yet,,,https://drive.google.com/open?id=1ga_JVeeT8rahJIuZILQYHstgFSi1GV9V&usp=drive_copy,0,0,0,,1,,,,,,,45716
,,IVT0,,ISIDRO VEHICLE TRADING,Closed,Rhoyland Alagon,Marah Luriely A. Villaruz,,28-Feb-2025,2017,TOYOTA AVANZA E AT,NAD2330,Inventory Financing,Netbank,45716,507488.1,0.3940979109,200000,0,0,,,,,45745,Not Renewed,,45775,Not Renewed,,45806,Paid in Full,Early,14,,,,,,,,,,,,,,,No Entry Yet,,,https://drive.google.com/open?id=1LhWTsXlaZ6EpkkIzSchzvsgehzZbvv5f&usp=drive_copy,0,0,0,,1,,,,,,,45719
,,JKAR0,,JKARS CAR TRADING,Closed,Rhoyland Alagon,Marah Luriely A. Villaruz,,5-Mar-2025,2017,HONDA CIVIC SEDAN,NBC3190,Inventory Financing,Netbank,45721,724454.55,0.6501443051,471000,0,0,,,,,45750,Not Renewed,,45780,Not Renewed,,45811,Paid in Full,Early,12,,,,,,,,,,,,,,,No Entry Yet,,,https://drive.google.com/open?id=1pCI2B-f1u4BUe4Jo3TXOOTcG0YozLHjJ&usp=drive_copy,0,0,0,,1,,,,,,,45723
,,SCT0,,SOUTHSIDE CAR TRADING,Closed,Rexcell Juegos,Albert Dalupang,,17-Mar-2025,2015,TOYOTA 86 AT COUPE,ABP8021,Inventory Financing,Netbank,45733,1393500,0.6494438464,905000,0,0,,,,,45762,Renewed,On Time,45792,Renewed,On Time,45824,Paid in Full,On Time,91,,,,,,,,,,,,,,,No Entry Yet,,,https://drive.google.com/open?id=16XJLiHbUaA0SqNM40DLTP6dwLZPR0pDW&usp=drive_copy,0,0,0,,1,,,,,,,45735
,,SHER0,,SHERWIN CAR TRADING (Formerly :SHERWIN & CORA MOTORCYCLE BUY & SELL),Closed,Marlon Llamas,Albert Dalupang,,18-Mar-2025,2014,HYUNDAI GRAND I10 S SUB COMPACT,AAN5835,Inventory Financing,Netbank,45734,324500,0.4622496148,150000,0,0,,14,,,45763,Renewed,Late,45793,Renewed,On Time,45824,Paid in Full,Late,108,,,,,19,,,,,,,,,,No Entry Yet,,,https://drive.google.com/open?id=1aJDZ04VRVqcs5LsSXGrmtQpfbenungqs&usp=drive_copy,0,0,0,,1,,,,,,,45735
,,KPA0,,K2P AUTO TRADING,Closed,Elvira Ladea,Marah Luriely A. Villaruz,,18-Mar-2025,2023,MG ZS SUV/MUV,FAQ3834,Inventory Financing,Netbank,45734,593087,0.6407154431,380000,0,0,,,,,45763,Not Renewed,,45793,Not Renewed,,45824,Paid in Full,Early,28,,,,,,,,,,,,,,,No Entry Yet,,,https://drive.google.com/open?id=182ypCA7kpSjsGoZ013nVhdJbCb1SZtv8&usp=drive_copy,0,0,0,,1,,,,,,,45737
,,QUAL0,,QUALICARZ BY JC CAR TRADING,Closed,Rose Batacan,Malou Alfonso,,20-Mar-2025,2011,TOYOTA COROLLA G SEDAN,POY921,Inventory Financing,Netbank,45736,306000,0.5,153000,0,0,,,,,45765,Not Renewed,,45795,Not Renewed,,45826,Paid in Full,Early,27,,,,,,,,,,,,,,,No Entry Yet,,,https://drive.google.com/open?id=1k31TO8koQaLycFAjux9uGAnBw0RPyA90&usp=drive_copy,0,0,0,,1,,,,,,,45737
,,JAS0,,JASPERS AUTO TRADING,Closed,Elvira Ladea,Marah Luriely A. Villaruz,,20-Mar-2025,2018,MITSUBISHI MONTERO SPT GLS SUV/MUV,NCT4638,Inventory Financing,Netbank,45736,990639,0.6561421466,650000,0,0,,,,,45765,Not Renewed,,45795,Not Renewed,,45826,Paid in Full,Early,26,,,,,,,,,,,,,,,No Entry Yet,,,https://drive.google.com/open?id=1KIps5FN5Xj2OexMTzfTmLix9bqT_YUW-&usp=drive_copy,0,0,0,,1,,,,,,,45740
,,JCT0,,J8 CAR TRADING,Closed,Zhesa Resurrecion,Albert Dalupang,,21-Mar-2025,2018,TOYOTA AVANZA 1.5G STATION WAGON,NAY7885,Inventory Financing,Netbank,45737,641165,0.6238643719,400000,0,0,,-4,,,45766,Renewed,On Time,45796,Renewed,On Time,45827,Paid in Full,Late,91,,,,,1,,,,,,,,,,No Entry Yet,,,https://drive.google.com/open?id=17ybuGubsy2Vso4eXkUgSIcZ8W6CuFHmA&usp=drive_copy,0,0,0,,1,,,,,,,45740
,,RCB0,,RCB CONSULTANCY SERVICES AND VEHICLE TRADING,Closed,Myrnalyn Bankingkito,Malou Alfonso,,26-Mar-2025,2023,TOYOTA VIOS 1.3 XLE CVT,DAS9567,Inventory Financing,Netbank,45742,667647.06,0.7039647565,470000,0,0,,,,,45771,Not Renewed,,45801,Not Renewed,,45832,Paid in Full,Early,29,,,,,,,,,,,,,,,No Entry Yet,,,https://drive.google.com/open?id=1Wa3CJdhaiFc0wBLVYL12cCuyGZLBU1_Y&usp=drive_copy,0,0,0,,1,,,,,,,45744
,,AML0,,AMLSC CAR AGENT SERVICES,Closed,Ricmar Magboo,Albert Dalupang,,27-Mar-2025,2020,HYUNDAI KONA GLS 6A,NGD8419,Inventory Financing,Netbank,45743,620470.59,0.6527303736,405000,0,0,,,,,45772,Not Renewed,,45802,Not Renewed,,45833,Paid in Full,Early,27,,,,,,,,,,,,,,,No Entry Yet,,,https://drive.google.com/open?id=179dS1AHTjMffQV7jxELxCWHgJ7z-3uul&usp=drive_copy,0,0,0,,1,,,,,,,45744
,,KCT0,,KOTSEKO CAR TRADING,Closed,Zhesa Resurrecion,Albert Dalupang,,2-Apr-2025,2020,MITSUBISHI XPANDER GLS STATION WAGON,NGK7046,Inventory Financing,Netbank,45749,783500,0.6381620932,500000,0,0,,,,,45778,Not Renewed,,45808,Not Renewed,,45839,Paid in Full,Early,27,,,,,,,,,,,,,,,No Entry Yet,,,https://drive.google.com/open?id=1IXk6Vwqxt5VadCCp2Ddj510bLaMgxsUq&usp=drive_copy,0,0,0,,1,,,,,,,45751
,,GENZ0,,GENZ CAR TRADING,Closed,Elvira Ladea,Marah Luriely A. Villaruz,,4-Apr-2025,2022,TOYOTA FORTUNER 4 SUV/MUV,NEV5890,Inventory Financing,Netbank,45751,1914218.75,0.3134438005,600000,0,0,,,,,45780,Not Renewed,,45810,Not Renewed,,45841,Paid in Full,Early,17,,,,,,,,,,,,,,,No Entry Yet,,,https://drive.google.com/open?id=1zV3Y0WbsYtXR-BdLW1nNG57TWyZDCxnj&usp=drive_copy,0,0,0,,1,,,,,,,45754
,,AGOS0,,AGOSDELAISLACARS AUTO TRADING,Closed,Rhoyland Alagon,Marah Luriely A. Villaruz,,8-Apr-2025,2019,NISSAN NAVARA 2.5-L E PICK-UP,NCV2034,Inventory Financing,Netbank,45755,833597.56,0.2399239268,200000,0,0,,,,,45784,Not Renewed,,45814,Not Renewed,,45845,Paid in Full,Early,27,,,,,,,,,,,,,,,No Entry Yet,,,https://drive.google.com/open?id=1Ybhq85L4AK3gfEp6JfWoumXLsuVfQ8uc&usp=drive_copy,0,0,0,,1,,,,,,,45757
,,JAKE0,,JAKEY CAR TRADING,Closed,Elvira Ladea,Marah Luriely A. Villaruz,,8-Apr-2025,2019,SUZUKI ERTIGA GL-A,NEH5240,Inventory Financing,Netbank,45755,644100,0.574444962,370000,0,0,,,,,45784,Not Renewed,,45814,Not Renewed,,45845,Paid in Full,Early,28,,,,,,,,,,,,,,,No Entry Yet,,,https://drive.google.com/open?id=1tn517cr4GkuRUEwWYH23MgzGnIPWKlOI&usp=drive_copy,0,0,0,,1,,,,,,,45758
,,NXG0,,NXGEN CAR TRADING,Closed,Rose Batacan,Malou Alfonso,,22-Apr-2025,2023,TOYOTA RUSH G GR-S SUV/MUV,NHA2407,Inventory Financing,Netbank,45769,952975.61,0.699912981,667000,0,0,,,,,45798,Renewed,On Time,45828,Renewed,On Time,45859,Paid in Full,Early,87,,,,,,,,,,,,,,,No Entry Yet,,,https://drive.google.com/open?id=1fpo9-1RsrVlvTQ_SdZtJhEYy8uCyazA2&usp=drive_copy,0,0,0,,1,,,,,,,45772
,,AEC0,,AUTO EDGE CAR TRADING,Closed,Ricmar Magboo,Albert Dalupang,,25-Apr-2025,2017,TOYOTA AVANZA 1.3 E AT,NCI5395,Inventory Financing,Netbank,45772,551000,0.6497277677,358000,0,0,,,,,45801,Not Renewed,,45831,Not Renewed,,45862,Paid in Full,Early,12,,,,,,,,,,,,,,,No Entry Yet,,,https://drive.google.com/drive/folders/1Hv1JC2RaaRkuK5iyfq26J-wI0G3ZXmL4,0,0,0,,1,,,,,,,45775
,,XKK0,,XKK CAR TRADING,Closed,Rhoyland Alagon,Marah Luriely A. Villaruz,,28-Apr-2025,2018,TOYOTA CAMRY 2.5G,NCV8771,Inventory Financing,Netbank,45775,830921,0.3610451535,300000,0,0,,,,,45804,Not Renewed,,45834,Not Renewed,,45866,Paid in Full,Early,29,,,,,,,,,,,,,,,No Entry Yet,,,https://drive.google.com/open?id=1jWsHDZA_fyjcYkQtV7kugTrTj9LrZV0k&usp=drive_copy,0,0,0,,1,,,,,,,45791
,,BAC0,,3BRODERS AUTOTRADE CAR TRADING,Closed,Rose Batacan,Malou Alfonso,,30-Apr-2025,2017,HONDA CITY SEDAN,NAE7803,Inventory Financing,Netbank,45777,548847.83,0.6504535146,357000,0,0,,,,,45806,Renewed,On Time,45836,Not Renewed,,45867,Paid in Full,Early,40,,,,,,,,,,,,,,,No Entry Yet,,,https://drive.google.com/drive/folders/1Chh90SXJHM2lr9rDSV8wSUhwNddV1bXX,0,0,0,,1,,,,,,,45782
,,ACD0,,AUTOVENTURES CAR DISPLAY CENTER,Closed,Marlon Llamas,Albert Dalupang,,30-Apr-2025,2024,MITSUBISHI MIRAGE G4 GLS 1.2G CVT SEDAN,NHG2680,Inventory Financing,Netbank,45777,764150,0.7001243211,535000,0,0,,,,,45806,Not Renewed,,45836,Not Renewed,,45867,Paid in Full,Early,27,,,,,,,,,,,,,,,No Entry Yet,,,https://drive.google.com/drive/folders/1hXtPrGxOae4ERV7-4X5fD3i-EwosYQ6j,0,0,0,,1,,,,,,,45782
,,XCAG0,,XCAG CAR TRADING,Closed,Ricmar Magboo,Albert Dalupang,,2-May-2025,2020,HONDA JAZZ,DAN7195,Inventory Financing,Netbank,45779,758307.69,0.7252992515,550000,0,0,,,,,45808,Renewed,On Time,45838,Renewed,On Time,45869,Paid in Full,Early,89,,,,,,,,,,,,,,,No Entry Yet,,,https://drive.google.com/drive/folders/1k-gSSi9SlCGpBLeBrLCVuOnVj7t05gOG,0,0,0,,1,,,,,,,45791
,,MJN0,,MJNGO DOCUMENT FACILITATION SERVICES,Closed,Marlon Llamas,Albert Dalupang,,5-May-2025,2012,BMW 520D SEDAN,UIX104,Inventory Financing,Netbank,45782,1259090.91,0.3176895305,400000,0,0,,6,,,45811,Renewed,Late,45841,Renewed,Late,45873,Paid in Full,Late,94,,,,,11,,,,,,,,,,No Entry Yet,,,https://drive.google.com/open?id=1-w8OCbMiO37e6D0_-lFgs7ASpWRty3Yc&usp=drive_copy,0,0,0,,1,,,,,,,45790
,,WAY0,,1WAY CAR TRADING,Closed,Rhoyland Alagon,Marah Luriely A. Villaruz,,9-May-2025,2018,HONDA BR-V S-CUV,NCU8942,Inventory Financing,Netbank,45786,662392.86,0.3774195271,250000,0,0,,,,,45815,Not Renewed,,45845,Not Renewed,,45876,Paid in Full,Early,7,,,,,,,,,,,,,,,No Entry Yet,,,https://drive.google.com/open?id=1fuCaS1twZ3xmvVtEXg-l2qrdpq22dkfS&usp=drive_copy,0,0,0,,1,,,,,,,45790
,,ATC0,,AUTO TRADING 8 CAR'S,Closed,Elvira Ladea,Marah Luriely A. Villaruz,,26-May-2025,2024,MITSUBISHI MIRAGE G4 GLX 1.2G CVT,NKB2184,Inventory Financing,Netbank,45803,652862.07,0.6999947171,457000,0,0,,,,,45832,Not Renewed,,45862,Not Renewed,,45894,Paid in Full,Early,16,,,,,,,,,,,,,,,No Entry Yet,,,https://drive.google.com/drive/folders/1hjY7QQWhK06fuKnfbB0YrzDPUTMKZdrf,0,0,0,,1,,,,,,,45810
,,MSD0,,MS DEAL AND AUTO DETAILING SERVICES,Closed,Rhoyland Alagon,Marah Luriely A. Villaruz,,27-May-2025,2013,TOYOTA 86 2.0L AT AER,WOI481,Inventory Financing,Netbank,45804,836961.57,0.5973989941,500000,0,0,,,,,45833,Not Renewed,,45863,Not Renewed,,45894,Paid in Full,Early,23,,,,,,,,,,,,,,,No Entry Yet,,,https://drive.google.com/drive/folders/1zzyrx3gXr9lxZ2CR6-PW04Bmz1CSxRpL,0,0,0,,1,,,,,,,45810
,,GUN0,,GUNNR AUTO'S AND CAR ACCESSORIES SHOP,Closed,Marlon Llamas,Albert Dalupang,,28-May-2025,2020,NISSAN ALMERA 1.5-L E,NGP5658,Inventory Financing,Netbank,45805,449502.17,0.6985505765,314000,0,0,,,,,45834,Renewed,On Time,45864,Not Renewed,,45895,Paid in Full,Early,59,,,,,,,,,,,,,,,No Entry Yet,,,https://drive.google.com/open?id=1WAIqUE65ka-x0J9FJQ6j-LLuwYjXRKik&usp=drive_copy,0,0,0,,1,,,,,,,45810
,,BUC0,,BILS USED CAR TRADING,Closed,Ricmar Magboo,Albert Dalupang,,28-May-2025,2012,HYUNDAI TUCSON R-EVGT 2,UQW936,Inventory Financing,Netbank,45805,392126.84,0.3825292857,150000,0,0,,,,,45834,Not Renewed,,45864,Not Renewed,,45895,Paid in Full,Early,33,,,,,,,,,,,,,,,No Entry Yet,,,https://drive.google.com/open?id=1KWgYtuYD0N-HzRTXQVZorjb3RGZ4MHsz&usp=drive_copy,0,0,0,,1,,,,,,,45819
,,RIS0,,RISING AUTO TRADING,Closed,Ricmar Magboo,Albert Dalupang,,29-May-2025,2016,MITSUBISHI MONTERO SPT GLS,NDD8170,Inventory Financing,Netbank,45806,787400,0.6731013462,530000,0,0,,,,,45835,Renewed,Early,45865,Renewed,Early,45896,Paid in Full,Early,89,,,,,,,,,,,,,,,No Entry Yet,,,https://drive.google.com/drive/u/0/folders/1aILZnVG65W5KiVvGTlwzWxgQ9XXZwvai,0,0,0,,1,,,,,,,45810
,,LCC0,,LIPA CAR CARE CENTER,Closed,Ricmar Magboo,Albert Dalupang,,2-Jun-2025,2014,HYUNDAI GRAND SANTA FE,AAO9460,Inventory Financing,Netbank,45810,827879.27,0.3998167511,331000,0,0,,,,,45839,Renewed,On Time,45869,Renewed,On Time,45901,Paid in Full,On Time,91,,,,,,,,,,,,,,,No Entry Yet,,,https://drive.google.com/open?id=1kRqKO302jLjHkuiHCkzBqL58jMPNCsti&usp=drive_copy,0,0,0,,1,,,,,,,45817
,,VIN0,,VINE CAR TRADING,Closed,Rose Batacan,Malou Alfonso,,4-Jun-2025,2013,NISSAN X TRAIL,WVO553,Inventory Financing,Netbank,45812,364000,0.5082417582,185000,0,0,,9,,,45841,Renewed,Late,45871,Renewed,Early,45902,Paid in Full,Late,104,,,,,14,,,,,,,,,,No Entry Yet,,,https://drive.google.com/open?id=1kCxZK4FxBknsXcijd3EnRFRQ8BcRLjof&usp=drive_copy,0,0,0,,1,,,,,,,45817
,,BCA0,,BABY J CAR AGENT SERVICES,Closed,Ricmar Magboo,Albert Dalupang,,11-Jun-2025,2015,MITSUBISHI STRADA GLX V 2,ABI5637,Inventory Financing,Netbank,45819,596500,0.6035205365,360000,0,0,,21,,,45848,Renewed,Late,45878,Renewed,Late,45909,Paid in Full,Late,105,,,,,26,,,,,,,,,,No Entry Yet,,,https://drive.google.com/drive/folders/1fd6vUZuF7sj03rJz_XfLIZb4G_Ig0f6F,0,0,0,,1,,,,,,,45821
,,BAT0,,BRAVOCARS AUTO TRADING,Closed,Zhesa Resurrecion,Albert Dalupang,,11-Jun-2025,2019,TOYOTA RUSH 1.5E AT,NDJ8162,Inventory Financing,Netbank,45819,719600,0.6489716509,467000,0,0,,,,,45848,Renewed,On Time,45878,Not Renewed,,45909,Paid in Full,Early,36,,,,,,,,,,,,,,,No Entry Yet,,,https://drive.google.com/drive/folders/1eLYcBJ4ju4rIyh5RRv_C2baMkxA8KDlu,0,0,0,,1,,,,,,,45821
,,BGC0,,BOUNTIFUL GRACE CAR TRADING,Closed,Rose Batacan,Malou Alfonso,,16-Jun-2025,2014,TOYOTA COROLLA 1.6V A,AAL8818,Inventory Financing,Netbank,45824,525119.05,0.5712990226,300000,0,0,,,,,45853,Not Renewed,,45883,Not Renewed,,45915,Paid in Full,Early,29,,,,,,,,,,,,,,,No Entry Yet,,,https://drive.google.com/drive/u/0/folders/1Nxkwx3KBV8oOhp9tfNjwVPWjHIg7EiKu,0,0,0,,1,,,,,,,45826
,,AAT0,,ALOHACARSPH AUTO TRADING,Closed,Elvira Ladea,Marah Luriely A. Villaruz,,19-Jun-2025,2020,TOYOTA HILUX 2.4L 4X2,DAZ4796,Inventory Financing,Netbank,45827,1228683.33,0.699936248,860000,0,0,,56,,,45856,Renewed,Late,45886,Renewed,Late,45917,Paid in Full,Late,151,,,,,61,,,,,,,,,,No Entry Yet,,,https://drive.google.com/drive/u/0/folders/1cyXyMoA3lI9F1IoX5KkDXu8r9iZQK5CG,0,0,0,,1,,,,,,,45831
,,JAM0,,JAML16 AUTO TRADING,Closed,Ricmar Magboo,Albert Dalupang,,20-Jun-2025,2016,HYUNDAI EON 0.8L GL,040103/DCQ8357,Inventory Financing,Netbank,45828,300423.08,0.6341057418,190500,0,0,,,,,45857,Not Renewed,,45887,Not Renewed,,45918,Paid in Full,Early,32,,,,,,,,,,,,,,,No Entry Yet,,,https://drive.google.com/drive/u/0/folders/1R3bwgMGQvymohwfuyQGGKLutkuybBOBO,0,0,0,,1,,,,,,,45831
,,GAB0,,GAB AUTO TRADING,Closed,Rose Batacan,Malou Alfonso,,20-Jun-2025,2024,MG GT 1.5 ALPHA,MBH9125,Inventory Financing,Netbank,45828,812710.4,0.5992294426,487000,0,0,,,,,45857,Not Renewed,,45887,Not Renewed,,45918,Paid in Full,Early,31,,,,,,,,,,,,,,,No Entry Yet,,,https://drive.google.com/drive/u/0/folders/1KidBH9z5Ac1MuVO7YOdIgDLj9GtpncNx,0,0,0,,1,,,,,,,45838
,,EDR0,,EDR CAR TRADING,Closed,Zhesa Resurrecion,Albert Dalupang,,30-Jun-2025,2018,NISSAN NAVARA 2.5L EL_,NBC5872,Inventory Financing,Netbank,45838,763411.76,0.6549545425,500000,0,0,,,,,45867,Renewed,On Time,45897,Renewed,On Time,45929,Paid in Full,Early,79,,,,,,Yes,508750,45867,Yes,,,,,,No Entry Yet,,,https://drive.google.com/drive/folders/1e7V-G13RNgrjxHBt9PFbbP7BmbxUEqwX,0,0,0,,1,,,,,,,45840
,,DASH0,,DASHMOTORS INC,Closed,Marlon Llamas,Albert Dalupang,,1-Jul-2025,2019,FORD RANGER 2.0L RAP,NBQ7329,Inventory Financing,Netbank,45839,1201000,0.8001665279,961000,0,0,,6,,,45868,Renewed,On Time,45898,Renewed,Late,45929,Paid in Full,Early,70,,,,,11,Yes,977817.5,45868,Yes,,,,,,No Entry Yet,,,https://drive.google.com/drive/u/0/folders/1tVLXHABgD8KkvV_5ys-4OP_A7y9iv0Iy,0,0,0,,1,,,,,,,45846
,,MAD0,,MADDY CARS-OUTLET VEHICLE TRADING,Closed,Ricmar Magboo,Albert Dalupang,,11-Jul-2025,2017,HONDA CIVIC,NBI1051,Inventory Financing,Netbank,45849,895225,0.6925633221,620000,0,0,,,,,45878,Not Renewed,,45908,Not Renewed,,45939,Paid in Full,Early,24,,,,,,Not Applicable,,,,,,,,,No Entry Yet,,,https://drive.google.com/drive/folders/1tbCD6nUylZJclq1wq4TGx9NSGw_feidH,0,0,0,,1,,,,,,,45868
,,JAX0,,JAX AUTO TRADING,Closed,Rose Batacan,Malou Alfonso,,11-Jul-2025,2024,MG MG5 1.5L MT,NKI3755,Inventory Financing,Netbank,45849,559110.4,0.5991661039,335000,0,0,,,,,45878,Not Renewed,,45908,Not Renewed,,45939,Paid in Full,Early,29,,,,,,Not Applicable,,,,,,,,,No Entry Yet,,,https://drive.google.com/drive/folders/1VYZgPxyMw1hli894Q8-iNMFDHK6qZCKh,0,0,0,,1,,,,,,,45868
,,VCT0,,VIN CAR TRADING,Closed,Zhesa Resurrecion,Albert Dalupang,,14-Jul-2025,2019,HYUNDAI KONA 2.0 GLS 6A,NDI7490,Inventory Financing,Netbank,45852,615109.38,0.5690044915,350000,0,0,,,,,45881,Not Renewed,,45911,Not Renewed,,45943,Paid in Full,Early,16,,,,,,Not Applicable,,,,,,,,,No Entry Yet,,,https://drive.google.com/drive/folders/1i5nrmlNc8zCrMZrA7Z6vPl3BVr-CuHi0,0,0,0,,1,,,,,,,45868
,,DBA0,,DB AUTO TRADING,Closed,Zhesa Resurrecion,Albert Dalupang,,17-Jul-2025,2013,MITSUBISHI MONTERO SPT GLS,WMO945,Inventory Financing,Netbank,45855,613125,0.5545361876,340000,0,0,,,,,45884,Not Renewed,,45914,Not Renewed,,45945,Paid in Full,Early,25,,,,,,Not Applicable,,,,,,,,,No Entry Yet,,,https://drive.google.com/drive/folders/1pOqjHcecv0gfC7O-cfnuMAYM7Z5KMy3h,0,0,0,,1,,,,,,,45876
,,CCA0,,CLAU CAR AGENT SERVICES,Closed,Elvira Ladea,Marah Luriely A. Villaruz,,16-Jul-2025,2019,HYUNDAI ELANTRA 1.6 GL,DAK3758,Inventory Financing,Netbank,45854,471933.33,0.5509252758,260000,0,0,,,,,45883,Not Renewed,,45913,Not Renewed,,45944,Paid in Full,Early,10,,,,,,Not Applicable,,,,,,,,,No Entry Yet,,,https://drive.google.com/drive/folders/1w_amgcRB5pXC7lU6uPTGg5664QvJhRw0,0,0,0,,1,,,,,,,45868
,,RON0,,RONEL CAR TRADING,Closed,Elvira Ladea,Marah Luriely A. Villaruz,,17-Jul-2025,2024,MITSUBISHI L300 CC 2.2D MT,NKJ9011,Inventory Financing,Netbank,45855,704748.38,0.5675784597,400000,0,0,,,,,45884,Not Renewed,,45914,Not Renewed,,45945,Paid in Full,Early,0,,,,,,Not Applicable,,,,,,,,,No Entry Yet,,,https://drive.google.com/drive/u/0/folders/1XPb2_lqe6tXkyoKfhmE_r_MLj472W0IE,0,0,0,,1,,,,,,,45869
,,JET0,,JET CAR TRADING,Closed,Myrnalyn Bankingkito,Malou Alfonso,,22-Jul-2025,2020,HYUNDAI REINA 1.4 GL 5M,KAD5892,Inventory Financing,Netbank,45860,420500,0.5231866825,220000,0,0,,,,,45889,Not Renewed,,45919,Not Renewed,,45950,Paid in Full,Early,8,,,,,,Yes,223850,45889,Yes,,,,,,No Entry Yet,,,https://drive.google.com/drive/u/0/folders/1Uo4t9tRCYX4JWNKWGFEXVdsamqpr8CSH,0,0,0,,1,,,,,,,45869
,,HAP0,,H3Z AUTO PARTS AND ACCESSORIES TRADING,Closed,Elvira Ladea,Marah Luriely A. Villaruz,,23-Jul-2025,2015,MITSUBISHI MIRAGE G4 GLS 1,130108/ABT9831,Inventory Financing,Netbank,45861,305428.57,0.6548175896,200000,0,0,,,,,45890,Renewed,On Time,45920,Not Renewed,,45951,Paid in Full,Early,56,,,,,,Not Applicable,,,,,,,,,No Entry Yet,,,https://drive.google.com/drive/u/0/folders/1nGxQWG3p2iKrSCJxxQYIZkq3Qj4JOTHx,0,0,0,,1,,,,,,,45895
,,PJC0,,PUNKOTSE JOINT CAR SHOP,Closed,Elvira Ladea,Marah Luriely A. Villaruz,,25-Jul-2025,2020,TOYOTA COROLLA CROSS 1,NFZ8787,Inventory Financing,Netbank,45863,803019,0.6998589074,562000,0,0,,,,,45892,Renewed,Early,45922,Renewed,Early,45953,Paid in Full,Early,87,,,,,,Not Applicable,,,,,,,,,No Entry Yet,,,https://drive.google.com/drive/folders/1NIoh2DCtS2A-y-kK1QBrPwdnDP4P--J0,0,0,0,,1,,,,,,,45895
,,AAP0,,AUTOJEFFORD AUTO PARTS REPAIR SERVICE,Closed,Zhesa Resurrecion,Albert Dalupang,,31-Jul-2025,2019,FORD RANGER 2.0L WIL,NBQ3498,Inventory Financing,Netbank,45869,853000,0.468933177,400000,0,0,,,,,45898,Not Renewed,,45928,Not Renewed,,45959,Paid in Full,Early,19,,,,,,Not Applicable,,,,,,,,,No Entry Yet,,,https://drive.google.com/drive/u/0/folders/1iiO8Ispxey_fXHDosjhQx92brrQZrmBJ,0,0,0,,1,,,,,,,45876
,,JJR0,,JJR CAR TRADING,Closed,Ricmar Magboo,Albert Dalupang,,30-Jul-2025,2016,NISSAN JUKE 1.6L CVT,ECR4010,Inventory Financing,Netbank,45868,409947.37,0.6488637798,266000,0,0,,,,,45897,Renewed,Early,45927,Not Renewed,,45958,Paid in Full,Early,47,,,,,,Not Applicable,,,,,,,,,No Entry Yet,,,https://drive.google.com/drive/u/0/folders/1flNqulzNFdS0yUr39BxCRXBERKZiBSSt,0,0,0,,1,,,,,,,45876
,,KAR0,,KARL CAR TRADING,Closed,Rhoyland Alagon,Marah Luriely A. Villaruz,,31-Jul-2025,2019,SUZUKI APV CAB CHASSIS,NBQ5404,Inventory Financing,Netbank,45869,380750,0.6040709127,230000,0,0,,,,,45898,Not Renewed,,45928,Not Renewed,,45959,Paid in Full,Early,6,,,,,,Not Applicable,,,,,,,,,No Entry Yet,,,https://drive.google.com/drive/u/0/folders/16urz1N2kxtIll5uJFvPCgiXCQT20vLZk,0,0,0,,1,,,,,,,45877
,,GSC0,,G SQUAD CARPORT AUTO SHOP,Closed,Elvira Ladea,Marah Luriely A. Villaruz,,30-Jul-2025,2017,TOYOTA COROLLA ALTIS 1,DAE6678,Inventory Financing,Netbank,45868,646131.58,0.4643017139,300000,0,0,,,,,45897,Not Renewed,,45927,Not Renewed,,45958,Paid in Full,Early,9,,,,,,Not Applicable,,,,,,,,,No Entry Yet,,,https://drive.google.com/drive/u/0/folders/15aN-UOuELHbXhcb9_O5Bq-J0slyRp13J,0,0,0,,1,,,,,,,45880
,,ICA0,,INIGO'S CAR AGENT SERVICES,Closed,Elvira Ladea,Marah Luriely A. Villaruz,,30-Jul-2025,2019,HONDA CIVIC,NGA4045,Inventory Financing,Netbank,45868,1666401.45,0.4200668452,700000,0,0,,,,,45897,Not Renewed,,45927,Not Renewed,,45958,Paid in Full,Early,33,,,,,,Not Applicable,,,,,,,,,No Entry Yet,,,https://drive.google.com/drive/u/0/folders/1xAZ3iRuvIfttrKLbpIilJ7h9DSevnO8_,0,0,0,,1,,,,,,,45876
,,YCT0,,Y2KAR-CAR TRADING,Closed,Rhoyland Alagon,Marah Luriely A. Villaruz,,31-Jul-2025,2011,HYUNDAI STAREX,POO834,Inventory Financing,Netbank,45869,469354.84,0.5326460466,250000,0,0,,,,,45898,Not Renewed,,45928,Not Renewed,,45958,Paid in Full,Early,28,,,,,,Not Applicable,,,,,,,,,No Entry Yet,,,https://drive.google.com/drive/u/0/folders/1x69tHSUltXziU5rSwKH-ikGijiDwbYh3,0,0,0,,1,,,,,,,45876
,,NTI0,,RIDEAGAIN INC. (FORMERLY: NEXANOVUS TECHNOLOGIES INC.),Closed,Hannah Mae Ibay, Hannah Mae A. Ibay,,31-Jul-2025,2017,MITSUBISHI MIRAGE G4 GLX 1,110104/LAC1433,Repo-Sale Financing,Netbank,45869,399909.09,0.5626278712,225000,0,0,,1,,,45898,Renewed,Late,45928,Not Renewed,,45959,Paid in Full,Early,55,,,,,6,Not Applicable,,,,,,,,,No Entry Yet,,,https://drive.google.com/drive/folders/1DPL1OWrx5jNUn_PcAJd-yGlL5wTLtPnx,0,0,0,,1,,,,,,,45880
,,ZTC0,,ZT CAR TRADING,Closed,Myrnalyn Bankingkito,Malou Alfonso,,31-Jul-2025,2019,JEEP WRANGLER 2.0L U,NEA1524,Inventory Financing,Finsso,45869,1710229.04,0.5847170038,1000000,0,0,,,,,45898,Renewed,On Time,45928,Not Renewed,,45959,Paid in Full,Early,57,,,,,,Yes,1020000,45898,Yes,,,,,,No Entry Yet,,,https://drive.google.com/drive/folders/19sxWmo7K9jyEmBw4N_g1GknKLAY40Zhf,0,0,0,,1
,,BMA0,,BHASTA MHANIBELA AUTO TRADING,Closed,Marlon Llamas,Albert Dalupang,,31-Jul-2025,2022,NISSAN NAVARA 2.5 VL A,NEX1151,Inventory Financing,Netbank,45869,1251444.44,0.6999911239,876000,0,0,,,,,45898,Not Renewed,,45928,Not Renewed,,45959,Paid in Full,Early,29,,,,,,Not Applicable,,,,,,,,,No Entry Yet,,,https://drive.google.com/drive/folders/1RR9xtUjBmoX-07WxYM0FxShlWwTY7KGH,0,0,0,,1,,,,,,,45876
,,AUT0,,AUTOGERD CAR TRADING,Closed,Marlon Llamas,Albert Dalupang,,31-Jul-2025,2021,TOYOTA HIACE COMMUTER DELUXE 2.8,NDZ6066,Inventory Financing,Netbank,45869,1287500,0.6998058252,901000,0,0,,,,,45898,Renewed,On Time,45928,Renewed,Early,45959,Paid in Full,Early,89,,,,,,Not Applicable,,,,,,,,,No Entry Yet,,,https://drive.google.com/drive/u/0/folders/18wkbn2BvgKUaG9c6mMWKw20_mJYj1llV,0,0,0,,1,,,,,,,45876
,,WMS0,,WAREHOUSE MANAGEMENT SERVICES CARLY CAR&RENTAL,Closed,Rose Batacan,Malou Alfonso,,4-Aug-2025,2010,HONDA JAZZ,PIT275,Inventory Financing,Netbank,45873,272764.71,0.5499245119,150000,0,0,,,,,45902,Renewed,On Time,45932,Renewed,On Time,45964,Paid in Full,On Time,91,,,,,,Not Applicable,,,,,,,,,No Entry Yet,,,https://drive.google.com/drive/u/0/folders/1OcOq01FjyC6Gs7OTDSzdeO_NH6t7Y7Td,0,0,0,,1,,,,,,,45876
,,LLMS0,,LLMS AUTO TRADING,Closed,Myrnalyn Bankingkito,Malou Alfonso,,3-Sep-2025,2015,SUZUKI SWIFT 1.2 AT,130107/ABR2241,Inventory Financing,Finsso,45903,323300,0.6186204763,200000,0,0,,,,,45932,Not Renewed,,45962,Not Renewed,,45993,Paid in Full,Early,12,,,,,,,,,,,,,,,No Entry Yet,,,https://drive.google.com/drive/folders/1sx2xracHn7D7YPkXU5rXNkwIEFblxjpW,0,0,0,,1
,,RPM0,,RENZ PATRICK MOJICA CAR AGENT SERVICES,Closed,Elvira Ladea,Marah Luriely A. Villaruz,,11-Aug-2025,2012,AUDI A4 2.0 TDI,MMM90,Inventory Financing,Netbank,45880,914389.33,0.3280878179,300000,0,0,,-4,,,45909,Renewed,Early,45939,Renewed,On Time,45971,Paid in Full,Late,92,,,,,1,Not Applicable,,,,,,,,,No Entry Yet,,,https://drive.google.com/drive/u/0/folders/1lq8aEtGl1lvA70qFi1dXzUUwa2wlrNAW,0,0,0,,1,,,,,,,45895
,,BOZZ0,,BOZZ BY CAR TRADING,Closed,Elvira Ladea,Marah Luriely A. Villaruz,,15-Aug-2025,2017,HYUNDAI ACCENT 1.4 GL A,030108/CAG1379,Inventory Financing,Finsso,45884,361400.4,0.5534028186,200000,0,0,,,,,45913,Not Renewed,,45943,Not Renewed,,45974,Paid in Full,Early,78,,,,,,Not Applicable,,,,Yes,,,,,No Entry Yet,,,https://drive.google.com/drive/folders/1IGv8KAM05GjaW3oz9WZeRpmqm5-3E2Zn?usp=drive_link,0,0,0,,1,,,,,,,45925
,,GFC0,,GOOD FIND CAR TRADING,Closed,Rose Batacan,Malou Alfonso,,18-Aug-2025,2024,SUZUKI APV GA-MT,NFM4210,Inventory Financing,Netbank,45887,602692.31,0.6504148029,392000,0,0,,,,,45916,Renewed,On Time,45946,Not Renewed,,45978,Paid in Full,Early,46,,,,,,Not Applicable,,,,,,,,,No Entry Yet,,,https://drive.google.com/drive/folders/1lgOIujaAhtMm8RZ-4rG28_rwo__7FFr1,0,0,0,,1,,,,,,,45923
,,JRI0,,JRI CAR TRADING,Closed,Rose Batacan,Malou Alfonso,,20-Aug-2025,2024,NISSAN ALMERA 1.0 VL TURBO CVT W/ CCS(PASSENGER CAR),NIQ1566,Inventory Financing,Netbank,45889,981750,0.7028265852,690000,0,0,,-3,,,45918,Renewed,Early,45948,Renewed,On Time,45978,Paid in Full,Late,93,,,,,2,Yes,702075,45916,Not Yet,,,,,,No Entry Yet,,,https://drive.google.com/drive/folders/1VWExRYXpc2d5q1W5X0a5i-25FSSameyk,0,0,0,,1,,,,,,,45922
,,MAB0,,MAB CAR TRADING,Closed,Marlon Llamas,Albert Dalupang,,19-Aug-2025,2019,TOYOTA LAND CRUISER 20,NEB2361,Inventory Financing,Finsso,45888,4049331.18,0.5186041612,2100000,0,0,,,,,45917,Not Renewed,,45947,Not Renewed,,45979,Paid in Full,Early,12,,,,,,Yes,2142000,45918,Not Yet,,,,,,No Entry Yet,,,https://drive.google.com/drive/u/0/folders/141ZbtKEp9N1iBOx0-5CoS93GRRUTDWLs,0,0,0,,1
,,JVA0,,JVA CARS TRADING OPC,Closed,Rose Batacan,Malou Alfonso,,22-Aug-2025,2022,MAZDA CX-8 4X2 AT SIG,NEK5460,Inventory Financing,Finsso,45891,1266935,0.7001148441,887000,0,0,,,,,45920,Renewed,On Time,45950,Renewed,On Time,45981,Paid in Full,Early,84,,,,,,Not Applicable,,,,,,,,,No Entry Yet,,,https://drive.google.com/drive/folders/1X7RgBBgawCAgaB2LC8tUD8yMv9OxKBqk,0,0,0,,1
,,CAR0,,CARWIN AUTOMOTIVE REPAIR SERVICES,Closed,Rose Batacan,Malou Alfonso,,27-Aug-2025,2018,MITSUBISHI MONTERO SPT GLX,KAC5496,Inventory Financing,Finsso,45896,880400,0.6815084053,600000,0,0,,,,,45925,Renewed,Early,45955,Renewed,On Time,45986,Paid in Full,On Time,90,,,,,,Not Applicable,,,,,,,,,No Entry Yet,,,https://drive.google.com/drive/folders/1SRIyqhwkoPWe672eoAOql9mhZthh4ENz,0,0,0,,1
,,GCS0,,3GC AUTO SHOP,Closed,Rhoyland Alagon,Marah Luriely A. Villaruz,,28-Aug-2025,2018,MITSUBISHI MIRAGE GLX 1.2G AT,VAA4090,Inventory Financing,Finsso,45897,360524.38,0.6518283174,235000,0,0,,,,,45926,Not Renewed,,45956,Not Renewed,,45987,Paid in Full,Early,29,,,,,,Not Applicable,,,,,,,,,No Entry Yet,,,https://drive.google.com/drive/u/0/folders/142waJpt3PC9onfu2ucT_y_AuOY3CIVWp,0,0,0,,1
,,ZTZ0,,ZTZ AUTO TRADING,Closed,Myrnalyn Bankingkito,Malou Alfonso,,28-Aug-2025,2017,HONDA JAZZ,NAC9269,Inventory Financing,Finsso,45897,543666.67,0.6989576904,380000,0,0,,,,,45926,Renewed,On Time,45956,Renewed,On Time,45987,Paid in Full,Early,84,,,,,,Not Applicable,,,,,,,,,No Entry Yet,,,https://drive.google.com/drive/u/0/folders/1BESRlXylKOlVmS8EugK7piZUEcH6Vtrj,0,0,0,,1
,,BHAD0,,BHADZFAST AUTOWORKS,Overdue,Marlon Llamas,Albert Dalupang,,1-Sep-2025,2024,GMC HUMMER,NIZ1051,Inventory Financing,Finsso,45901,12680000,0.2365930599,3000000,3000000,3000000,,338,,,45930,Renewal Overdue,,45960,Renewal Overdue,,45992,Maturity Overdue,Late,372,DPD > 90,DPD > 90,DPD > 90,Yes,343,Yes,3060000,45930,Yes,,,,,,No Entry Yet,,,https://drive.google.com/drive/folders/1iLbx2APdEjoU4yT5lX--ftfkvonNNWOm?usp=drive_link,0,0,0,,1,,,R1 DPD,Maturity DPD
,,ECC0,,EC CAR TRADING,Closed,Rhoyland Alagon,Marah Luriely A. Villaruz,,2-Sep-2025,2014,TOYOTA FORTUNER 4X2,AAJ4865,Inventory Financing,Finsso,45902,802650,0.4983492182,400000,0,0,,,,,45931,Not Renewed,,45961,Not Renewed,,45992,Paid in Full,Early,16,,,,,,Not Applicable,,,,,,,,,No Entry Yet,,,https://drive.google.com/drive/u/0/folders/1szAjAyKcPLMZzglHfToEnQK-1zApzryO,0,0,0,,2
,,WAT0,,WHEELWISE AUTO TRADING,Closed,Rhoyland Alagon,Marah Luriely A. Villaruz,,3-Sep-2025,2016,MITSUBISHI MONTERO SPT GLS,NDE9063,Inventory Financing,Finsso,45903,939329.24,0.4258357804,400000,0,0,,,,,45932,Not Renewed,,45962,Not Renewed,,45993,Paid in Full,Early,9,,,,,,Not Applicable,,,,,,,,,No Entry Yet,,,https://drive.google.com/drive/u/0/folders/1O2DM-kS1_a1dW1VgZCTBJtp4iRNfKRRX,0,0,0,,1
,,PMA0,,PRE MIERE AUTOTRADE CAR AGENT SERVICES,Closed,Rose Batacan,Malou Alfonso,,9-Sep-2025,2024,TOYOTA HILUX 2.4 E 4X2 AT,NKI5158,Inventory Financing,Finsso,45909,1412700,0.5662914985,800000,0,0,,,,,45938,Not Renewed,,45968,Not Renewed,,45999,Paid in Full,Early,30,,,,,,Not Applicable,,,,,,,,,No Entry Yet,,,https://drive.google.com/drive/u/0/folders/18_RnLqYkRVFPyiUhaKclu_WsWZqMxTWI,0,0,0,,1
,,ALP0,,ALP AUTO TRADING,Closed,Myrnalyn Bankingkito,Malou Alfonso,,10-Sep-2025,2020,TOYOTA INNOVA 2.8 E DIESEL,DAZ1120,Inventory Financing,Finsso,45910,831452.4,0.6999799387,582000,0,0,,,,,45939,Not Renewed,,45969,Not Renewed,,46000,Paid in Full,Early,31,,,,,,Not Applicable,,,,,,,,,No Entry Yet,,,https://drive.google.com/drive/u/0/folders/1ciOJEeco8QWXoQAs5df2yap09GqkiWhr,0,0,0,,1
,,SGA0,,STRIKES. GARAGE AUTO TRADING,Closed,Zhesa Resurrecion,Albert Dalupang,,11-Sep-2025,2015,HONDA MOBILIO,NDT6455,Inventory Financing,Finsso,45911,468611.11,0.6508595155,305000,0,0,,3,,,45940,Renewed,On Time,45970,Renewed,On Time,46001,Paid in Full,Late,98,,,,,8,Not Applicable,,,,,,,,,No Entry Yet,,,https://drive.google.com/drive/u/0/folders/1INDHuZQSSCMP6QEu9NLcaUq_00gH707l,0,0,0,,1
,,KTS0,,KIDSZONETOYSAVENUE TOY STORE,Closed,Rhoyland Alagon,Marah Luriely A. Villaruz,,16-Sep-2025,2012,TOYOTA AVANZA 1.3E MT,UIY197,Inventory Financing,Finsso,45916,293358.51,0.5794957167,170000,0,0,,,,,45945,Not Renewed,,45975,Not Renewed,,46006,Paid in Full,Early,17,,,,,,Not Applicable,,,,,,,,,No Entry Yet,,,https://drive.google.com/drive/u/0/folders/1shtm3MaQcsNybqXk_sIiiIPtX-HMBAsQ,0,0,0,,1
,,RCC0,,RB CARZ CAR TRADING,Closed,Elvira Ladea,Marah Luriely A. Villaruz,,17-Sep-2025,2016,FORD EXPLORER 4-DOOR AT,NDD3151/130110,Inventory Financing,Finsso,45917,792666.67,0.5046257338,400000,0,0,,2,,,45946,Renewed,On Time,45976,Renewed,On Time,46007,Paid in Full,Late,97,,,,,7,Yes,409000,45946,Yes,,,,,,No Entry Yet,,,https://drive.google.com/drive/u/0/folders/1N2JGDsL_dOA7Ucaz-cY7wqhHYvbh1iuw,0,0,0,,1
,,WWC0,,WIN-WIN CAR TRADING,Closed,Ricmar Magboo,Albert Dalupang,,17-Sep-2025,2011,TOYOTA VIOS 1.3E GAS A,VFF403,Inventory Financing,Finsso,45917,286142.86,0.5242136742,150000,0,0,,,,,45946,Not Renewed,,45976,Not Renewed,,46007,Paid in Full,Early,18,,,,,,Not Applicable,,,,,,,,,No Entry Yet,,,https://drive.google.com/drive/u/0/folders/170HHUh1ZY7jCq_DD9S3rq4mVGRBjhoTn,0,0,0,,1
,,SSA0,,S&S AUTO TRADING,Closed,Rose Batacan,Malou Alfonso,,23-Sep-2025,2025,SUZUKI DZIRE GLP AGS,BAG6059,Inventory Financing,Finsso,45923,655200,0.6105006105,400000,0,0,,,,,45952,Not Renewed,,45982,Not Renewed,,46013,Paid in Full,Early,30,,,,,,Not Applicable,,,,,,,,,No Entry Yet,,,https://drive.google.com/drive/u/0/folders/1U0mCM20lZzoYqNnTxgOh-ga3ufDagO7P,0,0,0,,1
,,MDC0,,MANILA A DEAL CAR TRADING,Closed,Marlon Llamas,Albert Dalupang,,19-Sep-2025,2010,TOYOTA LAND CRUISER,NQH210,Inventory Financing,Finsso,45919,2503571.43,0.4996861623,1251000,0,0,,,,,45948,Not Renewed,,45978,Not Renewed,,46009,Paid in Full,Early,27,,,,,,Yes,1272892.5,45948,Not Yet,,,,,,No Entry Yet,,,https://drive.google.com/drive/folders/1sFJ1u0MNSSK5RcxFBZJl3LyMUJM0va2X,0,0,0,,1
,,AED0,,AEDEN DCARS CAR AGENT SERVICES,Overdue,Rose Batacan,Malou Alfonso,,23-Sep-2025,2020,NISSAN NV350 URVAN 2.5 MT,NDN9012,Inventory Financing,Finsso,45923,841027.78,0.6991445633,588000,588000,588000,,316,,,45952,Renewal Overdue,,45982,Renewal Overdue,,46013,Maturity Overdue,Late,350,DPD > 90,DPD > 90,DPD > 90,Yes,321,Not Applicable,,,,Yes,,,,,No Entry Yet,,,https://drive.google.com/drive/folders/1pdnRoturQR6Yd12RPL95Gqdvj5uU7cqt?usp=drive_link,0,0,0,,1,,,R1 DPD,Maturity DPD
,,CAC0,,4CS AUTO CARE CENTER,Closed,Rhoyland Alagon,Marah Luriely A. Villaruz,,24-Sep-2025,2015,MITSUBISHI ASX GLS 2.0G 2W,ARA7655,Inventory Financing,Finsso,45924,475368.42,0.6521257765,310000,0,0,,2,,,45953,Renewed,Late,45983,Not Renewed,,46014,Paid in Full,Early,58,,,,,7,Not Applicable,,,,,,,,,No Entry Yet,,,https://drive.google.com/drive/u/0/folders/1ojJlUCPoOx2BK6LvKrDKxtKfWwHSox6v,0,0,0,,1
,,KPM0,,KPMA CAR TRADING,Closed,Elvira Ladea,Marah Luriely A. Villaruz,,25-Sep-2025,2024,MITSUBISHI MIRAGE G4 GLX 1.2G CVT,NFC9520/ Y3X380,Auction Financing,Finsso,45925,696150,0.5012057746,348914.4,0,0,,,,,45954,Renewed,Early,45984,Not Renewed,,46014,Paid in Full,Early,51,,,,,,Yes,355020.402,45953,Yes,,,,,,No Entry Yet,,,https://drive.google.com/drive/u/0/folders/1hEC8n8gkJt7c-J9yYosr6pvHmAVggq5D,0,0,0,,1
,,BAA0,,BUM-AUTODEAL AUTO TRADING,Closed,Elvira Ladea,Marah Luriely A. Villaruz,,24-Sep-2025,2019,HONDA CIVIC,NFW5105,Inventory Financing,Finsso,45924,796500,0.6528562461,520000,0,0,,,,,45953,Renewed,Early,45983,Not Renewed,,46014,Paid in Full,Early,58,,,,,,Not Applicable,,,,,,,,,No Entry Yet,,,https://drive.google.com/drive/u/0/folders/17KLMUq7n9bRG-7Maq2OlO4v29s5sRqkr,0,0,0,,1
,,TGM0,,TGM AS AUTO SHOP,Closed,Rhoyland Alagon,Marah Luriely A. Villaruz,,26-Sep-2025,2024,NISSAN NAVARA 2.5 CALIBRE-X AT,NIP6099,Inventory Financing,Finsso,45926,1385500,0.3608805485,500000,0,0,,22,,,45955,Renewed,Late,45985,Renewed,Early,46015,Paid in Full,Early,57,,,,,27,Not Applicable,,,,,,,,,No Entry Yet,,,https://drive.google.com/drive/u/0/folders/1wfN08a_IQXIzqVrjIDgOMLr9GFDmc7gQ,0,0,0,,1
,,JJM0,,JJM AUTO CARE SERVICES,Closed,Elvira Ladea,Marah Luriely A. Villaruz,,29-Sep-2025,2011,NEW MAZDA 3 1.6,TXO553,Inventory Financing,Finsso,45929,260000,0.45,117000,0,0,,,,,45958,Not Renewed,,45988,Not Renewed,,46020,Paid in Full,Early,8,,,,,,Not Applicable,,,,,,,,,No Entry Yet,,,https://drive.google.com/drive/u/0/folders/1-LdC0kKXrrPSxk9sq8YqNrHn3iEOC4Mu,0,0,0,,1
,,FSC0,,FULL STOP CAR TRADING,Closed,Elvira Ladea,Marah Luriely A. Villaruz,,29-Sep-2025,2012,TOYOTA SEQUIOA 5.7 V8,AAJ2909,Inventory Financing,Finsso,45929,1934666.67,0.5168849061,1000000,0,0,,,,,45958,Renewed,On Time,45988,Renewed,On Time,46020,Paid in Full,Early,84,,,,,,Not Applicable,,,,,,,,,No Entry Yet,,,https://drive.google.com/drive/u/0/folders/1pL0CZ9yIPb-OxeSain3G52QBWFXoxDfb,0,0,0,,1
,,JUQ0,,JUSTRADE USED QUALITY CAR TRADING,Closed,Ricmar Magboo,Albert Dalupang,,29-Sep-2025,2020,FORD RANGER 2.0L WIL,DAO7050,Inventory Financing,Finsso,45929,712019.16,0.6249831816,445000,0,0,,10,,,45958,Renewed,Late,45988,Renewed,On Time,46020,Paid in Full,Late,106,,,,,15,Not Applicable,,,,,,,,,No Entry Yet,,,https://drive.google.com/drive/u/0/folders/1_tnvd_lA1WRvUprNCWUDzZv6fB8VQ7Bw,0,0,0,,1
,,KAC0,,KRAUSEVILLECARS ATCARCITY CAR TRADING,Closed,Marlon Llamas,Albert Dalupang,,29-Sep-2025,2024,HYUNDAI STARGAZER 1.5 GL IVT,NIR9804,Inventory Financing,Finsso,45929,806200,0.6846936244,552000,0,0,,,,,45958,Renewed,On Time,45988,Not Renewed,,46020,Paid in Full,Early,49,,,,,,Not Applicable,,,,,,,,,No Entry Yet,,,https://drive.google.com/drive/u/0/folders/1Yj4q0c-8shpB5swLM-ruFMIsMbK__2XC,0,0,0,,1
,,GGA0,,G.G. AUTO TRADING,Closed,Rose Batacan,Malou Alfonso,,29-Sep-2025,2023,TOYOTA WIGO 1.0 G CVT,NIT6896,Inventory Financing,Finsso,45929,525111.06,0.7046128489,370000,0,0,,,,,45958,Not Renewed,,45988,Not Renewed,,46020,Paid in Full,Early,16,,,,,,Not Applicable,,,,,,,,,No Entry Yet,,,https://drive.google.com/drive/u/0/folders/1RDpeWIbym2hbXnF7HNR8-NePJIIyaxhW,0,0,0,,1
,,JERZ0,,JERZ AUTO SHOP,Closed,Myrnalyn Bankingkito,Malou Alfonso,,1-Oct-2025,2012,HYUNDAI GRAND STAREX GL,UMI488,Inventory Financing,Finsso,45931,458537.99,0.4361688767,200000,0,0,,,,,45960,Not Renewed,,45990,Not Renewed,,46021,Paid in Full,Early,14,,,,,,Yes,204000,45960,Yes,,,,,,No Entry Yet,,,https://drive.google.com/drive/u/0/folders/1WI8P-3plfRRje6GFL9W5XqFDAqUx1vNp,0,0,0,,1
,,AMA0,,ALLEN MOTORKEE & AUTO TRADING,Closed,Zhesa Resurrecion,Albert Dalupang,,6-Oct-2025,2017,MITSUBISHI MIRAGE GLS 1.2G,NCS9466,Inventory Financing,Finsso,45936,420527.78,0.7133892558,300000,0,0,,,,,45965,Renewed,On Time,45995,Not Renewed,,46027,Paid in Full,Early,42,,,,,,Not Applicable,,,,,,,,,No Entry Yet,,,https://drive.google.com/drive/u/0/folders/1bpK_PdipjvHzluT9P3nEfdPwpA8ONEWc,0,0,0,,1
,,RCT0,,RAS CAR TRADING,Closed,Myrnalyn Bankingkito,Malou Alfonso,,8-Oct-2025,2024,TOYOTA VIOS 1.3 XLE CVT,NHS3395,Inventory Financing,Finsso,45938,681182.93,0.7002524271,477000,0,0,,,,,45967,Renewed,On Time,45997,Renewed,On Time,46028,Paid in Full,On Time,90,,,,,,Not Applicable,,,,,,,,,No Entry Yet,,,https://drive.google.com/drive/u/0/folders/1phMRPFAvJgfAz8i9azjDWMxLTkk6_lvF,0,0,0,,1
,,PAT0,,PITCH AUTO TRADING,Closed,Rose Batacan,Malou Alfonso,,9-Oct-2025,2017,FORD MUSTANG I4 COUP,NCQ5458,Inventory Financing,Finsso,45939,1743545.41,0.5018509957,875000,0,0,,,,,45968,Not Renewed,,45998,Not Renewed,,46029,Paid in Full,Early,11,,,,,,Not Applicable,,,,,,,,,No Entry Yet,,,https://drive.google.com/drive/u/0/folders/16HcfAo3g0_FIJ5rQDoV9wfTCJ3OU-TDy,0,0,0,,1
,,FMB0,,FMB CAR TRADING,Closed,Myrnalyn Bankingkito,Malou Alfonso,,13-Oct-2025,2018,SUZUKI CELERIO CVT,NAA6340,Inventory Financing,Finsso,45943,287193.1,0.661575783,190000,0,0,,6,,,45972,Renewed,On Time,46002,Renewed,Late,46034,Paid in Full,Early,70,,,,,11,Not Applicable,,,,,,,,,No Entry Yet,,,https://drive.google.com/drive/folders/1kfM6UaxqxMBlVeqpwgjqFUfZSHjtaBoT,0,0,0,,1
,,EGT0,,EDONG D GARAGE-TRUST&TEST-WHEELS AUTO SHOP,Closed,Rhoyland Alagon,Marah Luriely A. Villaruz,,15-Oct-2025,2011,HYUNDAI TUCSON THETA II,POK194,Inventory Financing,Finsso,45945,360884.62,0.3990194983,144000,0,0,,,,,45974,Renewed,Early,46004,Not Renewed,,46035,Paid in Full,Early,47,,,,,,Yes,146520,45974,Not Yet,,,,,,No Entry Yet,,,https://drive.google.com/drive/u/0/folders/1QvUfWcymTcBrAN3J57iY6GW_T3zCPDml,0,0,0,,1
,,CJF0,,CJ FLOW OPC,Closed,Rhoyland Alagon,Marah Luriely A. Villaruz,,14-Oct-2025,2024,BMW 218I COUPE MX,CCD3672,Inventory Financing,Finsso,45944,2555500,0.09782821366,250000,0,0,,,,,45973,Not Renewed,,46003,Not Renewed,,46034,Paid in Full,Early,1,,,,,,Not Applicable,,,,,,,,,No Entry Yet,,,https://drive.google.com/drive/folders/1Qbax7dmr7MNB9W5yrT84pgyYECA7V0OB,0,0,0,,1
,,DRYV0,,DRYVE CAR TRADING,Closed,Elvira Ladea,Marah Luriely A. Villaruz,,17-Oct-2025,2016,MITSUBISHI MONTERO SPT GLS AT,NCH8633,Inventory Financing,Finsso,45947,787400,0.698501397,550000,0,0,,,,,45976,Not Renewed,,46006,Not Renewed,,46037,Paid in Full,Early,27,,,,,,Not Applicable,,,,,,,,,No Entry Yet,,,https://drive.google.com/drive/folders/130kycbg7bO8wmSGSMoalD5BItwoefT3Y,0,0,0,,1
,,AVT0,,ANISKAYE VEHICLE TRADING,Closed,Rhoyland Alagon,Marah Luriely A. Villaruz,,17-Oct-2025,2017,MAZDA CX-9 2.5 AWD AT,NCO2955,Inventory Financing,Finsso,45947,1049669.71,0.6001887965,630000,0,0,,,,,45976,Not Renewed,,46006,Not Renewed,,46037,Paid in Full,Early,23,,,,,,Not Applicable,,,,,,,,,No Entry Yet,,,https://drive.google.com/drive/folders/1TlKL8-B-W3h58lXHqt9wp3hpnFo1Ko75,0,0,0,,1
,,JOM0,,JOM CAR TRADING,Closed,Elvira Ladea,Marah Luriely A. Villaruz,,17-Oct-2025,2016,TOYOTA ALPHARD 3.5L,NDF9042,Inventory Financing,Finsso,45947,1619470.59,0.6174857427,1000000,0,0,,-4,,,45976,Renewed,On Time,46006,Renewed,On Time,46037,Paid in Full,Late,91,,,,,1,Yes,1025000,45976,Yes,,,,,,No Entry Yet,,,https://drive.google.com/drive/folders/1vs3NPIMLuVLKF6jKyjgggQiIHm2uTEfz,0,0,0,,1
,,MCT0,,MELODYCARS CAR TRADING,Closed,Marlon Llamas,Albert Dalupang,,20-Oct-2025,2019,MITSUBISHI MONTERO SPT GLS AT,NDP8098,Inventory Financing,Finsso,45950,986299.9,0.7097232799,700000,0,0,,,,,45979,Not Renewed,,46009,Not Renewed,,46041,Paid in Full,Early,24,,,,,,Not Applicable,,,,,,,,,No Entry Yet,,,https://drive.google.com/drive/folders/1wyIo1UQ3-Rk__g0lbHihxKWcnly_likk,0,0,0,,1
,,RAS0,,R.A.S. CONVENIENCE STORE,Closed,Marlon Llamas,Albert Dalupang,,20-Oct-2025,2010,TOYOTA LAND CRUISER 2.0,NQZ323,Inventory Financing,Finsso,45950,2678320,0.3733683802,1000000,0,0,,,,,45979,Not Renewed,,46009,Not Renewed,,46041,Paid in Full,Early,29,,,,,,Not Applicable,,,,,,,,,No Entry Yet,,,https://drive.google.com/drive/u/0/folders/1Z2xOykPW5jCzV8ixdufy2iZ84b0GT3IV,0,0,0,,1
,,FAT0,,FASTCARS AUTO TRADING,Closed,Myrnalyn Bankingkito,Malou Alfonso,,20-Oct-2025,2023,MITSUBISHI MIRAGE G4 GLS 1.2G CVT,NHL2451,Inventory Financing,Finsso,45950,549681.68,0.72769389,400000,0,0,,,,,45979,Not Renewed,,46009,Not Renewed,,46041,Paid in Full,Early,28,,,,,,Yes,410000,45979,Not Yet,,,,,,No Entry Yet,,,https://drive.google.com/drive/u/0/folders/1pwveLhIHnwSSEAFIpGjwQg_qLn8q847p,0,0,0,,1
,,EAC0,,E5AUTOTRADING CAR TRADING,Closed,Rhoyland Alagon,Marah Luriely A. Villaruz,,22-Oct-2025,2018,BMW 118i,NCA4075,Inventory Financing,Finsso,45952,1423173.91,0.1405309629,200000,0,0,,,,,45981,Not Renewed,,46011,Not Renewed,,46042,Paid in Full,Early,27,,,,,,Not Applicable,,,,,,,,,No Entry Yet,,,https://drive.google.com/drive/u/0/folders/1k0ESH9icKnrPxH_eY3lEVRuO6kS97EJ_,0,0,0,,1
,,VKC0,,VY-KMY CAR TRADING,Closed,Rose Batacan,Malou Alfonso,,22-Oct-2025,2010,MITSUBISHI STRADA GL 2.5D MT,PID661,Inventory Financing,Finsso,45952,407687.5,0.5641575962,230000,0,0,,,,,45981,Not Renewed,,46011,Not Renewed,,46042,Paid in Full,Early,19,,,,,,Not Applicable,,,,,,,,,No Entry Yet,,,https://drive.google.com/drive/u/0/folders/1Oep0IVTyLz3RGDU13NPL3qr211piERtH,0,0,0,,1
,,RLP0,,RLP TRADING INC,Closed,Myrnalyn Bankingkito,Malou Alfonso,,27-Oct-2025,2018,LAND ROVER VELAR SE 2.0 DI,NBS9867,Inventory Financing,Finsso,45957,3836496.03,0.6636263872,2546000,0,0,,,,,45986,Renewed,On Time,46016,Renewed,Early,46048,Paid in Full,Early,81,,,,,,Yes,2590555,45986,Yes,,,,,,No Entry Yet,,,https://drive.google.com/drive/folders/14EKfNNTaMPwsYIwlgJ4zp7D5u-Z97HTw,0,0,0,,1
,,JHE0,,JHELO CAR TRADING,Closed,Myrnalyn Bankingkito,Malou Alfonso,,28-Oct-2025,2016,TOYOTA FORTUNER 4X2 2.4V,NDR1826,Inventory Financing,Finsso,45958,934578.95,0.26750014,250000,0,0,,,,,45987,Not Renewed,,46017,Not Renewed,,46048,Paid in Full,Early,1,,,,,,Not Applicable,,,,,,,,,No Entry Yet,,,https://drive.google.com/drive/u/0/folders/1ORP6GIJU4ieQTl6hsBamxIARnGQqzUwb,0,0,0,,1
,,PAW0,,PAWNAGE CAR TRADING,Closed,Rose Batacan,Malou Alfonso,,28-Oct-2025,2018,MITSUBISHI MIRAGE G4 GLX 1,DAL7401,Inventory Financing,Finsso,45958,389269.23,0.5651615464,220000,0,0,,7,,,45987,Renewed,On Time,46017,Renewed,Late,46048,Paid in Full,Early,71,,,,,12,Yes,224400,45987,Not Yet,,,,,,No Entry Yet,,,https://drive.google.com/drive/folders/1nYxc7_bCFqDGuHsR_TfYVUnNctScd00I,0,0,0,,1
,,RJDG0,,RJDG CUSTOMIZER AUTO SHOP,Closed,Elvira Ladea,Marah Luriely A. Villaruz,,28-Oct-2025,2011,HYUNDAI GETZ 1.1L (FL),TKO302,Inventory Financing,Finsso,45958,245312.5,0.4484076433,110000,0,0,,,,,45987,Renewed,On Time,46017,Renewed,On Time,46048,Paid in Full,On Time,90,,,,,,Yes,111925,45987,Yes,,,,,,No Entry Yet,,,https://drive.google.com/drive/folders/19NexdEyeQlJg0pvNW4PjvDfhYLHQYVFB,0,0,0,,1
,,RJB0,,RJB AUTO MART,Closed,Rhoyland Alagon,Marah Luriely A. Villaruz,,28-Oct-2025,2018,MITSUBISHI MONTERO SPT GLS,NBQ7703,Inventory Financing,Finsso,45958,909990.19,0.6494575507,591000,0,0,,,,,45987,Renewed,On Time,46017,Renewed,On Time,46048,Paid in Full,On Time,90,,,,,,Yes,601342.5,45987,Yes,,,,,,No Entry Yet,,,https://drive.google.com/drive/u/0/folders/1gR6rYL-oPEaw6nEm_0M6tkOY49xKzOAH,0,0,0,,1
,,FBC0,,FOUR BOYS CAR TRADING,Closed,Zhesa Resurrecion,Albert Dalupang,,29-Oct-2025,2018,HONDA ODYSSEY 2.4,DAD1077,Inventory Financing,Finsso,45959,1102058.96,0.6170268785,680000,0,0,,2,,,45988,Renewed,On Time,46018,Renewed,On Time,46049,Paid in Full,Late,97,,,,,7,Yes,697000,45988,Yes,,,,,,No Entry Yet,,,https://drive.google.com/drive/u/0/folders/1Qx9b8OLzLBPUX_ilGcsY06TbuGfYZGcZ,0,0,0,,1
,,AMI0,,AUTOMOBILICO INC,Closed,Elvira Ladea,Marah Luriely A. Villaruz,,31-Oct-2025,2014,TOYOTA CAMRY 2.5V,AAL6255,Inventory Financing,Finsso,45961,510683.39,0.4993309064,255000,0,0,,,,,45990,Renewed,On Time,46020,Renewed,On Time,46051,Paid in Full,On Time,90,,,,,,Not Applicable,,,,,,,,,No Entry Yet,,,https://drive.google.com/drive/u/0/folders/12GnrrTzOMD9cVyOo_BIvHITJocFkj-ch,0,0,0,,1
,,CHRI0,,CHRIS AUTO TRADING,Closed,Rose Batacan,Malou Alfonso,,30-Oct-2025,2013,MITSUBISHI LANCER EX MX 1,VDT381,Inventory Financing,Finsso,45960,430358.06,0.4995839976,215000,0,0,,,,,45989,Not Renewed,,46019,Not Renewed,,46050,Paid in Full,Early,25,,,,,,Not Applicable,,,,,,,,,No Entry Yet,,,https://drive.google.com/drive/folders/1XcbBzyDHnEUqQrjq30Wp_o0eQF3WqcvD,0,0,0,,1
,,POP0,,POPOY'S AUTO SHOP,Closed,Zhesa Resurrecion,Albert Dalupang,,30-Oct-2025,2016,TOYOTA HIACE S 2.5 GRANDIA,JPM10,Inventory Financing,Finsso,45960,825377.86,0.6990737551,577000,0,0,,7,,,45989,Renewed,On Time,46019,Renewed,Late,46050,Paid in Full,Late,96,,,,,12,Not Applicable,,,,,,,,,No Entry Yet,,,https://drive.google.com/drive/u/0/folders/1JMxApCjDmDyjTTnt3e9SxmRW2il2mXFi,0,0,0,,1
,,BCT0,,BOSS CAR TRADING,Closed,Myrnalyn Bankingkito,Malou Alfonso,,31-Oct-2025,2017,TOYOTA AVANZA 1.3E AT,NAT6459,Inventory Financing,Finsso,45961,507488.1,0.689671344,350000,0,0,,,,,45990,Not Renewed,,46020,Not Renewed,,46051,Paid in Full,Early,20,,,,,,Not Applicable,,,,,,,,,No Entry Yet,,,https://drive.google.com/drive/u/0/folders/1uLt0gAp83Mkh_sSkR3-vLuIGwbU6f4DK,0,0,0,,1
,,EBC0,,ELLA BELLA CAR TRADING,Closed,Rose Batacan,Malou Alfonso,,10-Nov-2025,2019,HONDA BR-V 1.5 S,NEH2931,Inventory Financing,Finsso,45971,557340.58,0.654895791,365000,0,0,,,,,46000,Not Renewed,,46030,Not Renewed,,46062,Paid in Full,Early,31,,,,,,Not Applicable,,,,,,,,,No Entry Yet,,,https://drive.google.com/drive/folders/1ZI7lo_eNfeK9-kgyD762rd2TnAakYDLv,0,0,0,,1
,,RJU0,,R.J USEDCAR AND ARMORING CAR AGENT SERVICES,Closed,Elvira Ladea,Marah Luriely A. Villaruz,,13-Nov-2025,2010,FORD EXPLORER 4DR,PBI963,Inventory Financing,Finsso,45974,320000,0.35,112000,0,0,,,,,46003,Renewed,On Time,46033,Renewed,On Time,46064,Paid in Full,Early,89,,,,,,Not Applicable,,,,,,,,,No Entry Yet,,,https://drive.google.com/drive/u/0/folders/1wVmP2ko4FAOLpXeURo6Iy0uHN1K2x_Va,0,0,0,,1
,,AMJ0,,AMJ AUTOMOTIVE CARE SERVICES,Closed,Myrnalyn Bankingkito,Malou Alfonso,,13-Nov-2025,2018,NISSAN JUKE 1.6L CVT,NCP6436,Inventory Financing,Finsso,45974,540478.72,0.6494242734,351000,0,0,,22,,,46003,Renewed,On Time,46033,Renewed,Early,46064,Paid in Full,Late,117,,,,,27,Not Applicable,,,,,,,,,No Entry Yet,,,https://drive.google.com/drive/folders/1EDT2qw6CWcnOdrrefESRz90V4EptsQAR,0,0,0,,1
,,DRC0,,D.R.C. AUTOS AUTO TRADING,Closed,Elvira Ladea,Marah Luriely A. Villaruz,,13-Nov-2025,2021,BMW X5 XDRIVE 30D,NEV3668,Inventory Financing,Finsso,45974,4584661.89,0.4362371856,2000000,0,0,,10,,,46003,Renewed,On Time,46033,Renewed,Late,46064,Paid in Full,Late,95,,,,,15,Yes,2035000,46003,Yes,,,,,,No Entry Yet,,,https://drive.google.com/drive/u/0/folders/1Ip86n7aLEFV5vLMECvNKWYKhfGE2CuOt,0,0,0,,1
,,TTR0,,T3 AUTO TRADING,Closed,Zhesa Resurrecion,Albert Dalupang,,21-Nov-2025,2018,TOYOTA WIGO 1.0 G A/T,NAA7212,Inventory Financing,Finsso,45982,443111.11,0.6995987981,310000,0,0,,,,,46011,Renewed,On Time,46041,Not Renewed,,46072,Paid in Full,Early,59,,,,,,Not Applicable,,,,,,,,,No Entry Yet,,,https://drive.google.com/drive/u/0/folders/1h8NYfczzKaxopykp-2j3SaBRL0F8zNjf,0,0,0,,1
,,MAPZ0,,MAPZ CAR TRADING,Closed,Zhesa Resurrecion,Albert Dalupang,,25-Nov-2025,2019,TOYOTA RUSH 1.5G AT,EAB8950,Inventory Financing,Finsso,45986,665519,0.6506200424,433000,0,0,,,,,46015,Renewed,On Time,46045,Not Renewed,,46076,Paid in Full,Early,58,,,,,,Yes,440577.5,46015,Not Yet,,,,,,No Entry Yet,,,https://drive.google.com/drive/u/0/folders/1yTZphgawp4Ancp7LNK6o0HvDT0BKYjTW,0,0,0,,1
,,JTRS0,,JTRS AUTO TRADING,Closed,Marlon Llamas,Albert Dalupang,,25-Nov-2025,2017,MITSUBISHI L300 DELUXE C/C,NCC7964,Inventory Financing,Finsso,45986,443411.76,0.5029185514,223000,0,0,,2,,,46015,Renewed,On Time,46045,Renewed,On Time,46076,Paid in Full,Late,97,,,,,7,Yes,227460,46015,Yes,,,,,,No Entry Yet,,,https://drive.google.com/drive/folders/1Q2qF9f6q4pZOsy78PhBls621yn7U-oek,0,0,0,,1
,,MNM0,,MNM CAR TRADING,Closed,Candyce Aguete,Malou Alfonso,,25-Nov-2025,2025,TOYOTA HILUX TAMARAW 2.4 FX DSL M/T,DBU8973,Inventory Financing,Finsso,45986,970700,0.5150922015,500000,0,0,,,,,46015,Renewed,On Time,46045,Renewed,On Time,46076,Paid in Full,On Time,90,,,,,,Not Applicable,,,,,,,,,No Entry Yet,,,https://drive.google.com/drive/folders/1IQ5kV3z2fLaXd6cUdr8kMjiERSvGzMvf,0,0,0,,1
,,ROD0,,RODCARS AUTO TRADING,Overdue,Myrnalyn Bankingkito,Malou Alfonso,,25-Nov-2025,2013,NISSAN URVAN VX,UWK361,Inventory Financing,Finsso,45986,352268,0.5677495543,200000,200000,200000,,253,,,46015,Renewal Overdue,,46045,Renewal Overdue,,46076,Maturity Overdue,Late,287,DPD > 90,DPD > 90,DPD > 90,Yes,258,Not Applicable,,,,,,,,,No Entry Yet,,,https://drive.google.com/drive/folders/144OwxrcrBc7b1sHteqJn3nUrmSbjCViO?usp=drive_link,0,0,0,,1,,,R1 DPD,Maturity DPD
,,HAT0,,HEBRIO AUTO TRADING,Closed,Rose Batacan,Malou Alfonso,,25-Nov-2025,2013,TOYOTA PREVIA 2.4L A/T,VED337,Inventory Financing,Finsso,45986,557132.74,0.5384713165,300000,0,0,,3,,,46015,Renewed,On Time,46045,Renewed,Late,46076,Paid in Full,Late,98,,,,,8,Not Applicable,,,,,,,,,No Entry Yet,,,https://drive.google.com/drive/folders/1PzRKum-rI88gExh_RfrjvwQtRHO6kzOC,0,0,0,,1
,,TAT0,,TREV AUTO TRADING,Closed,Elvira Ladea,Marah Luriely A. Villaruz,,26-Nov-2025,2023,TOYOTA VIOS 1.3 XLE CV,NII4401,Inventory Financing,Finsso,45987,601000,0.6988352745,420000,0,0,,3,,,46016,Renewed,Late,46046,Not Renewed,,46077,Paid in Full,Early,56,,,,,8,Not Applicable,,,,,,,,,No Entry Yet,,,https://drive.google.com/drive/u/0/folders/1cShz3BMebJVSFwHwzju6TeYjOeINEvNg,0,0,0,,1
,,ZSM0,,ZSM LOGISTICS SERVICES,Overdue,Elvira Ladea,Marah Luriely A. Villaruz,,28-Nov-2025,2020,TOYOTA WIGO 1.0G AT,BAC2225,Inventory Financing,Finsso,45989,483148.37,0.7037175764,340000,340000,340000,,250,,,46018,Renewal Overdue,,46048,Renewal Overdue,,46079,Maturity Overdue,Late,284,DPD > 90,DPD > 90,DPD > 90,Yes,255,Not Applicable,,,,Yes,,,,,No Entry Yet,,,https://drive.google.com/drive/folders/1vYkEcRkAKdey0R32QN_GboyDGwyb-G8_?usp=drive_link,0,0,0,,1,,,R1 DPD,Maturity DPD
,,ROS0,,ROSMEL AUTO TRADING,Closed,Ricmar Magboo,Albert Dalupang,,1-Dec-2025,2017,MITSUBISHI L300 EXCEED C/C,130110/NBI5563,Inventory Financing,Finsso,45992,505022.73,0.5346294017,270000,0,0,,,,,46021,Not Renewed,,46051,Not Renewed,,46083,Paid in Full,Early,17,,,,,,Not Applicable,,,,,,,,,No Entry Yet,,,https://drive.google.com/drive/folders/1vSmrtba3GAxyJvtUnmKJbYU-qV_Pnp4x,0,0,0,,1
,,ELM0,,ELM CARS TRADING,Overdue,Rose Batacan,Malou Alfonso,,9-Dec-2025,2015,TOYOTA SEQUIOA,NCZ9396,Inventory Financing,Finsso,46000,2979333.33,0.4195569483,1250000,1250000,1250000,,239,,,46029,Renewal Overdue,,46059,Renewal Overdue,,46090,Maturity Overdue,Late,273,DPD > 90,DPD > 90,DPD > 90,Yes,244,Yes,1281250,46029,Yes,,,,,,No Entry Yet,,,https://drive.google.com/drive/folders/192vKm6upxuxAxTGmChLzu0hICuuTMUV6?usp=drive_link,0,0,0,,1,,,R1 DPD,Maturity DPD
,,DMCS0,,DM CAR SHOP,Closed,Myrnalyn Bankingkito,Malou Alfonso,,10-Dec-2025,2016,FORD MUSTANG GT COUP,NCG7279,Inventory Financing,Finsso,46001,1702918.63,0.5872271184,1000000,0,0,,,,,46030,Not Renewed,,46060,Not Renewed,,46091,Paid in Full,Early,5,,,,,,Not Applicable,,,,,,,,,No Entry Yet,,,https://drive.google.com/drive/u/0/folders/1mQo5HD4VhUiQ1kOCAeNptkr5lcJZb8E7,0,0,0,,1
,,UNWT0,,UTOLCARTRADING NON-SPECIALIZED WHOLESALE TRADING,Closed,Elvira Ladea,Marah Luriely A. Villaruz,,10-Dec-2025,2015,TOYOTA HIACE COMMUTER,NDH6222,Inventory Financing,Finsso,46001,723635.1,0.6494986216,470000,0,0,,,,,46030,Not Renewed,,46060,Not Renewed,,46091,Paid in Full,Early,30,,,,,,Not Applicable,,,,,,,,,No Entry Yet,,,https://drive.google.com/drive/folders/1oB3zf-hTDWZrTZsAkHJGggKZ106Tow3M,0,0,0,,1
,,AYI0,,AYI CAR AGENT SERVICES,Closed,Elvira Ladea,Marah Luriely A. Villaruz,,12-Dec-2025,2011,TOYOTA FORTUNER 4X2 2,POT767,Inventory Financing,Netbank,46003,561444.44,0.4274688338,240000,0,0,,,,,46032,Not Renewed,,46062,Not Renewed,,46093,Paid in Full,Early,21,,,,,,Not Applicable,,,,,,,,,No Entry Yet,,,https://drive.google.com/drive/folders/12ZW7gBkcBQeqHay_GmscL6bfTGLbu3fj,0,0,0,,1,,,,,,,46113
,,GIBO0,,GIBO CAR TRADING,Closed,Myrnalyn Bankingkito,Malou Alfonso,,12-Dec-2025,2022,FORD TERRITORY 1.5L,NEW1245,Inventory Financing,Finsso,46003,858203.13,0.5826126502,500000,0,0,,,,,46032,Not Renewed,,46062,Not Renewed,,46093,Paid in Full,Early,7,,,,,,Yes,512500,46032,Not Yet,,,,,,No Entry Yet,,,https://drive.google.com/drive/u/0/folders/1_-c0YYr94fgJMJcbXoEbp_n9CMvcrmDy,0,0,0,,1
,,RTR0,,RTR AUTO TRADING,Overdue,Myrnalyn Bankingkito,Malou Alfonso,,16-Dec-2025,2016,TOYOTA VIOS 1.3E GAS MT,ABQ9795,Inventory Financing,Netbank,46007,303015.97,0.5940280969,180000,180000,180000,,232,,,46036,Renewal Overdue,,46066,Renewal Overdue,,46097,Maturity Overdue,Late,266,DPD > 90,DPD > 90,DPD > 90,Yes,237,Not Applicable,,,,,,,,,No Entry Yet,,,https://drive.google.com/drive/folders/1fwePDtToqE3ZGblLc-wZocxAmJWMw_H2?usp=drive_link,0,0,0,,1,,,R1 DPD,Maturity DPD,,,46113,160
,,MCPS0,,29MMCARHUB MANILA CAR PAINT SERVICES,Closed,Myrnalyn Bankingkito,Malou Alfonso,,15-Dec-2025,2015,HONDA BRIO AMAZE 1.3E MT,NDU9340,Inventory Financing,Finsso,46006,272075.91,0.6468782922,176000,0,0,,,,,46035,Renewed,On Time,46065,Renewed,On Time,46097,Paid in Full,Early,88,,,,,,Yes,180400,46035,Yes,,,,,,No Entry Yet,,,https://drive.google.com/drive/u/0/folders/1UBZHGwSslkR9LCLNtBXZy3elqiGoqNDf,0,0,0,,1
,,ANCT0,,AUTONEH CAR TRADING,Overdue,Myrnalyn Bankingkito,Malou Alfonso,,16-Dec-2025,2019,MITSUBISHI MIRAGE G4 GLS 1,CAR7217,Inventory Financing,Finsso,46007,415318.18,0.4815585005,200000,200000,200000,,232,,,46036,Renewal Overdue,,46066,Renewal Overdue,,46097,Maturity Overdue,Late,266,DPD > 90,DPD > 90,DPD > 90,Yes,237,Not Applicable,,,,,,,,,No Entry Yet,,,https://drive.google.com/drive/folders/1qnAktQ6-PClleloo1GG665muoj_70NE3,0,0,0,,1,,,R1 DPD,Maturity DPD
,,IJCA0,,IJ CAR AGENT SERVICES,Overdue,Elvira Ladea,Marah Luriely A. Villaruz,,23-Dec-2025,2019,TOYOTA VIOS 1.3 E AT,NEI3636,Inventory Financing,Finsso,46014,464267,0.6504877581,302000,302000,302000,,225,,,46043,Renewal Overdue,,46073,Renewal Overdue,,46104,Maturity Overdue,Late,259,DPD > 90,DPD > 90,DPD > 90,Yes,230,Yes,309550,46043,Yes,Unit Replacement,,,,,No Entry Yet,,,https://drive.google.com/drive/folders/1PCExFmXbSvASelLwLGxgHTr8ls61Rrww?usp=drive_link,0,0,0,,1,,,R1 DPD,Maturity DPD
,,BPG0,,BPG CAR TRADING,Overdue,Elvira Ladea,Marah Luriely A. Villaruz,,23-Dec-2025,2022,NISSAN NAVARA 2.5 PRO,CAW3139,Inventory Financing,Finsso,46014,878196.31,0.6832185391,600000,600000,600000,,225,,,46043,Renewal Overdue,,46073,Renewal Overdue,,46104,Maturity Overdue,Late,259,DPD > 90,DPD > 90,DPD > 90,Yes,230,Yes,610500,46043,Not Yet,,,,,,No Entry Yet,,,https://drive.google.com/drive/folders/1vnUVSwBZGe_TPq96eLWZtVRlUPgDcuku,0,0,0,,1,,,R1 DPD,Maturity DPD
,,AIAT0,,AUTO-IN AUTO TRADING,Overdue,Myrnalyn Bankingkito,Malou Alfonso,,6-Jan-2026,2019,MITSUBISHI STRADA GLS 2.4D,ZAB7581,Inventory Financing,Finsso,46028,837269.44,0.6497311069,544000,544000,544000,,211,,,46057,Renewal Overdue,,46087,Renewal Overdue,,46118,Maturity Overdue,Late,245,DPD > 90,DPD > 90,DPD > 90,Yes,216,Not Applicable,,,,,,,,,No Entry Yet,,,https://drive.google.com/drive/folders/1Ycc7Dmj9NYG0Ih0MgbkB7kwWUM6dQXpC,0,0,0,,1,,,R1 DPD,Maturity DPD
,,LMK0,,LMK-KJM TRADING,Overdue,Zhesa Resurrecion,Albert Dalupang,,7-Jan-2026,2019,SUZUKI DZIRE GL AMT,NCU9215,Inventory Financing,Finsso,46029,342944.12,0.632756147,217000,217000,217000,,210,,,46058,Renewal Overdue,,46088,Renewal Overdue,,46119,Maturity Overdue,Late,244,DPD > 90,DPD > 90,DPD > 90,Yes,215,Not Applicable,,,,,,,,,No Entry Yet,,,https://drive.google.com/drive/folders/10hiDpogno5A8xOC3QR889zfph4vujBVR,0,0,0,,1,,,R1 DPD,Maturity DPD
,,ZCAT0,,ZC AUTO TRADING,Cancelled,Myrnalyn Bankingkito,Malou Alfonso,,,2024,TOYOTA LITEACE 1.5L PANEL VAN MT,KBB3505,,Finsso,,522620,0,,,,,,,,,,,,,,,,,,,,,,,Not Applicable,,,,,,,,,No Entry Yet,,,https://drive.google.com/drive/u/0/folders/12KdsIHQzJg60UnnFuPmG4CzAERz6OKgb,0,0,0,,1
,,BNT0,,BUENAFE TRADING,Overdue,Zhesa Resurrecion,Albert Dalupang,,19-Jan-2026,2024,HONDA CITY S CVT,NFF9749,Inventory Financing,Finsso,46041,746750.4,0.7003678873,523000,523000,523000,,198,,,46070,Renewal Overdue,,46100,Renewal Overdue,,46132,Maturity Overdue,Late,232,DPD > 90,DPD > 90,DPD > 90,Yes,203,Not Applicable,,,,,,,,,No Entry Yet,,,https://drive.google.com/drive/folders/1co9LtTz8ApEvu-cwTNgCMcWdR5lsKBrr,0,0,0,,1,,,R1 DPD,Maturity DPD
,,SSC0,,STRENGTHPROJECT SPORTS CONSULTANCY,Overdue,Rhoyland Alagon,Marah Luriely A. Villaruz,,23-Jan-2026,2021,HONDA BRIO 1.2 V AT,NEL4416,Inventory Financing,Finsso,46045,496230.77,0.6992714297,347000,347000,347000,,194,,,46074,Renewal Overdue,,46104,Renewal Overdue,,46135,Maturity Overdue,Late,228,DPD > 90,DPD > 90,DPD > 90,Yes,199,Yes,354807.5,46074,Yes,,,,,,No Entry Yet,,,https://drive.google.com/drive/folders/147eRoA02z4GBtYkloNYv1PXROTLsErSj,0,0,0,,1,,,R1 DPD,Maturity DPD
,,JAT0,,J'S AUTO TRADING,Overdue,Rexcell Juegos,Albert Dalupang,,26-Jan-2026,2014,NISSAN SYLPHY B17 1.6C,AAQ2041,Inventory Financing,Netbank,46048,360673.05,0.4158891273,150000,150000,150000,,191,,,46077,Renewal Overdue,,46107,Renewal Overdue,,46139,Maturity Overdue,Late,225,DPD > 90,DPD > 90,DPD > 90,Yes,196,Not Applicable,,,,,,,,,No Entry Yet,,,https://drive.google.com/drive/folders/1TJfyw_xkevBww3mWLyWJTVK_LDkccT6V,0,0,0,,1,,,R1 DPD,Maturity DPD,,,46113,160
,,JDL0,,J.D.L AUTOGARAGE CAR TRADING,Overdue,Ricmar Magboo,Albert Dalupang,,23-Jan-2026,2016,FORD EVEREST LTD TITANIUM 2.2,DBZ5126,Inventory Financing,Netbank,46045,691967.33,0.5058042263,350000,350000,350000,,194,,,46074,Renewal Overdue,,46104,Renewal Overdue,,46135,Maturity Overdue,Late,228,DPD > 90,DPD > 90,DPD > 90,Yes,199,Not Applicable,,,,,,,,,No Entry Yet,,,https://drive.google.com/drive/folders/1LOxoGWD7TGHhvh7VT1rWotcEEZwZQY_2,0,0,0,,1,,,R1 DPD,Maturity DPD,,,46113,160
,,GLLE0,,GLLEGACY CAR TRADING,Overdue,Elvira Ladea,Marah Luriely A. Villaruz,,26-Jan-2026,2020,MITSUBISHI XPANDER GLX 1.5,CBL4437,Inventory Financing,Finsso,46048,681856.64,0.649696687,443000,443000,443000,,191,,,46077,Renewal Overdue,,46107,Renewal Overdue,,46139,Maturity Overdue,Late,225,DPD > 90,DPD > 90,DPD > 90,Yes,196,Yes,450752.5,46077,Yes,,,,,,No Entry Yet,,,https://drive.google.com/drive/folders/1osYD6H9uQmPMwJDEbtqZJhx3aoBVeZLQ,0,0,0,,1,,,R1 DPD,Maturity DPD
,,TFC0,,TF888 CAR TRADING,Overdue,Myrnalyn Bankingkito,Malou Alfonso,,28-Jan-2026,2017,TOYOTA VIOS 1.3E GAS A,NDD7422,Inventory Financing,Finsso,46050,413166.67,0.6498588088,268500,268500,268500,,189,,,46079,Renewal Overdue,,46109,Renewal Overdue,,46140,Maturity Overdue,Late,223,DPD > 90,DPD > 90,DPD > 90,Yes,194,Yes,273198.75,46079,Yes,,,,,,No Entry Yet,,,https://drive.google.com/drive/u/0/folders/1CtjG4YtHh4k4_LdKvcirBN8ZAcTHeUFN,0,0,0,,1,,,R1 DPD,Maturity DPD
,,JMF0,,JMF AUTOCARE SERVICES,Overdue,Ricmar Magboo,Albert Dalupang,,29-Jan-2026,2011,TOYOTA HIACE GL GRANDIA 2.5 MT,POX433,Inventory Financing,Finsso,46051,693923.67,0.4986139182,346000,346000,346000,,188,,,46080,Renewal Overdue,,46110,Renewal Overdue,,46141,Maturity Overdue,Late,222,DPD > 90,DPD > 90,DPD > 90,Yes,193,Not Applicable,,,,,,,,,No Entry Yet,,,https://drive.google.com/drive/u/0/folders/1yuPl_axiAs9xoGh4NFj60RZgNrtlBwl2,0,0,0,,1,,,R1 DPD,Maturity DPD
,,JAGT0,,JAGSON AUTO TRADING,Overdue,Rhoyland Alagon,Marah Luriely A. Villaruz,,5-Feb-2026,2011,MITSUBISHI MONTERO SPORT G,TJQ375,Inventory Financing,Finsso,46058,497000,0.5,248500,248500,248500,,181,,,46087,Renewal Overdue,,46117,Renewal Overdue,,46148,Maturity Overdue,Late,215,DPD > 90,DPD > 90,DPD > 90,Yes,186,Yes,253470,46087,Yes,,,,,,No Entry Yet,,,https://drive.google.com/drive/u/0/folders/12ChZ9iqOu-BJFd4nNg8iPU1YrLZwCp4q,0,0,0,,1,,,R1 DPD,Maturity DPD
,,DION0,,DIONY CAR TRADING,Overdue,Marlon Llamas,Albert Dalupang,,24-Feb-2026,2019,SUZUKI ALTO-800-STD,NEA4749,Inventory Financing,Finsso,46077,228846.15,0.6117647162,140000,140000,140000,,162,,,46106,Renewal Overdue,,46136,Renewal Overdue,,46167,Maturity Overdue,Late,196,DPD > 90,DPD > 90,DPD > 90,Yes,167,Yes,142450,46106,PDC Undertaking,,,,,,No Entry Yet,,,https://drive.google.com/drive/folders/1RT3VrWRNRn2HbeSf37UcwD8LY8gh0Eqt,0,0,0,,1,,,R1 DPD,Maturity DPD
,,BROT0,,4BROTHERSAUTOSALES CAR TRADING,Overdue,Rose Batacan,Malou Alfonso,,9-Feb-2026,2019,HONDA CITY 1.5 AT,NEH4367,Inventory Financing,Netbank,46062,520723.02,0.6529382934,340000,340000,340000,,177,,,46091,Renewal Overdue,,46121,Renewal Overdue,,46153,Maturity Overdue,Late,211,DPD > 90,DPD > 90,DPD > 90,Yes,182,Not Applicable,,,,,,,,,No Entry Yet,,,https://drive.google.com/drive/u/0/folders/17OAeO0M-nFlJ1A8qC7vWX1ol07eBQ6ml,0,0,0,,1,,,R1 DPD,Maturity DPD,,,46113,160
,,GRCT0,,G REN CAR TRADING,Overdue,Marlon Llamas,Albert Dalupang,,19-Feb-2026,2015,SUBARU XV 2.0I-S CVT,ABF5722,Inventory Financing,Finsso,46072,508853.76,0.3242581916,165000,165000,165000,,167,,,46101,Renewal Overdue,,46131,Renewal Overdue,,46162,Maturity Overdue,Late,201,DPD > 90,DPD > 90,DPD > 90,Yes,172,Yes,168300,46101,Yes,,,,,,No Entry Yet,,,https://drive.google.com/drive/u/0/folders/1aGrLH-s3mYoa2IeZREn5g6l5HQsGrXWu,0,0,0,,1,,,R1 DPD,Maturity DPD
,,IVCT0,,I.V CAR TRADING,Overdue,Rhoyland Alagon,Marah Luriely A. Villaruz,,20-Feb-2026,2024,MITSUBISHI TRITON GLS 2WD AT,FAS3817,Inventory Financing,Finsso,46073,1244148.44,0.6992734725,870000,870000,870000,,166,,,46102,Renewal Overdue,,46132,Renewal Overdue,,46163,Maturity Overdue,Late,200,DPD > 90,DPD > 90,DPD > 90,Yes,171,Not Applicable,,,,,,,,,No Entry Yet,,,https://drive.google.com/drive/u/0/folders/1oafLZCLAl1asNy0FVjmGNQSAX_SPG-OA,0,0,0,,1,,,R1 DPD,Maturity DPD
,,SDCT0,,SASAKYAN DEALSPH CAR TRADING,Overdue,Elvira Ladea,Marah Luriely A. Villaruz,,16-Feb-2026,2018,TOYOTA HIACE COMMUTER 3.0 MT,CAH8669,Inventory Financing,Finsso,46069,670732.11,0.700726852,470000,470000,470000,,170,,,46098,Renewal Overdue,,46128,Renewal Overdue,,46160,Maturity Overdue,Late,204,DPD > 90,DPD > 90,DPD > 90,Yes,175,Not Applicable,,,,,,,,,No Entry Yet,,,https://drive.google.com/drive/u/0/folders/1a9SRP5ufogD-Js-dP303uoIGMT1IiELH,0,0,0,,1,,,R1 DPD,Maturity DPD
,,CAAT0,,CARCASTLE AUTO TRADING,Overdue,Rose Batacan,Malou Alfonso,,18-Feb-2026,2018,MITSUBISHI MONTERO SPT GLS,NAW7469,Inventory Financing,Finsso,46071,888689.58,0.2250504614,200000,200000,200000,,168,,,46100,Renewal Overdue,,46130,Renewal Overdue,,46160,Maturity Overdue,Late,204,DPD > 90,DPD > 90,DPD > 90,Yes,173,Not Applicable,,,,,,,,,No Entry Yet,,,https://drive.google.com/drive/u/0/folders/1v8YF0oEdmv3n8j7g_po_VgAV6wQBVf7u,0,0,0,,1,,,R1 DPD,Maturity DPD
,,WCAS0,,WHEELDEALS CAR AGENT SERVICES,Cancelled,Rexcell Juegos,Albert Dalupang,,,2016,TOYOTA FORTUNER 4X2 2,IDI1112,,Finsso,,845908.33,0,,,,,,,,,,,,,,,,,,,,,,,Yes,0,29,Not Yet,,,,,,No Entry Yet,,,https://drive.google.com/drive/folders/1x5X3oyvOFN7oQlRg8_EoJS8uCUvj79tG,0,0,0,,1
,,XVT0,,XXTREME VEHICLE TRADING,Overdue,Elvira Ladea,Marah Luriely A. Villaruz,,19-Feb-2026,2016,PEUGEOT 2008 16E,060106/FAI1912,Inventory Financing,Finsso,46072,431671.72,0.4494155883,194000,194000,194000,,167,,,46101,Renewal Overdue,,46131,Renewal Overdue,,46162,Maturity Overdue,Late,201,DPD > 90,DPD > 90,DPD > 90,Yes,172,Not Applicable,,,,,,,,,No Entry Yet,,,https://drive.google.com/drive/u/0/folders/1EFcOK6P9i-0a86QHnNsSogVQOp0XbkKk,0,0,0,,1,,,R1 DPD,Maturity DPD
,,AMBJ0,,AMBJ CAR TRADING,Cancelled,Candyce Aguete,Malou Alfonso,,,2019,HYUNDAI REINA 1.4 GL 5M,NDK9472,,Finsso,,343514.97,0,,,,,,,,,,,,,,,,,,,,,,,Not Applicable,,,,,,,,,No Entry Yet,,,https://drive.google.com/drive/u/0/folders/1jrRKXnPNyYmi0eue98id9luPEzDeV3ph,0,0,0,,1
,,KKC0,,KOTSE KALYEDAD CAR AGENT SERVICES,Overdue,Elvira Ladea,Marah Luriely A. Villaruz,,24-Feb-2026,2013,TOYOTA RAV4 4X2 WHITE,UPO436,Inventory Financing,Finsso,46077,454560.07,0.5279830232,240000,240000,240000,,162,,,46106,Renewal Overdue,,46136,Renewal Overdue,,46167,Maturity Overdue,Late,196,DPD > 90,DPD > 90,DPD > 90,Yes,167,Not Applicable,,,,,,,,,No Entry Yet,,,https://drive.google.com/drive/u/0/folders/12ROxGktc6V78KXHYZ4KKbzql3t8dFuzw,0,0,0,,1,,,R1 DPD,Maturity DPD
,,DECK0,,DECK AUTO TRADING,Overdue,Rose Batacan,Malou Alfonso,,25-Feb-2026,2025,HONDA BR-V S CVT,NKM4563,Inventory Financing,Finsso,46078,979964.29,0.4081781388,400000,400000,400000,,161,,,46107,Renewal Overdue,,46137,Renewal Overdue,,46168,Maturity Overdue,Late,195,DPD > 90,DPD > 90,DPD > 90,Yes,166,Not Applicable,,,,,,,,,No Entry Yet,,,https://drive.google.com/drive/folders/1UO3GXJfAhejNI4txGasb8uOjPE7cWQI0,0,0,0,,1,,,R1 DPD,Maturity DPD
,,HMJ0,,HMJS CAR TRADING,Overdue,Ricmar Magboo,Albert Dalupang,,26-Feb-2026,2017,FORD ECOSPORT 5DR TR,040108/DAF2720,Inventory Financing,Finsso,46079,319023.77,0.5015300271,160000,160000,160000,,160,,,46108,Renewal Overdue,,46138,Renewal Overdue,,46169,Maturity Overdue,Late,194,DPD > 90,DPD > 90,DPD > 90,Yes,165,Not Applicable,,,,,,,,,No Entry Yet,,,https://drive.google.com/drive/u/0/folders/1KcHxdvzE1fMHJnbl6wXvbXh_SGgtNscY,0,0,0,,1,,,R1 DPD,Maturity DPD
,,RANM0,,RANDEL MARKETING,Overdue,Myrnalyn Bankingkito,Malou Alfonso,,27-Feb-2026,2023,TOYOTA RUSH G GR-S 1.5,GAK2542,Inventory Financing,Finsso,46080,760628.42,0.7033657775,535000,535000,535000,,159,,,46109,Renewal Overdue,,46139,Renewal Overdue,,46170,Maturity Overdue,Late,193,DPD > 90,DPD > 90,DPD > 90,Yes,164,Yes,544362.5,46109,Yes,,,,,,No Entry Yet,,,https://drive.google.com/drive/folders/13Caccqf6_dwC6WfKRLR31VUW8FDbnvj0?usp=drive_link,0,0,0,,1,,,R1 DPD,Maturity DPD
,,MIK0,,MIKOTSE CORP,Overdue,Rexcell Juegos,Albert Dalupang,,3-Mar-2026,2016,TOYOTA INNOVA 2.8 G DS,130106/NDX7949,Inventory Financing,Finsso,46084,684200,0.6503946215,445000,445000,445000,,155,,,46113,Renewal Overdue,,46143,Renewal Overdue,,46174,Maturity Overdue,Late,189,DPD > 90,DPD > 90,DPD > 90,Yes,160,Not Applicable,,,,,,,,,No Entry Yet,,,https://drive.google.com/drive/u/0/folders/1HvFKf9ozBAeT8JqbgFuP59Ja8Oj6ylM7,0,0,0,,1,,,R1 DPD,Maturity DPD
,,VAT0,,VECTORTECH AUTO TRADING,Overdue,Marlon Llamas,Albert Dalupang,,6-Mar-2026,2018,NISSAN NAVARRA 2.5L EL,NBC4143,Inventory Financing,Finsso,46087,696244.47,0.6506335339,453000,453000,453000,,152,,,46116,Renewal Overdue,,46146,Renewal Overdue,,46177,Maturity Overdue,Late,186,DPD > 90,DPD > 90,DPD > 90,Yes,157,Yes,460927.5,46116,Yes,,,,,,No Entry Yet,,,https://drive.google.com/drive/u/0/folders/1V_BnUQeyCZy7YNs4JAXNsD_SFPmgfQ3q,0,0,0,,1,,,R1 DPD,Maturity DPD
,,SEF0,,SEF CAR TRADING,Overdue,Elvira Ladea,Marah Luriely A. Villaruz,,5-Mar-2026,2018,MITSUBISHI MIRAGE G4 GLS 1,EAB7594,Inventory Financing,Netbank,46086,351195,0.5694841897,200000,200000,200000,,153,,,46115,Renewal Overdue,,46145,Renewal Overdue,,46176,Maturity Overdue,Late,187,DPD > 90,DPD > 90,DPD > 90,Yes,158,Not Applicable,,,,,,,,,No Entry Yet,,,https://drive.google.com/drive/u/0/folders/1tS46R1HocBK96qU3Yd36Uiq4zI-dmqDf,0,0,0,,1,,,R1 DPD,Maturity DPD,,,46113,160
,,ESP0,,ESPPLATON CAR TRADING,Overdue,Myrnalyn Bankingkito,Malou Alfonso,,9-Mar-2026,2021,TOYOTA HIACE COMMUTER,DBB1248,Inventory Financing,Finsso,46090,951456.4,0.6306121857,600000,600000,600000,,149,,,46119,Renewal Overdue,,46149,Renewal Overdue,,46181,Maturity Overdue,Late,183,DPD > 90,DPD > 90,DPD > 90,Yes,154,Not Applicable,,,,,,,,,No Entry Yet,,,https://drive.google.com/drive/u/0/folders/1J6k_q0X9ApobnXjDqWHDJPmRJ7N2QCGB,0,0,0,,1,,,R1 DPD,Maturity DPD
,,ELJ0,,ELJ CAR TRADING,Overdue,Rhoyland Alagon,Marah Luriely A. Villaruz,,9-Mar-2026,2019,FORD RANGER 2.0L WIL,NBD4735,Inventory Financing,Finsso,46090,790602.09,0.4996192206,395000,395000,395000,,149,,,46119,Renewal Overdue,,46149,Renewal Overdue,,46181,Maturity Overdue,Late,183,DPD > 90,DPD > 90,DPD > 90,Yes,154,Not Applicable,,,,,,,,,No Entry Yet,,,https://drive.google.com/drive/u/0/folders/1zcSagzOZkqb9dxpoAOyFB2HS322VRBYn,0,0,0,,1,,,R1 DPD,Maturity DPD
,,DANI0,,DANIEL CAR TRADING (AMOR),Overdue,Rose Batacan,Malou Alfonso,,11-Mar-2026,2023,SUZUKI ERTIGA 1.5-GL-M,NHB8588,Inventory Financing,Netbank,46092,677945.14,0.6504951123,441000,441000,441000,,147,,,46121,Renewal Overdue,,46151,Renewal Overdue,,46182,Maturity Overdue,Late,181,DPD > 90,DPD > 90,DPD > 90,Yes,152,Not Applicable,,,,,,,,,No Entry Yet,,,https://drive.google.com/drive/folders/10zSUiJVCbrFRvcy1WQo2O8cx7rEsbpp7,0,0,0,,1,,,R1 DPD,Maturity DPD,,,46113,160
,,CBAV0,,C.B AUTOWORKS VEHICLE TRADING,Overdue,Rose Batacan,Malou Alfonso,,19-Mar-2026,2019,TOYOTA RUSH 1.5G AT,NEI3608,Inventory Financing,Finsso,46100,650920.48,0.6037603856,393000,393000,393000,,139,,,46129,Renewal Overdue,,46159,Renewal Overdue,,46190,Maturity Overdue,Late,173,DPD > 90,DPD > 90,DPD 61-90,Yes,144,Not Applicable,,,,,,,,,No Entry Yet,,,https://drive.google.com/drive/folders/1s7kVkPXW00WkJuSrT0QXBFoIJjrqkpqt,0,0,0,,1,,,R1 DPD,Maturity DPD
,,JVT0,,JCP VEHICLE TRADING,Overdue,Myrnalyn Bankingkito,Malou Alfonso,,19-Mar-2026,2021,TOYOTA HILUX 2.4L 4X4,HAC6535,Inventory Financing,Finsso,46100,949355.66,0.6004072278,570000,570000,570000,,139,,,46129,Renewal Overdue,,46159,Renewal Overdue,,46190,Maturity Overdue,Late,173,DPD > 90,DPD > 90,DPD 61-90,Yes,144,Not Applicable,,,,,,,,,No Entry Yet,,,https://drive.google.com/drive/folders/1_Ov1udM5m3Uw_TTp7Cla6hH9jaP3X8Zp,0,0,0,,1,,,R1 DPD,Maturity DPD
,,CARA0,,CARATE AUTO TRADING,Overdue,Elvira Ladea,Marah Luriely A. Villaruz,,19-Mar-2026,2019,MITSUBISHI MONTERO SPT GLX,NEI5676,Inventory Financing,Finsso,46100,805352.64,0.5960122016,480000,480000,480000,,139,,,46129,Renewal Overdue,,46159,Renewal Overdue,,46190,Maturity Overdue,Late,173,DPD > 90,DPD > 90,DPD 61-90,Yes,144,Yes,488400,46129,Yes,,,,,,No Entry Yet,,,https://drive.google.com/drive/u/0/folders/1nKAfHFUMwRV0RD0NBrnikdSZ-5ZmLo3P,0,0,0,,1,,,R1 DPD,Maturity DPD
,,FJVT0,,F&J VEHICLE TRADING,Overdue,Rexcell Juegos,Albert Dalupang,,23-Mar-2026,2021,TOYOTA INNOVA 2.8 E DI,NGR9584,Inventory Financing,Finsso,46104,868181.79,0.6910994989,600000,600000,600000,,135,,,46133,Renewal Overdue,,46163,Renewal Overdue,,46195,Maturity Overdue,Late,169,DPD > 90,DPD > 90,DPD 61-90,Yes,140,Yes,610500,46133,Yes,,,,,,No Entry Yet,,,https://drive.google.com/drive/folders/1ZH1lzHBQ2YWzcL2-Q89C_LqdRfuY6crH,0,0,0,,1,,,R1 DPD,Maturity DPD
,,NCD0,,NCD CAR TRADING,Overdue,Elvira Ladea,Marah Luriely A. Villaruz,,25-Mar-2026,2019,HYUNDAI H100 2.5 CRDI G,NDL9276/K0Q516,Auction Financing,Finsso,46106,335160,0.8,268128,268128,268128,,133,,,46135,Renewal Overdue,,46165,Renewal Overdue,,46196,Maturity Overdue,Late,167,DPD > 90,DPD > 90,DPD 61-90,Yes,138,Yes,272820.24,46135,Yes,,,,,,No Entry Yet,,,https://drive.google.com/drive/u/0/folders/1RQulggd1zS6f7FxSYbZEMR6CEp2vgfpv,0,0,0,,1,,,R1 DPD,Maturity DPD
,,BMW0,,BMWHEELS CAR TRADING,Overdue,Myrnalyn Bankingkito,Malou Alfonso,,26-Mar-2026,2018,HONDA CR-V,130110/NBI9810,Inventory Financing,Finsso,46107,974944.63,0.6461905431,630000,630000,630000,,132,,,46136,Renewal Overdue,,46166,Renewal Overdue,,46197,Maturity Overdue,Late,166,DPD > 90,DPD > 90,DPD 61-90,Yes,137,Not Applicable,,,,,,,,,No Entry Yet,,,https://drive.google.com/drive/u/0/folders/12AgEGmcdbbad7psAeL8L4s25UQeLrPNQ,0,0,0,,1,,,R1 DPD,Maturity DPD
,,KLCT0,,K/L CAR TRADING,Overdue,Ricmar Magboo,Albert Dalupang,,26-Mar-2026,2013,SUBARU BRZ 2.0 MT,INI65,Inventory Financing,Finsso,46107,1131774.43,0.5000996532,566000,566000,566000,,132,,,46136,Renewal Overdue,,46166,Renewal Overdue,,46197,Maturity Overdue,Late,166,DPD > 90,DPD > 90,DPD 61-90,Yes,137,Yes,577320,46136,PDC Undertaking,,,,,,No Entry Yet,,,https://drive.google.com/drive/folders/1P72dsn56OtIrKbdQKFzK3gTZVs8I0pve?usp=drive_link,0,0,0,,1,,,R1 DPD,Maturity DPD
,,LGCT0,,LR G.A.R.A.G.E CAR TRADING,Overdue,Ricmar Magboo,Albert Dalupang,,30-Mar-2026,2016,FORD RANGER DBL 2.2L,IDI2647,Inventory Financing,Finsso,46111,599646.24,0.6003539687,360000,360000,360000,,128,,,46140,Renewal Overdue,,46170,Renewal Overdue,,46202,Maturity Overdue,Late,162,DPD > 90,DPD > 90,DPD 61-90,Yes,133,Yes,367200,46140,PDC Undertaking,,,,,,No Entry Yet,,,https://drive.google.com/drive/u/0/folders/1xhSGvElRsDbg62jvX_LExmemPsufw0sf,0,0,0,,1,,,R1 DPD,Maturity DPD
,,AJYL0,,AJYL CAR TRADING,Overdue,Rhoyland Alagon,Marah Luriely A. Villaruz,,27-Mar-2026,2018,HONDA CIVIC 1.5,NEH5122,Inventory Financing,Finsso,46108,854190.84,0.6731516812,575000,575000,575000,,131,,,46137,Renewal Overdue,,46167,Renewal Overdue,,46198,Maturity Overdue,Late,165,DPD > 90,DPD > 90,DPD 61-90,Yes,136,Yes,585062.5,46137,PDC Undertaking,,,,,,No Entry Yet,,,https://drive.google.com/drive/folders/1_hz-QRRfH3hM32VZtlVqxxb5DzdYDbgw?usp=drive_link,0,0,0,,1,,,R1 DPD,Maturity DPD
,,KAS0,,KENNAR AUTO SHOP,Overdue,Herbert Capistrano,Marah Luriely A. Villaruz,,27-Mar-2026,2023,TOYOTA HILUX 2.4 CONQUEST AT,NHI2127,Inventory Financing,Finsso,46108,1211730.09,0.6602130347,800000,800000,800000,,131,,,46137,Renewal Overdue,,46167,Renewal Overdue,,46198,Maturity Overdue,Late,165,DPD > 90,DPD > 90,DPD 61-90,Yes,136,Not Applicable,,,,,,,,,No Entry Yet,,,https://drive.google.com/drive/folders/1CYgTqFS2K93DqlZpvx0RUgx97XWkO1el,0,0,0,,1,,,R1 DPD,Maturity DPD
,,DLAA0,,DLA'S AUTO TRADING,Overdue,Myrnalyn Bankingkito,Malou Alfonso,,30-Mar-2026,2025,MITSUBISHI MIRAGE G4 GLX 1,GBI2898,Inventory Financing,Finsso,46111,565407.14,0.7516707341,425000,425000,425000,,128,,,46140,Renewal Overdue,,46170,Renewal Overdue,,46202,Maturity Overdue,Late,162,DPD > 90,DPD > 90,DPD 61-90,Yes,133,Yes,432437.5,46140,PDC Undertaking,,,,,,No Entry Yet,,,https://drive.google.com/drive/folders/19TRUB-EdH1KqQs-N1n0Jj7-rEwZtyVDl,0,0,0,,1,,,R1 DPD,Maturity DPD
,,TICC0,,TOP INSTA CONSTRUCTION CORPORATION,Overdue,Herbert Capistrano,Marah Luriely A. Villaruz,,7-Apr-2026,2024,NISSAN NISSAN LIVINA 1.5 VE AT,FAQ9676,Inventory Financing,Finsso,46119,756176.5,0.7008945663,530000,530000,530000,,120,,,46148,Renewal Overdue,,46178,Renewal Overdue,,46209,Maturity Overdue,Late,154,DPD > 90,DPD > 90,DPD 61-90,Yes,125,Not Applicable,,,,,,,,,No Entry Yet,,,https://drive.google.com/drive/folders/1asSmY72dc6nontv4LwfpKw3fiZfL8aEX?usp=drive_link,0,0,0,,1,,,R1 DPD,Maturity DPD
,,BMVS0,,BOMBAWORX MOTOR VEHICLE SHOP,Overdue,Rhoyland Alagon,Marah Luriely A. Villaruz,,7-Apr-2026,2016,MITSUBISHI MONTERO SPT GT,MAB3866,Inventory Financing,Finsso,46119,963166.67,0.467208858,450000,450000,450000,,120,,,46148,Renewal Overdue,,46178,Renewal Overdue,,46209,Maturity Overdue,Late,154,DPD > 90,DPD > 90,DPD 61-90,Yes,125,Not Applicable,,,,,,,,,No Entry Yet,,,https://drive.google.com/drive/u/0/folders/1VkipMktWW85FzMaKoVs_-Z7ljOHv_-S8,0,0,0,,1,,,R1 DPD,Maturity DPD
,,NCCT0,,NCARS- CAR TRADING ,Overdue,Elvira Ladea,Marah Luriely A. Villaruz,,10-Apr-2026,2011,TOYOTA CAMRY 2.4G,PEQ575,Inventory Financing,Finsso,46122,381570.04,0.5241501665,200000,200000,200000,,117,,,46151,Renewal Overdue,,46181,Renewal Overdue,,46212,Maturity Overdue,Late,151,DPD > 90,DPD > 90,DPD 61-90,Yes,122,Not Applicable,,,,,,,,,No Entry Yet,,,https://drive.google.com/drive/folders/1fvPdrH2Wdi45eZosjeJT_CD9IblWX2Mq,0,0,0,,1,,,R1 DPD,Maturity DPD
,,JKDC0,,JKDCARS CAR AGENT SERVICES,Overdue,Herbert Capistrano,Marah Luriely A. Villaruz,,10-Apr-2026,2019,HYUNDAI REINA 1.4 GL 4A,NDJ3840,Inventory Financing,Finsso,46122,300119.38,0.6030933424,181000,181000,181000,,117,,,46151,Renewal Overdue,,46181,Renewal Overdue,,46212,Maturity Overdue,Late,151,DPD > 90,DPD > 90,DPD 61-90,Yes,122,Yes,184620,46151,Yes,,,,,,No Entry Yet,,,https://drive.google.com/drive/folders/1EwIiZd7wd_UuYvWEXKT4GPu9d844FZ6q,0,0,0,,1,,,R1 DPD,Maturity DPD
,,MMAT0,,MICHAELMILLICENT AUTO TRADING,Overdue,Elvira Ladea,Marah Luriely A. Villaruz,,10-Apr-2026,2016,MITSUBISHI MONTERO SPORT GLS,NBN3880,Inventory Financing,Finsso,46122,732678.5,0.6005362516,440000,440000,440000,,117,,,46151,Renewal Overdue,,46181,Renewal Overdue,,46212,Maturity Overdue,Late,151,DPD > 90,DPD > 90,DPD 61-90,Yes,122,Not Applicable,,,,,,,,,No Entry Yet,,,https://drive.google.com/drive/folders/1tjleLk7bpdyrhbLBkm5tK2ZGVCLYaZyF,0,0,0,,1,,,R1 DPD,Maturity DPD
,,AYNS0,,AYNS CARPRO AUTO TRADING,Overdue,Myrnalyn Bankingkito,Malou Alfonso,,14-Apr-2026,2017,TOYOTA FORTUNER 4X2 2,NAG5502,Inventory Financing,Finsso,46126,919933.33,0.6522211778,600000,600000,600000,,113,,,46155,Renewal Overdue,,46185,Renewal Overdue,,46216,Maturity Overdue,Late,147,DPD > 90,DPD 61-90,DPD 31-60,Yes,118,Yes,610500,46155,PDC Undertaking,,,,,,No Entry Yet,,,https://drive.google.com/drive/u/0/folders/1Rp2aRLVcQINYdllGwOcdrXmFjM8xxtJL,0,0,0,,1,,,R1 DPD,Maturity DPD
,,FCAT0,,FINESTCARS AUTO TRADING,Overdue,Candyce Aguete,Malou Alfonso,,16-Apr-2026,2016,AUDI Q7 3.0 TDI,NDS5008,Inventory Financing,Finsso,46128,2008333.33,0.497925312,1000000,1000000,1000000,,111,,,46157,Renewal Overdue,,46187,Renewal Overdue,,46218,Maturity Overdue,Late,145,DPD > 90,DPD 61-90,DPD 31-60,Yes,116,Yes,1017500,46157,PDC Undertaking,,,,,,No Entry Yet,,,https://drive.google.com/drive/folders/1WuQ2g25C84BQumHnvn32Yk7Y5yDsu-fX?usp=drive_link,0,0,0,,2,,,R1 DPD,Maturity DPD
,,PCCA0,,PURPLEBLOOM CARZ CAR AGENT SERVICES,Overdue,Marlon Llamas,Albert Dalupang,,29-Apr-2026,2019,MITSUBISHI XPANDER GLS 1.5,DAM3395,Inventory Financing,Netbank,46141,632519.64,0.600771859,380000,380000,380000,,98,,,46170,Renewal Overdue,,46200,Renewal Overdue,,46231,Maturity Overdue,Late,132,DPD > 90,DPD 61-90,DPD 31-60,Yes,103,Yes,389500,46170,Yes,,,,,,No Entry Yet,,,https://drive.google.com/file/d/1rdrVveWgN7niEQlBKYuhofFKqzrtmEhw/view?usp=drive_link,0,0,0,,1,,,R1 DPD,Maturity DPD,,,46149,124
,,RMG0,,RM GARAGE. USED GOODS TRADING,Overdue,Elvira Ladea,Marah Luriely A. Villaruz,,21-Apr-2026,2013,MERCEDES-BENZ B 200 SPORT,WIV808,Inventory Financing,Finsso,46133,517000,0.502901354,260000,260000,260000,,106,,,46162,Renewal Overdue,,46192,Renewal Overdue,,46223,Maturity Overdue,Late,140,DPD > 90,DPD 61-90,DPD 31-60,Yes,111,Yes,264550,46162,PDC Undertaking,,,,,,No Entry Yet,,,https://drive.google.com/drive/u/0/folders/1TmxfMmJCq2Aykhzc7lXne6iQNejGmEj6,0,0,0,,1,,,R1 DPD,Maturity DPD
,,RAV0,,RAVIANE AUTO SHOP,Overdue,,,,24-Apr-2026,2022,TOYOTA HILUX 2.4L 4X2,CBK4468,Inventory Financing,Finsso,46136,1184857.14,0.6751868837,800000,800000,800000,,103,,,46165,Renewal Overdue,,46195,Renewal Overdue,,46226,Maturity Overdue,Late,137,DPD > 90,DPD 61-90,DPD 31-60,Yes,108,Yes,814000,46165,Yes,,,,,,No Entry Yet,,,https://drive.google.com/drive/folders/1zXsK6qzB-hPHN_duTtGHyqJ00bJa6asC?usp=drive_link,0,0,0,,1,,,R1 DPD,Maturity DPD
,,TAAT0,,3A'S AUTO TRADING,Overdue,Rhoyland Alagon,Marah Luriely A. Villaruz,,27-Apr-2026,2016,HONDA CIVIC,NAC9512,Inventory Financing,Finsso,46139,615037.86,0.5999630657,369000,369000,369000,,100,,,46168,Renewal Overdue,,46198,Renewal Overdue,,46230,Maturity Overdue,Late,134,DPD > 90,DPD 61-90,DPD 31-60,Yes,105,Yes,375457.5,46168,PDC Undertaking,,,,,,No Entry Yet,,,https://drive.google.com/drive/u/0/folders/1O-4E-USp0Y6mSoYv8Dz3LVFenVGbP_CJ,0,0,0,,1,,,R1 DPD,Maturity DPD
,,GLOC0,,GOLDEN LUBE OIL CHANGE SERVICES,Overdue,Elvira Ladea,Marah Luriely A. Villaruz,,27-Apr-2026,2024,MITSUBISHI MONTERO SPT GLX 2.4D 2WD MT,CCA5194,Inventory Financing,Finsso,46139,1089986.2,0.688082106,750000,750000,750000,,100,,,46168,Renewal Overdue,,46198,Renewal Overdue,,46230,Maturity Overdue,Late,134,DPD > 90,DPD 61-90,DPD 31-60,Yes,105,Not Applicable,,,,,,,,,No Entry Yet,,,https://drive.google.com/drive/folders/10o5L4tZ1ySfI0VLK1jVqRaG82TNT7FsP,0,0,0,,1,,,R1 DPD,Maturity DPD
,,OTO0,,OTOMAZING AUTO TRADING,Overdue,Elvira Ladea,Marah Luriely A. Villaruz,,28-Apr-2026,2016,FORD EVEREST TITANIU,NAR4815,Inventory Financing,Finsso,46140,694318.74,0.5761042832,400000,400000,400000,,99,,,46169,Renewal Overdue,,46199,Renewal Overdue,,46230,Maturity Overdue,Late,133,DPD > 90,DPD 61-90,DPD 31-60,Yes,104,Yes,410000,46169,Yes,,,,,,No Entry Yet,,,https://drive.google.com/drive/folders/1-E7l_vFGGqzbj9raDsHFBuun7cg67bC5?usp=drive_link,0,0,0,,1,,,R1 DPD,Maturity DPD
,,ACAS0,,APOGARAGE CAR AGENT SERVICE,Overdue,Elvira Ladea,Marah Luriely A. Villaruz,,29-Apr-2026,2017,FORD ECOSPORT 5DR TR,130110/NCI6477,Inventory Financing,Netbank,46141,319023.77,0.5987014698,191000,191000,191000,,98,,,46170,Renewal Overdue,,46200,Renewal Overdue,,46231,Maturity Overdue,Late,132,DPD > 90,DPD 61-90,DPD 31-60,Yes,103,Not Applicable,,,,,,,,,No Entry Yet,,,https://drive.google.com/drive/folders/1Lz6ZALoSXHeqwj_dhc56t12HZAEhxJgX,0,0,0,,1,,,R1 DPD,Maturity DPD,,,46146,127
,,BBCT0,,BIGBOY CAR TRADING,Overdue,Rhoyland Alagon,Marah Luriely A. Villaruz,,4-May-2026,2023,TOYOTA	AVANZA 1.5G CV,DBG2805,Inventory Financing,Finsso,46146,798909.09,0.7009558497,560000,560000,560000,,93,,,46175,Renewal Overdue,,46205,Renewal Overdue,,46237,Maturity Overdue,Late,127,DPD > 90,DPD 61-90,DPD 31-60,Yes,98,Yes,569800,46175,PDC Undertaking,,,,,,No Entry Yet,,,https://drive.google.com/drive/folders/185U0crjjKPtQyL6vY1Dx_gBZzk7kkg4I,0,0,0,,1,,,R1 DPD,Maturity DPD
,,JRDC0,,JRDC CAR TRADING,Overdue,Rhoyland Alagon,Marah Luriely A. Villaruz,,6-May-2026,2018,TOYOTA VIOS 1.3E AT,DAJ1445,Inventory Financing,Finsso,46148,414860.22,0.6026126101,250000,250000,250000,,91,,,46177,Renewal Overdue,,46207,Renewal Overdue,,46238,Maturity Overdue,Late,125,DPD > 90,DPD 61-90,DPD 31-60,Yes,96,Yes,254375,46177,PDC Undertaking,,,,,,No Entry Yet,,,https://drive.google.com/drive/folders/1ALOyxopNjall4pn9SaouurcJ7GqJPZ0S?usp=drive_link,0,0,0,,1,,,R1 DPD,Maturity DPD
,,RBA0,,RB AUTO BODY REPAIR SERVICE,Overdue,Rhoyland Alagon,Marah Luriely A. Villaruz,,22-May-2026,2019,MITSUBISHI XPANDER GLS 1.5,NGG6230,Inventory Financing,Finsso,46164,632519.64,0.600771859,380000,380000,380000,,75,,,46193,Renewal Overdue,,46223,Renewal Overdue,,46254,Maturity Overdue,Late,109,DPD 61-90,DPD 31-60,DPD 1-30,Yes,80,Yes,386650,46193,PDC Undertaking,,,,,,No Entry Yet,,,https://drive.google.com/drive/folders/1biiAmplOOg5ALYftnM-w1ujig213RT2y?usp=drive_link,0,0,0,,1,,,R1 DPD,Maturity DPD
,,RFB0,,RFB CAR TRADING,Overdue,Zhesa Resurrecion,Albert Dalupang,,28-May-2026,2017,HYUNDAI SANTA FE,NAL8905,Inventory Financing,Finsso,46170,661322.66,0.6048484714,400000,400000,400000,,69,,,46199,Renewal Overdue,,46229,Renewal Overdue,,46260,Maturity Overdue,Late,103,DPD 61-90,DPD 31-60,DPD 1-30,Yes,74,Yes,410000,46199,Yes,,,,,,No Entry Yet,,,https://drive.google.com/drive/folders/1OLayInjmirSIqXY0Djbxx02KmwjL8E67?usp=drive_link,0,0,0,,1,,,R1 DPD,Maturity DPD
,,KCAT0,,KANLAON.CARS AUTO TRADING,Overdue,Candyce Aguete,Malou Alfonso,,29-May-2026,2023,TOYOTA INNOVA ZENIX 2,DBI3466,Inventory Financing,Netbank,46171,1247374,0.5611789247,700000,700000,700000,,68,,,46200,Renewal Overdue,,46230,Renewal Overdue,,46261,Maturity Overdue,Late,102,DPD 61-90,DPD 31-60,DPD 1-30,Yes,73,Yes,712250,46200,PDC Undertaking,,,,,,No Entry Yet,,,https://drive.google.com/drive/folders/1eQLV3KTpnZ8rffW6B5RNPiLpV6htc3nx?usp=drive_link,0,0,0,,1,,,R1 DPD,Maturity DPD,,,46176,97
,,RTAT0,,RT061977 AUTO TRADING,Overdue,Myrnalyn Bankingkito,Malou Alfonso,,8-Jun-2026,2020,FORD EVEREST 2.0L TI,NGS1087,Inventory Financing,Netbank,46181,933399.26,0.6963793822,650000,650000,650000,,58,,,46210,Renewal Overdue,,46240,Renewal Overdue,,46272,Maturity Overdue,Late,92,DPD 61-90,DPD 31-60,DPD 1-30,Yes,63,Yes,661375,46210,PDC Undertaking,,,,,,No Entry Yet,,,https://drive.google.com/drive/folders/19nSrx0GKBjNy46XVhI5NRWvvSe-Tpi2W?usp=drive_link,0,0,0,,1,,,R1 DPD,Maturity DPD,,,46183,90
,,LCAS0,,LEAHFRAN CAR AGENT SERVICE,Open,Herbert Capistrano,Marah Luriely A. Villaruz,,17-Jun-2026,2014,FORD RANGER DBL 2.2L,AAB8859,Inventory Financing,Netbank,46190,400091.4,0.4374000541,175000,175000,175000,,49,,,46219,Renewal Overdue,,46249,Renewal Overdue,,46280,Maturity not yet due,,83,DPD 31-60,DPD 1-30,,Yes,54,Yes,178062.5,46219,PDC Undertaking,,,,,,No Entry Yet,,,https://drive.google.com/drive/folders/1HzrQ5tKaBgYOWNA7pR7htVk1hgsOhtzG?usp=drive_link,0,0,0,,1,,,R1 DPD,R2 DPD,,,46204,69
,,FRD0,,4RD AUTO TRADING,Cancelled,Herbert Capistrano,Marah Luriely A. Villaruz,,,2015,FORD ECOSPORT 5,130105/ABD6257,Inventory Financing,Netbank,,253739.85,0,,,,,,,,,,,,,,,,,,,,,,,Yes,0,29,Cancelled,,,,,,No Entry Yet,,,https://drive.google.com/drive/folders/13Bk3Eo86rD-68GHPgouu2xaTF9gWgCXa,0,0,0,,1
,,YTT0,,YAKI TIRE TRADING,Open,Myrnalyn Bankingkito,Malou Alfonso,,19-Jun-2026,2015,FORD ECOSPORT 5,ABP1643,Inventory Financing,Netbank,46192,253739.85,0.5438641191,138000,138000,138000,,47,,,46221,Renewal Overdue,,46251,Renewal Overdue,,46282,Maturity not yet due,,81,DPD 31-60,DPD 1-30,,Yes,52,Yes,140415,46221,PDC Undertaking,,,,,,No Entry Yet,,,https://drive.google.com/drive/folders/1b2DYLweTY0cm4xrdffLapTDO3uPrC-FB?usp=drive_link,0,0,0,,1,,,R1 DPD,R2 DPD,,,46204,69
,,AJCT0,,A&J CAR TRADING,Open,Myrnalyn Bankingkito,Malou Alfonso,,19-Jun-2026,2016,FORD ECOSPORT 5,APA1211,Inventory Financing,Netbank,46192,274907.87,0.6002010783,165000,165000,165000,,47,,,46221,Renewal Overdue,,46251,Renewal Overdue,,46282,Maturity not yet due,,81,DPD 31-60,DPD 1-30,,Yes,52,Not Applicable,,,,,,,,,No Entry Yet,,,https://drive.google.com/drive/folders/1kG2WreoN5LTh3bU42s6wPF5EK037fXjM?usp=drive_link,0,0,0,,1,,,R1 DPD,R2 DPD,,,46204,69
,,BTV0,,BOSS ARENCE T.V CAR TRADING,Cancelled,Ricmar Magboo,Albert Dalupang,,,2019,MITSUBISHI XPANDER GLS 1.5,DAM5825,Inventory Financing,Netbank,,632519.64,0,,,,,,,,,,,,,,,,,,,,,,,Not Applicable,,,,,,,,,No Entry Yet,,,https://drive.google.com/drive/folders/1_oep70U3rKt9sR9rdSHHCb3FMmw7jtAe,0,0,0,,1
,,ZGCT0,,Z2.GARAGE CAR TRADING,Open,Ricmar Magboo,Albert Dalupang,,24-Jun-2026,2018,TOYOTA INNOVA 2.8 V DI,NAK5414,Inventory Financing,Netbank,46197,837203.17,0.4777812774,400000,400000,400000,,42,,,46226,Renewal Overdue,,46256,Renewal Overdue,,46287,Maturity not yet due,,76,DPD 31-60,DPD 1-30,,Yes,47,Yes,408000,46226,w/ Ricmar,,,,,,No Entry Yet,,,https://drive.google.com/drive/folders/1x6RWIGIb_fpUqvEdF0YxFPvTpclomYUl?usp=drive_link,0,0,0,,1,,,R1 DPD,R2 DPD,,,46213,60
,,KAPA0,,KAPATID AUTO TRADING,Open,Zhesa Resurrecion,Albert Dalupang,,24-Jun-2026,2017,FORD EVEREST TITANIU,NBA2950,Inventory Financing,Netbank,46197,733692.31,0.7019291234,515000,515000,515000,,42,,,46226,Renewal Overdue,,46256,Renewal Overdue,,46287,Maturity not yet due,,76,DPD 31-60,DPD 1-30,,Yes,47,Yes,525300,46226,Yes,,,,,,No Entry Yet,,,https://drive.google.com/drive/folders/1sP5Kj9Tjifgzzw8KyTilIr_Cu661dxmS?usp=drive_link,0,0,0,,1,,,R1 DPD,R2 DPD,,,46204,69
,,ALLG0,,ALLGOOD AUTO TRADING,Open,Rexcell Juegos,Albert Dalupang,,26-Jun-2026,2021,TOYOTA INNOVA 2.8 E DI,EAE2841,Inventory Financing,Netbank,46199,871958.31,0.4587375284,400000,400000,400000,,40,,,46228,Renewal Overdue,,46258,Renewal Overdue,,46289,Maturity not yet due,,74,DPD 31-60,DPD 1-30,,Yes,45,Yes,407000,46228,PDC Undertaking,,,,,,No Entry Yet,,,https://drive.google.com/drive/folders/1ummI35VKSub4PK4bdBdUcRbaCW5AGPdt?usp=drive_link,0,0,0,,1,,,R1 DPD,R2 DPD,,,46204,69
,,RONJ0,,RONJE05 CAR TRADING,Open,Myrnalyn Bankingkito,Malou Alfonso,,26-Jun-2026,2020,SUZUKI APV GA-MT,NED2515,Inventory Financing,Netbank,46199,376278.88,0.701607276,264000,264000,264000,,40,,,46228,Renewal Overdue,,46258,Renewal Overdue,,46289,Maturity not yet due,,74,DPD 31-60,DPD 1-30,,Yes,45,Yes,268620,46228,PDC Undertaking,,,,,,No Entry Yet,,,https://drive.google.com/drive/folders/1KzFoT6_LJb619siO77oT2CH716qfDDmt?usp=drive_link,0,0,0,,1,,,R1 DPD,R2 DPD,,,46205,68
,,MKCT0,,MK88 CAR TRADING,Open,Elvira Ladea,Marah Luriely A. Villaruz,,26-Jun-2026,2016,TOYOTA HIACE GL GRANDI,NCF5601,Inventory Financing,Netbank,46199,940271.74,0.6997976989,658000,658000,658000,,40,,,46228,Renewal Overdue,,46258,Renewal Overdue,,46289,Maturity not yet due,,74,DPD 31-60,DPD 1-30,,Yes,45,Not Applicable,,,,,,,,,No Entry Yet,,,https://drive.google.com/drive/folders/1gb4r23Gjm6OW8dqgFEomILmca7XFE0_l?usp=drive_link,0,0,0,,1,,,R1 DPD,R2 DPD,,,46205,68
,,LAS0,,LEOROMMEL AUTO SHOP,Open,Zhesa Resurrecion,Albert Dalupang,,29-Jun-2026,2023,MITSUBISHI MIRAGE G4 GLX 1.2G CVT,NFB6652,Inventory Financing,Netbank,46202,432779.23,0.7509602529,325000,325000,325000,,37,,,46231,Renewal Overdue,,46261,Renewal Overdue,,46293,Maturity not yet due,,71,DPD 31-60,DPD 1-30,,Yes,42,Not Applicable,,,,,,,,,No Entry Yet,,,https://drive.google.com/drive/folders/1DGU--ZE-PqoB8E9UZjo7ACmQ01s5Fd_1?usp=drive_link,0,0,0,,1,,,R1 DPD,R2 DPD,,,46213,60
,,RSCT0,,RSPEED CAR TRADING,Open,Elvira Ladea,Marah Luriely A. Villaruz,,29-Jun-2026,2017,ASTON MARTIN DB11 COUPE,NBZ6000,Inventory Financing,Finsso,46202,6050792.41,0.16526761,1000000,1000000,1000000,,37,,,46231,Renewal Overdue,,46261,Renewal Overdue,,46293,Maturity not yet due,,71,DPD 31-60,DPD 1-30,,Yes,42,Yes,1017500,46231,Yes,,,,,,No Entry Yet,,,https://drive.google.com/drive/folders/1CSI2fsoxNMsLRtuIFKGQ9gK7axkjEzWW?usp=drive_link,0,0,0,,1,,,R1 DPD,R2 DPD
,,LCCT0,,LIAM CARSS CAR TRADING,Open,Elvira Ladea,Marah Luriely A. Villaruz,,3-Jul-2026,2019,TOYOTA FORTUNER 2.4L 4,EAD3225,Inventory Financing,Netbank,46206,1068320.9,0.7001641548,748000,748000,748000,,33,,,46235,Renewal Overdue,,46265,Renewal Overdue,,46296,Maturity not yet due,,67,DPD 31-60,DPD 1-30,,Yes,38,Yes,761090,46235,Yes,,,,,,No Entry Yet,,,https://drive.google.com/drive/folders/1y1hUhHHg45HbOCywsMWOAwplx6IkdAiG?usp=drive_link,0,0,0,,1,,,R1 DPD,R2 DPD,,,46230,43
,,FCCT0,,FRANK&CHEVY CAR TRADING,Open,Rose Batacan,Malou Alfonso,,7-Jul-2026,2021,HYUNDAI H100 2.5 CRDI G,CBM1887,Inventory Financing,Netbank,46210,545198.69,0.5447555276,297000,297000,297000,,29,,,46239,Renewal Overdue,,46269,Renewal Overdue,,46300,Maturity not yet due,,63,DPD 31-60,DPD 1-30,,Yes,34,Yes,304425,46239,Yes,,,,,,No Entry Yet,,,https://drive.google.com/drive/folders/1A7v0bymoB4bpD5WZKz-Es01ca1GQhBqo,0,0,0,,1,,,R1 DPD,R2 DPD,,,46230,43
,,JND0,,JND CAR TRADING,Open,Elvira Ladea,Marah Luriely A. Villaruz,,13-Jul-2026,2015,TOYOTA HILUX 2.5L J 4X,130106/ABF6822,Inventory Financing,Netbank,46216.56042,426671.56,0.7031169361,300000,300000,300000,,22.43958333,,,46245.56042,Renewal Overdue,,46275.56042,Renewal not yet due,,46307,Maturity not yet due,,57,DPD 1-30,,,Yes,27.43958333,Yes,305250,46245,Yes,,,,,,No Entry Yet,,,https://drive.google.com/drive/folders/1NlAYEvBeLe3FNdaGQFEkIlBafhau5lpA,0,0,0,,1,,,R1 DPD,R1 DPD,,,46231,42
,,PRIM0,,PRIME CAR TRADING,Open,Rhoyland Alagon,Marah Luriely A. Villaruz,,8-Jul-2026,2014,FORD RANGER DBL 2.2L,AAO9388,Inventory Financing,Netbank,46211,488058.51,0.5685793697,277500,277500,277500,,28,,,46240,Renewal Overdue,,46270,Renewal Overdue,,46301,Maturity not yet due,,62,DPD 31-60,DPD 1-30,,Yes,33,Not Applicable,,,,Yes,,,,,No Entry Yet,,,https://drive.google.com/drive/u/0/folders/1z4CLdSeL70Er8t17Bz75C7yPW0fC323i,0,0,0,,1,,,R1 DPD,R2 DPD,,,46230,43
,,CTR0,,CAR TRADING RGARAGE,Open,Rhoyland Alagon,Marah Luriely A. Villaruz,,16-Jul-2026,2022,FORD TERRITORY 1.5L,NGN9591,Inventory Financing,Netbank,46219.45903,722344.63,0.6921903746,500000,500000,500000,,19.54097222,,,46248.45903,Renewal Overdue,,46278.45903,Renewal not yet due,,46309,Maturity not yet due,,54,DPD 1-30,,,Yes,24.54097222,Yes,508750,46248,PDC Undertaking,,,,,,No Entry Yet,,,https://drive.google.com/drive/folders/1hwvOmTjV42Dslppvi3k79qPDDreUFNi2,0,0,0,,1,,,R1 DPD,R1 DPD,,,46233,40
,,JAAC0,,JOVENO AND ALERTA CAR TRADING,Open,Rose Batacan,Malou Alfonso,,17-Jul-2026,2021,TOYOTA WIGO 1.0 G AT,NGT5078,Inventory Financing,Netbank,46220.44653,440966.03,0.7030019977,310000,310000,310000,,18.55347222,,,46249.44653,Renewal Overdue,,46279.44653,Renewal not yet due,,46310,Maturity not yet due,,53,DPD 1-30,,,Yes,23.55347222,Yes,316200,46249,PDC Undertaking,,,,,,No Entry Yet,,,https://drive.google.com/drive/folders/136sBCODcfU3garLA4gB85om-zoYq64au,0,0,0,,1,,,R1 DPD,R1 DPD,,,46231,42
,,WDC0,,WHEELS AND DEALS CAR TRADING,Open,Marlon Llamas,Albert Dalupang,,22-Jul-2026,2023,SUZUKI DZIRE GL-MT,EAH1831/G3W816,Auction Financing,Netbank,46225.59375,365200,0.8,292160,292160,292160,,13.40625,,,46254.59375,Renewal Overdue,,46284.59375,Renewal not yet due,,46315,Maturity not yet due,,48,DPD 1-30,,,Yes,18.40625,Not Applicable,,,,,,,,,No Entry Yet,,,https://drive.google.com/drive/folders/1c2i91G3s1AhhGNwSlE_o56RBPXjtFomj,0,0,0,,1,,,R1 DPD,R1 DPD,,,46232,41
,,KKK0,,KKKD11 AUTO SHOP,Cancelled,Rhoyland Alagon,Marah Luriely A. Villaruz,,,2014,MITSUBISHI MONTERO SPT GLS,ALA2764,Inventory Financing,Netbank,,558076.46,0,,,,,,,,,,,,,,,,,,,,,,,Not Applicable,,,,,,,,,No Entry Yet,,,https://drive.google.com/drive/folders/1KKjmkkIwRc_nOzHKUjidwsyc6KvqsQXs,0,0,0,,1
,,CTKJ0,,CAR TRADING KUYA J,Open,Myrnalyn Bankingkito,Malou Alfonso,,30-Jul-2026,2013,MITSUBISHI LANCER EX GLX 1,WAO948,Inventory Financing,Netbank,46233.62431,343579.2,0.6403181566,220000,220000,220000,,5.375694444,,,46262.62431,Renewal Overdue,,46292.62431,Renewal not yet due,,46323,Maturity not yet due,,40,DPD 1-30,,,Yes,10.37569444,Yes,223850,46262,PDC Undertaking,,,,,,No Entry Yet,,,https://drive.google.com/drive/folders/1qHVrR9eUc6FXptgDRHCqQTffXJMsvkv1,0,0,0,,1,,,R1 DPD,R1 DPD,,,46238,35
,,ERIC0,,ERIC CAR TRADING,Open,Elvira Ladea,Marah Luriely A. Villaruz,,5-Aug-2026,2013,MITSUBISHI MONTERO SPT GLX,WPI387,Inventory Financing,Netbank,46239.49236,439217.17,0.4382797694,192500,192500,192500,,-0.4923611111,,,46268.49236,Renewal Overdue,,46298.49236,Renewal not yet due,,46329,Maturity not yet due,,34,DPD 1-30,,,Yes,4.507638889,Yes,192500,46268,Yes,,,,,,No Entry Yet,,,https://drive.google.com/drive/folders/1U3l-cGGLKWOiIHKPhruKx8as4jp-mncN,0,0,0,,1,,,R1 DPD,R1 DPD,,,46240,33
,,ACAT0,,AACARS AUTO TRADING,Open,Herbert Capistrano,Marah Luriely A. Villaruz,,6-Aug-2026,2012,TOYOYA HIACE S GRANDIA 2.5,TIJ772,Inventory Financing,Netbank,46240.46736,662437.15,0.6287388924,416500,416500,416500,,-1.467361111,,,46269.46736,Renewal Overdue,,46299.46736,Renewal not yet due,,46330,Maturity not yet due,,33,DPD 1-30,,,Yes,3.532638889,Not Applicable,,,,,,,,,No Entry Yet,,,https://drive.google.com/drive/folders/1CZ4jb4MAdunuSadcNSRqnaZlbDNmLLdj,0,0,0,,1,,,R1 DPD,R1 DPD,,,46247,26
,,LODS0,,LODS CAR ACCESSORIES STORE,Open,Zhesa Resurrecion,Albert Dalupang,,6-Aug-2026,2020,TOYOTA HIACE CARGO 3.0,NGA1079,Inventory Financing,Netbank,46240.66319,742488.05,0.5993362452,445000,445000,445000,,-1.663194444,,,46269.66319,Renewal Overdue,,46299.66319,Renewal not yet due,,46330,Maturity not yet due,,33,DPD 1-30,,,Yes,3.336805556,Yes,445000,46269,Yes,,,,,,No Entry Yet,,,https://drive.google.com/drive/folders/1-G0c8fefWB-9-VXwkCtaM8yKySQIlt-P,0,0,0,,1,,,R1 DPD,R1 DPD,,,46241,32
,,CASK0,,CAR AGENT SERVICES KKJ,Open,Myrnalyn Bankingkito,Malou Alfonso,,6-Aug-2026,2020,NISSAN NV350 URVAN,GAN7637,Inventory Financing,Netbank,46240.75139,929095.64,0.6996050482,650000,650000,650000,,-1.751388889,,,46269.75139,Renewal Overdue,,46299.75139,Renewal not yet due,,46330,Maturity not yet due,,33,DPD 1-30,,,Yes,3.248611111,Yes,650000,46269,Yes,,,,,,No Entry Yet,,,https://drive.google.com/drive/folders/1Br_CGruiJ6iJeQDXIlSdZ9QFA--j0r9v,0,0,0,,1,,,R1 DPD,R1 DPD,,,46245,28
,,GEAT0,,GERTHS AUTO TRADING,Cancelled,Elvira Ladea,Marah Luriely A. Villaruz,,,2014,JAGUAR XF,ARA8335,Inventory Financing,Netbank,,1031075.66,0,,,,,,,,,,,,,,,,,,,,,,,Yes,0,29,Cancelled,,,,,,No Entry Yet,,,https://drive.google.com/drive/folders/19SlzvXivHWYUck-CukxaKzByDA9KY7sr,0,0,0,,1
,,ASCT0,,ASIONG CAR TRADING,Cancelled,Myrnalyn Bankingkito,Malou Alfonso,,,2015,NISSAN URVAN ESCAPADE,ABF6288,Inventory Financing,Netbank,,402156.58,0,,,,,,,,,,,,,,,,,,,,,,,,,,,,,,,,No Entry Yet,,,https://drive.google.com/drive/folders/1YthvA5eMK_iUMKKdJZUF6O6vRl47uTcP,0,0,0,,1
,,AYAT0,,AYAT CAR TRADING,Open,Candyce Aguete,Malou Alfonso,,14-Aug-2026,2014,PEUGEOT 5008 20H,AAX5795,Inventory Financing,Netbank,46248.62292,433008.15,0.600450592,260000,260000,260000,,,,,46277.62292,Renewal not yet due,,46307.62292,Renewal not yet due,,46338,Maturity not yet due,,25,,,,,,Yes,260000,46277,PDC Undertaking,,,,,,No Entry Yet,,,https://drive.google.com/drive/folders/1WxEMXEegz_XsmA54IPL1m5sPjU1tirSl,0,0,0,,1
,,ADCT0,,A DRIAN CAR TRADING,Open,Rose Batacan,Malou Alfonso,,18-Aug-2026,2013,TOYOTA VIOS 1.3E GAS A,WCO692,Inventory Financing,Netbank,46252.49375,264362.63,0.6619695076,175000,175000,175000,,,,,46281.49375,Renewal not yet due,,46311.49375,Renewal not yet due,,46342,Maturity not yet due,,21,,,,,,Yes,175000,46281,PDC Undertaking,,,,,,No Entry Yet,,,https://drive.google.com/drive/folders/19QpBf0aAb5iztS23rP8DsnVr5RxSCUMP,0,0,0,,1
,,JKCT0,,J&K CAR TRADING,Open,Rose Batacan,Malou Alfonso,,19-Aug-2026,2024,TOYOTA HILUX 2.8 GR-S,NJE1288,Inventory Financing,Netbank,46253.625,1616857.16,0.2473935298,400000,400000,400000,,,,,46282.625,Renewal not yet due,,46312.625,Renewal not yet due,,46343,Maturity not yet due,,20,,,,,,Yes,400000,46282,PDC Undertaking,,,,,,No Entry Yet,,,https://drive.google.com/drive/folders/1zcOyu3iObP3FGR2eiWy6wcjpoMZjti2r,0,0,0,,1
,,KAT0,,KOTSE-KOTSEHAN AUTO TRADING,Open,Candyce Aguete,Malou Alfonso,,25-Aug-2026,2016,AUDI Q7 3.0 TDI,NDS5008,Inventory Financing,Netbank,46259.62431,2008333.33,0.497925312,1000000,1000000,1000000,,,,,46288.62431,Renewal not yet due,,46318.62431,Renewal not yet due,,46349,Maturity not yet due,,14,,,,,,Not Applicable,,,,,,,,,No Entry Yet,,,https://drive.google.com/drive/folders/1kQzE8PPL0Xvpkk3SclZ5nPeRzyF49-gy,0,0,0,,2
,,CVT0,,CEDCARS VEHICLE TRADING,Open,Elvira Ladea,Marah Luriely A. Villaruz,,26-Aug-2026,2024,MITSUBISHI MIRAGE G4 GLX 1.2G CVT,NIS1442,Inventory Financing,Netbank,46260.74792,513259.9,0.7013990378,360000,360000,360000,,,,,46289.74792,Renewal not yet due,,46319.74792,Renewal not yet due,,46350,Maturity not yet due,,13,,,,,,Yes,360000,46289,Yes,,,,,,No Entry Yet,,,https://drive.google.com/drive/folders/1WBOWPRzsAx0PZKPyb-m5O-rQ87S7Gzqa,0,0,0,,1,,,,,,,46261,12
,,PMVS0,,PRIMEWHEEL MOTOR VEHICLE SHOP,Cancelled,Myrnalyn Bankingkito,Malou Alfonso,,,2017,MITSUBISHI ADVENTURE GLS S,NBZ9010,Inventory Financing,Netbank,,490718.88,0,,,,,,,,,,,,,,,,,,,,,,,Yes,0,29,PDC Undertaking,,,,,,No Entry Yet,,,https://drive.google.com/drive/folders/1hyRScHQsoFBeXIDVFSqK3edteP61UhlU,0,0,0,,1
,,AAC0,,AUTOALAGAA CARWASH AND DETAILING SERVICES,Cancelled,Elvira Ladea,Marah Luriely A. Villaruz,,,2018,HYUNDAI GRAND STAREX 2,NBA6494,Inventory Financing,Netbank,,763694.12,0,,,,,,,,,,,,,,,,,,,,,,,Not Applicable,,,,,,,,,No Entry Yet,,,https://drive.google.com/drive/folders/10_ofd09A6TwoTzNuZPNglpGxf1Q4lbdj,0,0,0,,1
,,ICT0,,IBS01 CAR TRADING,Open,Zhesa Resurrecion,Albert Dalupang,,27-Aug-2026,2023,TOYOTA HILUX 2.4 CONQU,NIN8697,Inventory Financing,Netbank,46261.75,1211730.09,0.6602130347,800000,800000,800000,,,,,46290.75,Renewal not yet due,,46320.75,Renewal not yet due,,46351,Maturity not yet due,,12,,,,,,Not Applicable,,,,,,,,,No Entry Yet,,,https://drive.google.com/drive/folders/1ZAeLG9WHfIIShmsMdEtHZMPfPGgItwgx,0,0,0,,1
,,BSCT0,,BOSSS A SECONDHANDQUALITY CAR TRADING,Open,Elvira Ladea,Marah Luriely A. Villaruz,,7-Sep-2026,2012,FORD EXPEDITION EL,TEQ838,Inventory Financing,Netbank,46272.61181,731618.04,0.6998187196,512000,512000,512000,,,,,46301.61181,Renewal not yet due,,46331.61181,Renewal not yet due,,46363,Maturity not yet due,,1,,,,,,Yes,512000,46301,PDC Undertaking,,,,,,No Entry Yet,,,https://drive.google.com/drive/folders/1hhr_fmEd7TZrDZf9pg04jgcs4VFN4SD5,0,0,0,,1
PRINCE CAR TRADING
PRINCE CAR TRADING