Dealer ID,Main Drawdown ID,Dealer Name,Disbursal Drawdown ID,Associated Drawdown ID,Assigned SM,Assigned IO,Assigned CO,Assigned 3rd Party,Assigned POC,Year,MMV,Plate,[Manual] Year,[Manual] MMV,[Manual] Plate #,O/S as of Repo,Current O/S Principal,Disbursal FMV,Disbursal LTV%,,Date of Repossession,Redemption Period (Days),Redemption Grace End Date,Repo Status,Loan Status,Financier,FLDG Deduction Date,Final Repayment Remittance Date,Netbank Aging,Repo Aging,Unit Location at the time of Repo,Vehicle Condition at the time of Repo,Additional Remarks from Credit ,Post Repo Inspection Report,Date of Inspection by Credit,Post Repo Inspection Officer,New FMV (Table Appraisal),Estimated Repair Cost,New FMV considering repair cost,DD Documents,Geotagged Photo at the time of Repo,Date Sold,Final Selling Amount,# of Offers,First Offer,Latest Offer,Min Offer,Max Offer,Avg Offer,,Baseline,Deficiency,Deficiency %,Proof of Sale,Vehicle Location,RA Remarks,Voluntary Surrender Form,Demand Letter,Date of Issuance of Demand Letter,Expected Payment Date for Redemption,Proof of Payment,Deficiency Recovered?,Pull Out Date (Applicable for redemption),Deficiency Case Filed,Link to the google drive,Remarks/ Next Step,Physical OR/CR,Remarks,Assigned SO,Brochure LInk,46244,Listing Remarks,Pao Remarks
IF0033,APT55,AUTO PLANET TRADING PHILS INC.,APT55,,Marah Luriely A. Villaruz,Randy Celorico,Anton Belmonte,,Anton Belmonte,2016,FORD EVEREST AMBIENT,NDU6821,2016,FORD EVEREST AMBIENT,NDU6821,,,,,,17-Nov-2025,15,45993,SOLD,,,,,,295,,Bad Condition,"no a/c  cooling,door lock motor passenger not working,transmission for diagnosing.",,,Chrisjohn Basco,675529,,,NDU6821,,46146,230000,0,,,,,,,230000,-230000,,https://drive.google.com/drive/folders/1c9a-_Ey3cgQ2dvjoqQ0cycjC3gdzTKCI?usp=drive_link,RIDE AGAIN - PARANAQUE WAREHOUSE,,https://drive.google.com/file/d/1Kr8mZr-0eIYfGqgN7DRdUevBGrUKi8qP/view?usp=drive_link,<Attachment>,46098,,,,,,PH IF Repossession File,,,,Rhoyland Alagon
IF0203,AED1,AEDEN DCARS CAR AGENT SERVICES,AED1,,Malou Alfonso,Randy Celorico,Anton Belmonte,,Anton Belmonte,,,,,,,,,,,,12-Dec-2025,15,46018,ACTIVE LISTING,,,,,,270,,SOLD,SOLD,,46183,Chrisjohn Basco,799636.36,,,,,,,0,,,,,,,799636,-799636.36,,,MJO CAR TRADING'S SHOWROOM,,https://drive.google.com/file/d/1wBniEDr2QQDF2eWXFpczfSlNJrHc0O7c/view?usp=drive_link,,,,,,,,https://drive.google.com/drive/folders/1DN6KYwRDwkG7tgPwR9rmVLbIE4E4IEvr?usp=drive_link,,,,Rose Batacan,https://drive.google.com/file/d/1y4dLULUzFE5EhzQEuMK6fdUeXNB-TLDe/view?usp=sharing
IF0056,ALT43,ALTUS CARS FINANCIAL CONSULTANCY SERVICES,ALT43,,Albert Dalupang,Randy Celorico,Joseph Borromeo,Constantino and Associates Law Offices,Constantino and Associates Law Offices,,,,,,,,,,,,3-Dec-2025,15,46009,ACTIVE LISTING,,,,,,279,,Bad Condition,,,,Chrisjohn Basco,385468.96,,,,,,,0,,,,,,,385469,-385468.96,,,D 3RD AUTODISPLAY AUTO SHOP' SHOWROOM,,https://drive.google.com/drive/folders/1UK6xmK3iK36AyRoadwagdiXC_al6TIKV?usp=drive_link,,,,,,,,https://drive.google.com/drive/folders/1fbnVsRejFl0MEe-nUfVYefQZAGk1KiVp?usp=drive_link,,,,Malou Alfonzo,https://drive.google.com/file/d/1VT468NCu_x7U9g_GP8_Nsiim61_LtE8k/view?usp=drive_link
IF0021,ARR70,ARRONDAVIS AUTO TRADING,ARR70,,Malou Alfonso,Randy Celorico,Joseph Borromeo,Constantino and Associates Law Offices,Constantino and Associates Law Offices,,,,,,,,,,,,18-Dec-2025,15,46024,SOLD,,,,,,264,,Bad Condition,"engine malfunction icon active
ower window not working",,,Chrisjohn Basco,295927,,,,,46162,100000,0,,,,,,,100000,-100000,,https://drive.google.com/drive/folders/1q2wNkzmWJltD5-4DBBJnE3gOICqsg7en?usp=drive_link,RIDE AGAIN - PARANAQUE WAREHOUSE,,https://drive.google.com/file/d/1SmeunEdhlAC33oUITCJvq2reHbHvb50K/view?usp=drive_link,,,,,,,,https://drive.google.com/drive/folders/1lHbdGD5tIRN2xWHyGaryXAbI1bpq2YPl?usp=drive_link,,,,Rose Batacan
IF0064,JCT3,J8 CAR TRADING,JCT3,,Albert Dalupang,Bernard Gombio,Bernard Gombio,,Bernard Gombio,,,,,,,,,,,,29-Dec-2025,15,46035,SOLD,,,,,,253,,Good Condition,Break Master Problem (For Replacement) Improvised Plate Numbers,,,Chrisjohn Basco,481872,,,,,46095,350000,0,,,,,,,350000,-350000,,https://drive.google.com/drive/folders/19TInQ-agLLehbIt60nQLWcYerTru_gxl?usp=drive_link,RIDE AGAIN - PARANAQUE WAREHOUSE,,,,,,,,,,https://drive.google.com/drive/folders/1qK6GwUyneyuK1BCJbbmb1O6aJPN3ER67?usp=drive_link,,,,Zhesa Resurrecion
IF0103,JKAR20,JKARS CAR TRADING,JKAR20,,Marah Luriely A. Villaruz,Benjo Fontanilla,Michael John Pineda,Constantino and Associates Law Offices,Constantino and Associates Law Offices,,,,,,,,,,,,12-Jan-2026,15,46049,SOLD,,,,,,239,,Bad Condition,CAM SHAFT ISSUE / RANDOM ENGINE KNOCKING,,46183,Chrisjohn Basco,580650,20k-35k,545650,,,46182,160000,0,,,,,,,160000,-160000,,https://drive.google.com/drive/folders/1E2jtKwAp-0LLTtnqzpKOtr1BSof8hrDm?usp=drive_link,RIDE AGAIN - PARANAQUE WAREHOUSE,,https://drive.google.com/file/d/1NHv9_VPXfcHlOh6-2lmPOzsKm7Mk5Pav/view?usp=drive_link,,,,,,,,https://drive.google.com/drive/folders/1bYLHRCy9UzNEOwFbzYvtwjP1lAqSVXXN?usp=drive_link,,,,Rhoyland Alagon
IF0103,JKAR18,JKARS CAR TRADING,JKAR18,,Marah Luriely A. Villaruz,Benjo Fontanilla,Michael John Pineda,Constantino and Associates Law Offices,Constantino and Associates Law Offices,,,,,,,,,,,,12-Jan-2026,15,46049,SOLD,,,,,,239,,Fair Condition,engine no crank for starter inspection,,,Chrisjohn Basco,1450818,,,,,46167,300000,0,,,,,,,300000,-300000,,https://drive.google.com/drive/folders/1VCEU0ILjbodaLTskWFHLIcaZxkSrptJ0?usp=drive_link,RIDE AGAIN - PARANAQUE WAREHOUSE,,https://drive.google.com/file/d/13AjpDAFmeGyCuBHSkcVi53MPD9ref66N/view?usp=drive_link,,,,,,,,https://drive.google.com/drive/folders/1gkn3tV1GcLoKeT3WJxlgzPxzcNH0czh7?usp=drive_link,,,,Rhoyland Alagon
IF0012,LSC38,GCE VEHICLE TRADING (Formerly: LINIS SIKAT CARWASH & ACCESSORIES),LSC38,,Albert Dalupang,Bernard Gombio,Bernard Gombio,,Bernard Gombio,,,,,,,,,,,,8-Jan-2026,15,46045,SOLD,,,,,,243,,Good Condition,,,,,,,,,,46051,460000,0,,,,,,,460000,-460000,,https://drive.google.com/drive/folders/1M0aJgafUV3MHWgyhQlswk_THcPphIC35?usp=drive_link,N/A,,,,,,,,,,,,,,Zhesa Resurrecion
IF0012,LSC42,GCE VEHICLE TRADING (Formerly: LINIS SIKAT CARWASH & ACCESSORIES),LSC42,,Albert Dalupang,Bernard Gombio,Bernard Gombio,,Bernard Gombio,,,,,,,,,,,,8-Jan-2026,15,46045,SOLD,,,,,,243,,Good Condition,,,,,,,,,,46044,355000,0,,,,,,,355000,-355000,,https://drive.google.com/drive/folders/1OYZS-BeDO2Vz9c0cJrQoYzvzvoY8o8cJ?usp=drive_link,N/A,,,,,,,,,,,,,,Zhesa Resurrecion
IF0041,NEO14,NEO'S AUTO TRADING,,NEO14,Albert Dalupang,Benjo Fontanilla,Anton Belmonte,Constantino and Associates Law Offices,Constantino and Associates Law Offices,2015,HYUNDAI GRAND STAREX,NDU9033,2015,HYUNDAI GRAND STAREX,NDU9033,,,,,,9-Jan-2026,15,46046,SOLD,,,,,,242,,Fair Condition,,,,,,,,NDU9033,https://drive.google.com/drive/folders/1KrWJK1D3SlEFymvmIBsKgd2W-2WHFSf9?usp=drive_link,46086,245000,0,,,,,,,245000,-245000,,https://drive.google.com/drive/folders/1Nzy0gzdyVpQsPKaQ5IYd06UuFzcs0oXS?usp=drive_link,RIDE AGAIN - PARANAQUE WAREHOUSE,,,,,,,,,,https://drive.google.com/drive/folders/1kTi7UzTUwU17lF-3G4r1bJNz4OD64_Hl?usp=drive_link,,,lemuel - docs,Marlon Llamas
IF0021,ARR61,ARRONDAVIS AUTO TRADING,,ARR61,Malou Alfonso,Randy Celorico,Joseph Borromeo,Constantino and Associates Law Offices,Constantino and Associates Law Offices,2002,ISUZU ELF DCAB,WNB745,2002,ISUZU ELF DCAB,WNB745,,,,,,2-Jan-2026,15,46039,ACTIVE LISTING,,,,,,249,,Bad Condition,"for full restoration due to sign of usage,steering leak",https://drive.google.com/file/d/19eTSClATh1Nu9Fwo5kTa7zqlEaH7yoVM/view?usp=sharing,46183,Chrisjohn Basco,"₱258,000",170k for full restoration,118000,WNB745,,,,4,46206.5875,46223.50278,75,125000,58358.33333,,75,-118000,,,RIDE AGAIN - PARANAQUE WAREHOUSE,,,,,,,,,,https://drive.google.com/drive/folders/1zkx_zAc59ZnNwzrHWObERENp-FzPH1Bf?usp=drive_link,- Recommended price: 125k,,"As per Anton, the OR/CR documents are currently at the warehouse.",Rose Batacan,https://drive.google.com/file/d/1f-jPuVi04MdgbvhBbcbnpIXXNEvFbH16/view?usp=sharing,NO ORCR documents,,"Per Anton, a hired driver was engaged to move the unit from his location to Parañaque."
IF0198,RPM5,RENZ PATRICK MOJICA CAR AGENT SERVICES,RPM5,,Marah Luriely A. Villaruz,Benjo Fontanilla,Michael John Pineda,Digno Law Firm,Digno Law Firm,,,,,,,,,,,,26-Jan-2026,15,46063,SOLD,,,,,,225,,Bad Condition,Major Repairs needed - for thoroughly inspection/ Engine won't start,https://drive.google.com/drive/folders/1-V4Ia_CD7NlX82_XXEKHKuF40bp2G7MV,46183,Chrisjohn Basco,561777,10k initial for starting issue,551777,,,46218.08955,175000,3,46198.44097,46209.45556,105500,185000,146833.3333,,175000,-175000,,https://drive.google.com/drive/folders/1V1bbzg6U2pSranrCE-OrfmQuECkmfq8G?usp=drive_link,RIDE AGAIN - PARANAQUE WAREHOUSE,,,,,,,,,,https://drive.google.com/drive/folders/1oo4rpcz8EmQ6ALeYvOiByQ-BMyQpWxsE?usp=drive_link,- Go ahead with the 120k,,,Elvira Ladea,https://drive.google.com/file/d/10om_SXsRErIc90cTZyJJgXq-lNnCD7Kq/view?usp=sharing
IF0198,RPM6,RENZ PATRICK MOJICA CAR AGENT SERVICES,RPM6,,Marah Luriely A. Villaruz,Benjo Fontanilla,Michael John Pineda,Digno Law Firm,Digno Law Firm,,,,,,,,,,,,26-Jan-2026,15,46063,SOLD,,,,,,225,,Bad Condition,LEFT SIDE SKIRT DAMAGED / DELAY RPM,,,Chrisjohn Basco,762604,,,,,46140,400000,0,,,,,,,400000,-400000,,https://drive.google.com/drive/folders/1dplfRHEIzQZzv2_0ZgGnJ8RprcJ8Sl0B?usp=drive_link,RIDE AGAIN - PARANAQUE WAREHOUSE,,,,,,,,,,,,,,Elvira Ladea
IF0198,RPM4,RENZ PATRICK MOJICA CAR AGENT SERVICES,RPM4,,Marah Luriely A. Villaruz,Benjo Fontanilla,Michael John Pineda,Digno Law Firm,Digno Law Firm,,,,,,,,,,,,30-Jan-2026,15,46067,ACTIVE LISTING,,,,,,221,,Bad Condition,Major Repairs needed - for restoration of wiring and modules / With sign of flooded,https://drive.google.com/drive/folders/1de-RQaRwthwlSGlOhZouIkgq5rF3brIe,46192,Chrisjohn Basco,1358640,250k-300k,1058640,,,,,9,46195.32153,46267.08333,250,800000,470050,,250,-1058640,,,RIDE AGAIN - PARANAQUE WAREHOUSE,,,,,,,,,,,- IF team to inspect the unit and determine the asking price,,,Elvira Ladea,https://drive.google.com/file/d/1XhMPmr9dOwzkR6Pw2gRCWvNVmekw_Ztu/view?usp=drive_link,Reduced offer at 200k
IF0071,PCT9,PRINCE CAR TRADING,PCT9,,Albert Dalupang,Bernard Gombio,Bernard Gombio,,Bernard Gombio,,,,,,,,,,,,3-Feb-2026,15,46071,SOLD,,,,,,217,,Bad Condition,TRANSMISSION PROBLEM / Cluth Lining problem,,,Chrisjohn Basco,702847,,,,,46146,350000,0,,,,,,,350000,-350000,,https://drive.google.com/drive/folders/1KFBO6a7dqV8PsSPMKHt8h9HBPrJdYn7u?usp=drive_link,RIDE AGAIN - PARANAQUE WAREHOUSE,,,,,,,,,,,,,,Zhesa Resurrecion
IF0172,BAT3,BRAVOCARS AUTO TRADING,BAT3,,Albert Dalupang,Bernard Gombio,Bernard Gombio,,Bernard Gombio,,,,,,,,,,,,10-Feb-2026,0,46063,SOLD,,,,,,210,,Bad Condition,"Broken taillight, break not functioning",,,Chrisjohn Basco,440625,,,,,46062,250000,0,,,,,,,250000,-250000,,https://drive.google.com/drive/folders/1IvxvthuYAcvGmjs54oua-rHhpUxw1bYu?usp=drive_link,RIDE AGAIN - PARANAQUE WAREHOUSE,,https://drive.google.com/file/d/1YqAhE1iqHEJSYe4Hrtr8eCgahTVV0ODd/view?usp=drive_link,,,,,,,,,,,,Zhesa Resurrecion
IF0317,ZSM1,ZSM LOGISTICS SERVICES,,ZSM1,Marah Luriely A. Villaruz,Benjo Fontanilla,Reynante Estacion,,Reynante Estacion,2017,FORD ECOSPORT 5DR TR,NAG9851,2017,FORD ECOSPORT 5DR TR,NAG9851,,,,,,12-Feb-2026,15,46080,ACTIVE LISTING,,,,,,208,,Good Condition,"Minor repair needed, shifting knob broken, Missing gas lid cover",https://drive.google.com/drive/folders/1qSCvn-oKtC3I48FY4YxXD73GfnkmzO08,46183,Chrisjohn Basco,"₱310,853.14",10000,300853,NAG9851,https://drive.google.com/drive/folders/1d9NIfpmGYgmv0qhtw1qNzpy9CuhKMEMI?usp=drive_link,,,10,46205.34861,46264.08333,110500,170000,140250,,110500,-300853,,,RIDE AGAIN - PARANAQUE WAREHOUSE,,,,,,,,,,https://drive.google.com/drive/folders/140dy8C0aoEu4PF1x677TRlbvAzmhWIOL?usp=drive_link,- Asking for 300k ,,"As per Michael, the OR/CR documents are still with the dealer.",Elvira Ladea,https://drive.google.com/file/d/1u1tmOjgegU-NkxFOwWQk-CpMr0iEza5X/view?usp=sharing,NO ORCR documents,"Sellable, Good to go",No ORCR
IF0071,PCT10,PRINCE CAR TRADING,PCT10,,Albert Dalupang,Bernard Gombio,Bernard Gombio,,Bernard Gombio,,,,,,,,,,,,18-Feb-2026,15,46086,SOLD,,,,,,202,,Fair Condition,No major issue / freon leak,,,Chrisjohn Basco,307913,,,,,46176,245000,0,,,,,,,245000,-245000,,https://drive.google.com/drive/folders/1C2Gh3reGvuUpA70TYwEuNG14PoGePk1B?usp=drive_link,RIDE AGAIN - PARANAQUE WAREHOUSE,,https://drive.google.com/file/d/1opuK8iQoM_FwmmlXOmgdwN3llWH09zRJ/view?usp=drive_link,,,,,,,,,,,,Zhesa Resurrecion
IF0226,JJM4,JJM AUTO CARE SERVICES,JJM4,,Marah Luriely A. Villaruz,Benjo Fontanilla,Michael John Pineda,,Michael John Pineda,,,,,,,,,,,,19-Feb-2026,15,46087,ACTIVE LISTING,,,,,,201,,Bad Condition,for starter inspection/engine won't start,https://drive.google.com/drive/folders/1y9wIwzAiBkIzh5uF5Sog4aIbkGNoRoou,46183,Chrisjohn Basco,504060,10k initial for starting issue,494060,,,46221.78586,150000,4,46196.03056,46217.22431,70000,145000,111250,,150000,-150000,,https://drive.google.com/drive/folders/1wrb9NwWWJ9lm2GUuaDtFQad6Pv-kbecF?usp=drive_link,RIDE AGAIN - PARANAQUE WAREHOUSE,,,,,,,,,,https://drive.google.com/drive/folders/19nXHq3b0n6ViEBrEwn3nKbu0lQx1JnGX?usp=drive_link,- Go ahead with the 100k,,,Elvira Ladea,https://drive.google.com/file/d/1OgmHQOo3iMpEFu0lUl587K-Rr3dXuNMl/view?usp=drive_link
IF0061,PAD31,PAULO AND DANNA AUTO TRADING,PAD31,,Malou Alfonso,Randy Celorico,Anton Belmonte,,Anton Belmonte,,,,,,,,,,,,23-Feb-2026,0,46076,SOLD,,,,,,197,,Bad Condition,rear bumper / transmission jerking,,,Chrisjohn Basco,248437,,,,,46136,150000,0,,,,,,,150000,-150000,,https://drive.google.com/drive/folders/1Jke3QBPAtaspylHPdGjNHbGp0Vn0B6oc?usp=drive_link,RIDE AGAIN - PARANAQUE WAREHOUSE,,,,,,,,,,,,,,Myrnalyn Bankingkito,,,,"Per Anton, a hired driver was engaged to move the unit from his location to Parañaque."
IF0061,PAD36,PAULO AND DANNA AUTO TRADING,PAD36,,Malou Alfonso,Randy Celorico,Anton Belmonte,,Anton Belmonte,,,,,,,,,,,,24-Feb-2026,0,46077,SOLD,,,,,,196,,Bad Condition,Engine Blowby/Loss of power/electrical issue/rear door exhaust problem,,,Chrisjohn Basco,429682,,,,,46081,220000,0,,,,,,,220000,-220000,,https://drive.google.com/drive/folders/1zpMMhLdlygbyzOHg-POauFxrErMI-slf?usp=drive_link,RIDE AGAIN - PARANAQUE WAREHOUSE,,,,,,,,,,,,,,Myrnalyn Bankingkito
IF0061,PAD32,PAULO AND DANNA AUTO TRADING,PAD32,,Malou Alfonso,Randy Celorico,Anton Belmonte,,Anton Belmonte,,,,,,,,,,,,5-Mar-2026,0,46086,SOLD,,,,,,187,,Fair Condition,Repainted body broken windsheild/Aircon/Broke down mid way,,,Chrisjohn Basco,183381,,,,,46095,80000,0,,,,,,,80000,-80000,,https://drive.google.com/drive/folders/1EGUtTaO0-h-3UWWOjZZ8pLHcFx2X15LJ?usp=drive_link,RIDE AGAIN - PARANAQUE WAREHOUSE,,,,,,,,,,,,,,Myrnalyn Bankingkito
IF0061,PAD30,PAULO AND DANNA AUTO TRADING,PAD30,,Malou Alfonso,Randy Celorico,Anton Belmonte,,Anton Belmonte,,,,,,,,,,,,9-Mar-2026,0,46090,SOLD,,,,,,183,,Good Condition,Taxi Unit / Unit is in good running condition. Minimal scratches and dents,,,Chrisjohn Basco,325593,,,,,46176,175000,0,,,,,,,175000,-175000,,https://drive.google.com/drive/folders/14a_kMrS0zB27G7XbObUsqzYsur-MSqPF?usp=drive_link,RIDE AGAIN - PARANAQUE WAREHOUSE,,https://drive.google.com/drive/folders/1Ast7xS3ipgbshTLaBoOYQP_e7vt9JbrW?usp=drive_link,,,,,,,,https://drive.google.com/drive/folders/1DCEmeKmSG4JormhbTHfR7YChMRMLe711?usp=drive_link,,,,Myrnalyn Bankingkito
IF0061,PAD33,PAULO AND DANNA AUTO TRADING,PAD33,,Malou Alfonso,Randy Celorico,Anton Belmonte,,Anton Belmonte,,,,,,,,,,,,9-Mar-2026,0,46090,SOLD,,,,,,183,,Fair Condition,Aircon /Repainted.powerwindow Not functioning,,,Chrisjohn Basco,183381,,,,,46097,80000,0,,,,,,,80000,-80000,,https://drive.google.com/drive/folders/1gqGDKuqNU8QTR__LYkcUffQnwej1uPxk?usp=drive_link,RIDE AGAIN - PARANAQUE WAREHOUSE,,https://drive.google.com/drive/folders/1Ydi5Q-PQYoEId1dfrEKD84KlePsbsiOM?usp=drive_link,,,,,,,,https://drive.google.com/drive/folders/19_0ANrJHYEbVYfb8gYPk7HP303gCBigT?usp=drive_link,,,,Myrnalyn Bankingkito
IF0324,IJCA1,IJ CAR AGENT SERVICES,IJCA1,,Marah Luriely A. Villaruz,Benjo Fontanilla,Michael John Pineda,Internal Collections,Michael John Pineda,,,,,,,,,,,,12-Mar-2026,15,46108,REDEEMED ,,,,,,180,,Good Condition,,,,,,,,,,,,0,,,,,,,,0,,,MJO CAR TRADING'S SHOWROOM,,,,,,,,,,,"Change Status to Active Listing_May 25, 2026",,,Elvira Ladea
IF0198,RPM7,RENZ PATRICK MOJICA CAR AGENT SERVICES,,RPM7,Marah Luriely A. Villaruz,Benjo Fontanilla,Michael John Pineda,Digno Law Firm,Digno Law Firm,2011,KIA CARENS,NCO751,2011,KIA CARENS,NCO751,,,,,,12-Mar-2026,0,46093,ACTIVE LISTING,,,,,,180,,Fair Condition,"battery drained for replacement,
engine support for replacement unusual noise when starting 
radio not working
for deep cleaning and buffing due to ageing ",https://drive.google.com/drive/folders/1ZoYDzy1dNmHqgZ405amn13LBKzV2UQZl,46183,Chrisjohn Basco,238062.58,10k to 15k,223063,NCO751,https://drive.google.com/drive/folders/1ZoYDzy1dNmHqgZ405amn13LBKzV2UQZl?usp=drive_link,,,14,46198.44236,46269.08333,90000,180000,127142.8571,,90000,-223063,,,RIDE AGAIN - PARANAQUE WAREHOUSE,,,,,,,,,,https://drive.google.com/drive/folders/1z9cGYptsJkZRWVpJRrpk1bb4xcfYhGyy?usp=drive_link,- Asking for 220k,,"As per Michael, the OR/CR documents are still with the dealer.",Elvira Ladea,https://drive.google.com/file/d/1AJoDuIoWD1ayWICi_Lse54sCKe25tSfa/view?usp=sharing,NO ORCR documents,"Sellable, Good to go"
IF0262,FMB4,FMB CAR TRADING,FMB4,,Malou Alfonso,Randy Celorico,Anton Belmonte,Digno Law Firm,Digno Law Firm,,,,,,,,,,,,24-Mar-2026,15,46120,SOLD,,,,,,168,,Good Condition,,,,Chrisjohn Basco,508969,,,,,46176,400000,0,,,,,,,400000,-400000,,https://drive.google.com/drive/folders/1_WgoaL7gAsQceVtVDu50y7-WPgpHkRIx?usp=drive_link,RIDE AGAIN - PARANAQUE WAREHOUSE,,https://drive.google.com/file/d/10XlkOYLVZC5PEyG-JG_ca59KMYIUOXAg/view?usp=drive_link,,,,,,,,,,,,Myrnalyn Bankingkito
IF0262,FMB9,FMB CAR TRADING,FMB9,,Malou Alfonso,Randy Celorico,Anton Belmonte,Digno Law Firm,Digno Law Firm,,,,,,,,,,,,24-Mar-2026,15,46120,ACTIVE LISTING,,,,,,168,,Fair Condition,"Minor repairs needed  - For recondition
Backdoor dent, Scratches minor all over the body 
Dead battery (for replacement).
Sprinkle not working",https://drive.google.com/drive/folders/1MvIQSIZxILKTPeRIYpxTejZZQByfXYZN,46183,Chrisjohn Basco,361651,35k-40k,321651,,,,,3,46195.34861,46268.08333,200000,200000,200000,,200000,-321651,,,RIDE AGAIN - PARANAQUE WAREHOUSE,,https://drive.google.com/file/d/1PUMcGr1Lv-mblpEIhhH4geh9wEUdPwhC/view?usp=drive_link,,,,,,,,https://drive.google.com/drive/folders/189GtzVBqjXN1uMQvlaUF6UrPKTKLx6-U?usp=drive_link,- Asking for 300k,,,Myrnalyn Bankingkito,https://drive.google.com/file/d/1rIeuQXpzJlrFVdsf9ztoWOHqQEH6Rytx/view?usp=sharing,Reduced offer at 200k as of Aug-3
IF0081,DRD166,D 3RD AUTODISPLAY AUTO SHOP,DRD166,,Albert Dalupang,Bernard Gombio,Bernard Gombio,Constantino and Associates Law Offices,Constantino and Associates Law Offices,,,,,,,,,,,,24-Mar-2026,15,46120,ACTIVE LISTING,,,,,,168,,Fair Condition,"Shift and selector malfunction, Battery discharged, Unit for buffing and seen minor scratches. ",https://drive.google.com/drive/folders/1H4CKF5DY6TtS3EXzatXFQ_faPBlzK7cf,46188,Chrisjohn Basco,284892,10-20K,264892,,,,,6,46213.00833,46269.07083,80000,170000,135000,,80000,-264892,,,RIDE AGAIN - PARANAQUE WAREHOUSE,,,,,,,,,,https://drive.google.com/drive/folders/1hxvXDpUPHXO_WXmoZNTqe0Ps7IqTCY9S?usp=drive_link,,,,Zhesa Resurrecion,https://drive.google.com/file/d/1c0YIaCUCjymYcdNkT_rCtMwQoLFcCWc_/view?usp=sharing
IF0081,DRD168,D 3RD AUTODISPLAY AUTO SHOP,DRD168,,Albert Dalupang,Bernard Gombio,Bernard Gombio,Constantino and Associates Law Offices,Constantino and Associates Law Offices,,,,,,,,,,,,24-Mar-2026,15,46120,ACTIVE LISTING,,,,,,168,,Bad Condition,"Engine wont start
No check engine possible cause of not starting
With musty smell - Need interior cleaning",https://drive.google.com/drive/folders/1uKwhyyIUdbqV0ioXcGybhcyWM5uxbt0b,46183,Chrisjohn Basco,339710,30k-40k initial for engine starting,299710,,,,,9,46198.44167,46264.08333,150000,190000,168750,,150000,-299710,,,RIDE AGAIN - PARANAQUE WAREHOUSE,,,,,,,,,,https://drive.google.com/drive/folders/1yUvx7w7v6fiuxLEV0k5_HdjNgp63nwPd?usp=drive_link,,,,Zhesa Resurrecion,https://drive.google.com/file/d/1dJMSm4JonrX2-wjMz06TwipzvzT-PAE4/view?usp=drive_link,Reduced offer at 100k as of Aug-3
IF0153,ACD9,AUTOVENTURES CAR DISPLAY CENTER,,ACD9,Albert Dalupang,Benjo Fontanilla,Joseph Borromeo,Internal Collections,Joseph Borromeo,2021,TOYOTA VIOS XLE CVT,DAP1475,2021,TOYOTA VIOS XLE CVT,DAP1475,,,,,,25-Mar-2026,15,46121,SOLD,,,,,,167,,Fair Condition,airbag indicator seen on dashboard,,46183,Chrisjohn Basco,507275.58,80K for srs airbag issue,427275.58,DAP1475,https://drive.google.com/drive/folders/1TiKZ7BUlVSKDb9zbBq-fCCzPFBiQHY_z?usp=drive_link,46176,380000,0,,,,,,,380000,-380000,,https://drive.google.com/drive/folders/1oiKIdUSKjASiyLzg-0AqCT9tbzSPcSUm?usp=drive_link,RIDE AGAIN - PARANAQUE WAREHOUSE,,https://drive.google.com/drive/folders/134zI7MLmU5Xu9NFfBEbGVniQouXBGcyy?usp=drive_link,,,,,,,,,,,"As per Joseph, the OR/CR documents are still with the dealer, and First Trigon is currently following up with the dealer for their retrieval.",Marlon Llamas
IF0061,PAD37,PAULO AND DANNA AUTO TRADING,,PAD37,Malou Alfonso,Randy Celorico,Anton Belmonte,,Anton Belmonte,2018,MITSUBISHI STRADA,CAP1721,2018,MITSUBISHI STRADA,CAP1721,,,,,,27-Mar-2026,0,46108,SOLD,,,,,,165,,Good Condition,,,,,,,,CAP1721,,46146,530000,0,,,,,,,530000,-530000,,https://drive.google.com/drive/folders/1iG_VYW7kzQm8_UJxyHEq9kXVsI-hL-SD?usp=drive_link,RIDE AGAIN - PARANAQUE WAREHOUSE,,https://drive.google.com/drive/folders/1Ps0vzoo_gU22PONUDecm82IkdDX71Mrh?usp=drive_link,,,,,,,,https://drive.google.com/drive/folders/1Ps0vzoo_gU22PONUDecm82IkdDX71Mrh?usp=drive_link,,,,Myrnalyn Bankingkito,,,,No ORCR
IF0171,BGC7,BOUNTIFUL GRACE CAR TRADING,BGC7,,Malou Alfonso,Randy Celorico,Anton Belmonte,,Anton Belmonte,,,,,,,,,,,,1-Apr-2026,0,46113,SOLD,,,,,,160,,Bad Condition,Towed unit/Engine dead,,46183,Chrisjohn Basco,629272,,,,,46170,160000,0,,,,,,,160000,-160000,,https://drive.google.com/drive/folders/1WCNyMgKYsX6p6ZFL1qJ-IZu7OFMxy5Ti?usp=drive_link,RIDE AGAIN - PARANAQUE WAREHOUSE,,,,,,,,,,,,,,Rose Batacan
IF0065,MJO246,MJO CAR TRADING,MJO246,,Marah Luriely A. Villaruz,Benjo Fontanilla,Joseph Borromeo,Constantino and Associates Law Offices,Constantino and Associates Law Offices,,,,,,,,,,,,8-Apr-2026,0,46120,ACTIVE LISTING,,,,,,153,,Fair Condition,"Hard starting due to battery issue
for IBS Inspection
Driver seat cover torn
For interior deep detailing",https://drive.google.com/drive/folders/1u689-jsE8NNEIQbyVjn4BZK76cKTy17v,46183,Chrisjohn Basco,532761,10k-15k initial,517761,,,,,0,,,,,,,517761,-517761,,,RIDE AGAIN - PARANAQUE WAREHOUSE,,,,,,,,,,https://drive.google.com/drive/folders/1mCVDcnksxfdqOpGpDkR_J7DYXyDNBLx5?usp=drive_link,,,,Elvira Ladea,https://drive.google.com/file/d/1tVj-Yay8h2f95yUAnJLtH80vutGIV8vI/view?usp=drive_link,No offers as of date. Listed price: 370k | Reduced offer at 200k
IF0065,MJO221,MJO CAR TRADING,MJO221,,Marah Luriely A. Villaruz,Benjo Fontanilla,Joseph Borromeo,Constantino and Associates Law Offices,Constantino and Associates Law Offices,,,,,,,,,,,,8-Apr-2026,0,46120,SOLD,,,,,,153,,Bad Condition,"deivery vehicle used
interior for restoration deep cleaning
engine wont start check and inspect starter or wiring",https://drive.google.com/drive/folders/10n-H9I05NgPmcyKNp5_dy5AKly0sgeFd,46183,Chrisjohn Basco,320902,30k-40k,280902,,,46191,120000,0,,,,,,,120000,-120000,,https://drive.google.com/drive/folders/1H7Y2y_Q1lrgvhUQKIZgc6QfDrCMywXVI?usp=drive_link,RIDE AGAIN - PARANAQUE WAREHOUSE,,,,,,,,,,https://drive.google.com/drive/folders/1jH4osXlwAbQ9ktQ3t28RLzv7V5MOfq3L?usp=drive_link,,,,Elvira Ladea
IF0065,MJO207,MJO CAR TRADING,,MJO207,Marah Luriely A. Villaruz,Benjo Fontanilla,Joseph Borromeo,Constantino and Associates Law Offices,Constantino and Associates Law Offices,2011,TOYOTA AVANZA 1.3 G MT,TKO589,2011,TOYOTA AVANZA 1.3 G MT,TKO589,,,,,,8-Apr-2026,0,46120,ACTIVE LISTING,,,,,,153,,Bad Condition,"no check engine,airbag indicator,oil leak,bypass horn,change color",https://drive.google.com/drive/folders/1f-BKgD1WSBzw6Aahni8xJxwiwhW2JPjQ,46183,chrisjohn Basco,246588.93,60k-70k ,176589,TKO589,https://drive.google.com/drive/folders/1FujnXYVfTTuy6kqOhkLOTKHWRhiFGjwv?usp=drive_link,,,14,46198.43958,46271.08333,120000,250000,198000,,120000,-176589,,,RIDE AGAIN - PARANAQUE WAREHOUSE,,,,,,,,,,https://drive.google.com/drive/folders/1f-BKgD1WSBzw6Aahni8xJxwiwhW2JPjQ?usp=drive_link,,https://drive.google.com/drive/folders/1uvoY5_B01AC9fn1b5zmMH8muMYxJqQzn?usp=drive_link,Vault,Elvira Ladea,https://drive.google.com/file/d/1r9_DvTP4hmhbGAVXfrGSFLW13sRhIf8L/view?usp=sharing,Listed price: 220k
IF0081,DRD207,D 3RD AUTODISPLAY AUTO SHOP,DRD207,,Albert Dalupang,Bernard Gombio,Bernard Gombio,Constantino and Associates Law Offices,Constantino and Associates Law Offices,,,,,,,,,,,,14-Apr-2026,15,46141,SOLD,,,,,,147,,Good Condition,No Major fault,,46183,Chrisjohn Basco,502954,,,,,46163,360000,0,,,,,,,360000,-360000,,https://drive.google.com/drive/folders/1Cuf5bKJz8U5tdmpciORG_IkGFhxgOWH7?usp=drive_link,RIDE AGAIN - PARANAQUE WAREHOUSE,,,,,,,,,,,,,,Zhesa Resurrecion
IF0213,RCC3,RB CARZ CAR TRADING,,RCC3,Marah Luriely A. Villaruz,Benjo Fontanilla,Michael John Pineda,Internal Collections,Michael John Pineda,2008,CHRYSLER 300C ,ZNJ300,2008,CHRYSLER 300C ,ZNJ300,,,,,,18-Apr-2026,15,46145,ACTIVE LISTING,,,,,,143,,Bad Condition,"oil warning sending unit active
transmission shift shock",https://drive.google.com/drive/folders/1SKf_nJG4nH-qAYsNy5oEjGwZx1PCTJQy,46164,Chrisjohn Basco,291369.93,35k-50k,241370,ZNJ300,,,,5,46221.38681,46268.08333,200000,360000,280000,,200000,-241370,,,RIDE AGAIN - PARANAQUE WAREHOUSE,,,,46171,,,,,,https://drive.google.com/drive/folders/1-Lj6a1exreohdsoQvmmhmzs84Pnx7yTf?usp=drive_link,,https://drive.google.com/drive/folders/1gaYviKe8U-bU_zyWeQIaPI7cazfudu8F?usp=drive_link,Vault,Elvira Ladea,https://drive.google.com/file/d/12tlcKxV64rO_IpCESvAffRGClzfZNCAd/view?usp=sharing,Reduced offer at 200k as of aug-3| go ahead at 170k
IF0081,DRD194,D 3RD AUTODISPLAY AUTO SHOP,DRD194,,Albert Dalupang,Bernard Gombio,Bernard Gombio,Constantino and Associates Law Offices,Constantino and Associates Law Offices,,,,,,,,,,,,20-Apr-2026,15,46147,ACTIVE LISTING,,,,,,141,,Bad Condition,"engine misfire,black smoke
interior upholstery damage",https://drive.google.com/drive/folders/121riiQ5_ifSV_PV9aApJYMhBfVvGawv0,46183,Chrisjohn Basco,557254,150k-180k,377254,,,46234.71577,225000,15,46197.22986,46234.07917,170000,330500,259208.3333,,225000,-225000,,https://drive.google.com/drive/folders/1FaiJs2oW_ph1vYrc9qJ6HMweLS_73kIO?usp=drive_link,RIDE AGAIN - PARANAQUE WAREHOUSE,,,,,,,,,,https://drive.google.com/drive/folders/1DQexANWgw1Zx_Dqkt_hRuGUV2L_aR2WA?usp=drive_link,,,,Zhesa Resurrecion,https://drive.google.com/file/d/1tTSqCt3UbJmhSWyquqFOe4KNHI0uHD79/view?usp=drive_link
IF0324,IJCA1,IJ CAR AGENT SERVICES,,IJCA1,Marah Luriely A. Villaruz,Benjo Fontanilla,Michael John Pineda,Internal Collections,Michael John Pineda,2005,BMW 118I,XTU773,2005,BMW 118I,XTU773,,,,,,20-Apr-2026,15,46147,ACTIVE LISTING,,,,,,141,,Bad Condition,"hard steering, unusual sound when starting
rear rh power window not working
radio not working
Transmission delay",https://drive.google.com/file/d/1mU5AaELJ-Y8YkGxjCd6rFM_L1-wcetrY/view?usp=drive_link,46164,Chrisjohn Basco,379666.67,50k-55k,324667,XTU773,,,,0,,,,,,,324667,-324667,,,RIDE AGAIN - PARANAQUE WAREHOUSE,,,,46171,,,,,,https://drive.google.com/drive/folders/1amdEPUQsK-Y81ullVeqAVCdDL0rmiwBx?usp=drive_link,,https://drive.google.com/drive/folders/1koLELJ_jcnBa-G7Pk8tbeJwcpjlints1?usp=drive_link,Vault,Elvira Ladea,https://drive.google.com/file/d/1xrVp053QAivDhhtBBWBs2T78ufFrSVS2/view?usp=sharing
IF0065,MJO243,MJO CAR TRADING,MJO243,,Marah Luriely A. Villaruz,Benjo Fontanilla,Joseph Borromeo,Constantino and Associates Law Offices,Constantino and Associates Law Offices,,,,,,,,,,,,22-Apr-2026,0,46134,ACTIVE LISTING,,,,,,139,,Fair Condition,"minor repair in paint
Low AC and radio is not working",https://drive.google.com/drive/folders/1TO8jnGSvd6pxWF8KmeXkesYimRQkZqyz,46183,Chrisjohn Basco,496259,5k,491259,,,,,0,,,,,,,491259,-491259,,,RIDE AGAIN - PARANAQUE WAREHOUSE,,,,,,,,,,https://drive.google.com/drive/folders/1TO8jnGSvd6pxWF8KmeXkesYimRQkZqyz?usp=drive_link,,,,Elvira Ladea,https://drive.google.com/file/d/16Ayrv4x5Kr77RzueDealYWlISItZYiRc/view?usp=drive_link,Listing price: 450k | reduced offer at 350k
IF0135,KPA23,K2P AUTO TRADING,KPA23,,Marah Luriely A. Villaruz,Benjo Fontanilla,Michael John Pineda,,Michael John Pineda,,,,,,,,,,,,23-Apr-2026,15,46150,REDEEMED ,,,,,,138,,Good Condition,,,,Chrisjohn Basco,696579,,,,,,,0,,,,,,,696579,-696579,,,,,https://drive.google.com/drive/folders/1IxcA7ATJGBc1aG_3pRBjpAnieV7PWT3i?usp=drive_link,,,,,,,,https://drive.google.com/drive/folders/1jclOzdhMCxq_2CKmmR6BQnWeiQ8tird4?usp=drive_link,,,,Elvira Ladea
IF0135,KPA25,K2P AUTO TRADING,KPA25,,Marah Luriely A. Villaruz,Benjo Fontanilla,Michael John Pineda,,Michael John Pineda,,,,,,,,,,,,23-Apr-2026,15,46150,REDEEMED ,,,,,,138,,Good Condition,,,,Chrisjohn Basco,1029478,,,,,,,0,,,,,,,1029478,-1029478,,,,,https://drive.google.com/drive/folders/1xyFb_dwzcqXf9wahKIjQPeisK1fao41Y?usp=drive_link,,,,,,,,https://drive.google.com/drive/folders/1HdpVOIE-zB_GJhJndes8lzLrmwgktW2k?usp=drive_link,,,,Elvira Ladea
IF0135,KPA28,K2P AUTO TRADING,KPA28,,Marah Luriely A. Villaruz,Benjo Fontanilla,Michael John Pineda,,Michael John Pineda,,,,,,,,,,,,23-Apr-2026,15,46150,REDEEMED ,,,,,,138,,Good Condition,,,,Chrisjohn Basco,655509,,,,,,,0,,,,,,,655509,-655509,,,,,https://drive.google.com/drive/folders/1uc5c7PmWKtumHt_jd6Zl3HgCFkGydqma?usp=drive_link,,,,,,,,https://drive.google.com/drive/folders/1pOEBrC42JOZtoT9uH_-qRp8Fsn9jWLGf?usp=drive_link,,,,Elvira Ladea
IF0185,YCT11,Y2KAR-CAR TRADING,YCT11,,Marah Luriely A. Villaruz,Randy Celorico,Anton Belmonte,Internal Collections,Anton Belmonte,,,,,,,,,,,,28-Apr-2026,15,46155,ACTIVE LISTING,,,,,,133,,Bad Condition,"sign of overheating engine water comes out in radiator when cranking the engine.
power window lh front not working",https://drive.google.com/file/d/1SUU2CSb_H7Fm6l4DVGC15UK-ZCsPuxSb/view?usp=drive_link,46164,Chrisjohn Basco,436679,50k-100k,336679,,https://drive.google.com/drive/folders/1_1vss3VjryWncehPr6KNy6X3RV489PUM?usp=drive_link,,,6,46217.22222,46272.38125,150000,315000,207500,,150000,-336679,,,RIDE AGAIN - PARANAQUE WAREHOUSE,,https://drive.google.com/file/d/1N25UeOKyhtxF2aEHFtGnFxFSNF_kf9kW/view?usp=drive_link,,,,,,,,https://drive.google.com/drive/folders/1GSty9c_ncY326mUMX-2m-VhuCZu0RlWW?usp=drive_link,"Change Status to Active Listing_May 26, 2026",,,Rhoyland Alagon,https://drive.google.com/file/d/1MWfsbqHLcq9z2i5fLyaoXI_AO2MfokPO/view?usp=drive_link,,,"Per Anton, a hired driver was engaged to move the unit from his location to Parañaque."
IF0021,ARR68,ARRONDAVIS AUTO TRADING,ARR68,,Malou Alfonso,Randy Celorico,Joseph Borromeo,Constantino and Associates Law Offices,Constantino and Associates Law Offices,,,,,,,,,,,,12-May-2026,15,46169,ACTIVE LISTING,,,,,,119,,Good Condition,"With observed uneven vehicle color.
For cleaning and changing oil.",https://drive.google.com/file/d/1gI-RorLpncN1RFC_OZQ3lYxHuLTotMBS/view?usp=sharing,46164,Chrisjohn Basco,685044.87,15k,670045,,https://drive.google.com/drive/folders/1SGZGdgcOf-SsudiDOLcPPGJeCtKad53o?usp=drive_link,,,0,,,,,,,670045,-670045,,,RIDE AGAIN - PARANAQUE WAREHOUSE,,https://drive.google.com/drive/folders/1g6KQi9YKRqfYLayC8yc7hzVXrA_YPRG5?usp=drive_link,,,,,,,,https://drive.google.com/drive/folders/1fkOkuqeY_j63v4BcdZwpKNuXJnQbLycl?usp=drive_link,,,,Rose Batacan,https://drive.google.com/file/d/1Z64HIgDjWlOb2zWjLNo2G35VNzYYMoFx/view?usp=sharing,,"Sellable, Good to go"
IF0223,AMA7,ALLEN MOTORKEE & AUTO TRADING,AMA7,,Albert Dalupang,Bernard Gombio,Bernard Gombio,,Bernard Gombio,,,,,,,,,,,,14-May-2026,15,46171,ACTIVE LISTING,,,,,,117,,Good Condition,For Cleaning only,https://drive.google.com/drive/folders/1HqIjfIRGsisoLbNIQ7Ld15pjd1rlo0sj,46183,Chrisjohn Basco,327234.41,5K,322234,,https://drive.google.com/drive/folders/1NSGAPyMC835oJoDs3vcrvYp2sqasmtSe?usp=drive_link,,,6,46206.22153,46266.08333,200000,1200000,700000,,200000,-322234,,,RIDE AGAIN - PARANAQUE WAREHOUSE,,https://drive.google.com/file/d/1HPDI5jqvG5VXTrBIQq6jG9uP1gJ1hLhP/view?usp=drive_link,,,,,,,,https://drive.google.com/drive/folders/1casVacV5ZrHbBG5fPlUxvQYvPgUc1G8G?usp=drive_link,,,,Zhesa Resurrecion,https://drive.google.com/file/d/1EoBvtX5Cz-ndpUz3YXpR_dYjaZjVPRe_/view?usp=sharing,Reduced offer at 250k ,"Sellable, Good to go"
IF0097,JEM107,JEMM CAR TRADING,JEM107,,Malou Alfonso,Randy Celorico,Anton Belmonte,,Anton Belmonte,,,,,,,,,,,,15-May-2026,30,46187,ACTIVE LISTING,,,,,,116,,Good Condition,Rear right hand not working in master switch.,https://drive.google.com/file/d/1rHo8gnsWkvd7B0yN9NDydQk46fM2sGl2/view?usp=drive_link,46164,Chrisjohn Basco,830600,5k,825600,,https://drive.google.com/drive/folders/14clonS3uEeyvj0OWdxOd7XfIUafwVv5t?usp=drive_link,,,4,46252.34444,46270.08333,550000,550000,550000,,550000,-825600,,,RIDE AGAIN - PARANAQUE WAREHOUSE,,https://drive.google.com/file/d/12kvJMGOUxdpAE5lX7VmDgKfFV3jBQHwj/view?usp=drive_link,,,,,,,,https://drive.google.com/drive/folders/1s9bpNLXDO1wazOda3Tf8yRlyMdlxLxML?usp=drive_link,,,,Rose Batacan,https://drive.google.com/file/d/175ih4JqprTUTL1c3gP9eiD0iKMGZKNwd/view?usp=sharing,,"Sellable, Good to go"
IF0151,NXG32,NXGEN CAR TRADING,NXG32,,Malou Alfonso,Randy Celorico,Anton Belmonte,,Anton Belmonte,,,,,,,,,,,,15-May-2026,30,46187,ACTIVE LISTING,,,,,,116,,Fair Condition,"With observed rust in the body.
With observed paint discoloration and uneven vehicle color.
AC low cooling",https://drive.google.com/file/d/1zKKF1OJZQ7bPWnxCNUeL0wYIRyTAhuk_/view?usp=drive_link,46164,Chrisjohn Basco,760004.6,70k-80k,680005,,https://drive.google.com/drive/folders/1ppYmB-kwtis5ysU5bqpMyogk8tsDVfOF?usp=drive_link,,,4,46197.23194,46227.36875,270000,300000,282500,,270000,-680005,,,RIDE AGAIN - PARANAQUE WAREHOUSE,,https://drive.google.com/file/d/1CS-7MHuEkBTky0_C_2IhJWAASkL2TYJL/view?usp=drive_link,,,,,,,,https://drive.google.com/drive/folders/16V10ffsVZ-3ypy1grWwZDA_dNHynBqP1?usp=drive_link,,,,Rose Batacan,https://drive.google.com/file/d/1exwpUmF6BlkFc2FHetgjMFzhhCuT6hBE/view?usp=sharing,,Sellable Need brochure
IF0151,NXG33,NXGEN CAR TRADING,NXG33,,Malou Alfonso,Randy Celorico,Anton Belmonte,,Anton Belmonte,,,,,,,,,,,,15-May-2026,30,46187,ACTIVE LISTING,,,,,,116,,Good Condition,Need Cleaning,https://drive.google.com/file/d/1-vugDuF9B0bgVW0Gklg67paibSWzMw3D/view?usp=drive_link,46164,Chrisjohn Basco,903876.92,10k,893877,,https://drive.google.com/drive/folders/1-TZlIDYhDc0uSI2L5m2v6GSwD2JxIwpa?usp=drive_link,,,1,46193.03125,46193.03125,480000,480000,480000,,480000,-893877,,,RIDE AGAIN - PARANAQUE WAREHOUSE,,https://drive.google.com/file/d/1K04AX6max0VvHO0T6UtKzeqKiFOgB5Ue/view?usp=drive_link,,,,,,,,https://drive.google.com/drive/folders/1KIxBO9aqN2dLuCnfBBt8uefO0eLdU7wM?usp=drive_link,,,,Rose Batacan,https://drive.google.com/file/d/1ri4Q5e4xaypN_Z_R8iZsGhaIcZHQm5n4/view?usp=sharing,,"Sellable, Good to go"
IF0151,NXG37,NXGEN CAR TRADING,NXG37,,Malou Alfonso,Randy Celorico,Anton Belmonte,,Anton Belmonte,,,,,,,,,,,,25-May-2026,30,46197,ACTIVE LISTING,,,,,,106,"Sarmiento, Novaliches, Quezon City",Fair Condition,"- dead battery/ need to replace
- frt rh power mirror not working
- Interior for cleaning
- The battery needs replacement, there may be additional problems. Need to replace the battery first so we can properly check and diagnose the unit.
 - wiper not working ",https://drive.google.com/file/d/1wqx92-znFJWIy2ycU6pJCzRkpLbHUOEu/view?usp=drive_link,46176,Chrisjohn Basco,660798.46,10k-15k initial,645798,,https://drive.google.com/file/d/1z84tnn9ef319FWFc3FKhfsIED7aj6IUw/view?usp=drive_link,,,0,,,,,,,645798,-645798,,,RIDE AGAIN - PARANAQUE WAREHOUSE,,https://drive.google.com/file/d/1ZO3H3_1TvCM9qsSKkAOUOLyN7YTRv0lf/view?usp=drive_link,,,,,,,,https://drive.google.com/drive/folders/1Q1gSdVmZJyMfawrtm7xXzGMl2eJIco8Y?usp=drive_link,,https://drive.google.com/drive/folders/1Q1gSdVmZJyMfawrtm7xXzGMl2eJIco8Y?usp=drive_link,Vault,Rose Batacan,https://drive.google.com/file/d/1hOqtjbDCEctTA4-qmEcO_-RwGC39uYh6/view?usp=drive_link
IF0097,JEM111,JEMM CAR TRADING,JEM111,,Malou Alfonso,Randy Celorico,Anton Belmonte,,Anton Belmonte,,,,,,,,,,,,25-May-2026,30,46197,ACTIVE LISTING,,,,,,106,"Sarmiento, Novaliches, Quezon City",Fair Condition,"- unusual noise on engine (for inspection) - Recommend thorough inspection to identify whether the noise originates from an internal engine component or an external accessory/system.
- scratches front bumper sign of minor accident
- scratches on rear door rh 
- Estimated repair cost is for the bumper and scratch on the left",https://drive.google.com/file/d/1TMYmi9sfl4F9G5NlkHphE9TRRXTPQcXS/view?usp=drive_link,46176,Chrisjohn Basco,690751.89,15k for the scratches,675752,,https://drive.google.com/file/d/1XmORJ2z5Rt5z9yKRd8JSmTaqMsknfGwF/view?usp=drive_link,,,2,46255.08333,46255.08333,0,0,,,675752,-675752,,,RIDE AGAIN - PARANAQUE WAREHOUSE,,https://drive.google.com/file/d/1A0-NNtQI2WPWCJ0nBIHuLehGi0dBCfxL/view?usp=drive_link,,,,,,,,https://drive.google.com/drive/folders/1t9CA2kwKxy5oTkM4V_n7sxOh1nhn9t2G?usp=drive_link,,https://drive.google.com/drive/folders/1t9CA2kwKxy5oTkM4V_n7sxOh1nhn9t2G?usp=drive_link,Vault,Rose Batacan,https://drive.google.com/file/d/18PG5Zc5NG_0gAz-lnXILSlzC1I0Ir32U/view?usp=drive_link
IF0097,JEM112,JEMM CAR TRADING,JEM112,,Malou Alfonso,Randy Celorico,Anton Belmonte,,Anton Belmonte,,,,,,,,,,,,25-May-2026,30,46197,ACTIVE LISTING,,,,,,106,"Sarmiento, Novaliches, Quezon City",Fair Condition,"Front bumper realignment and repair due to misalignment, Battery and Driver-side power window motor for replacement ",https://drive.google.com/file/d/11KB5V4W6aIyzsnWKMAE6QF5J6UO8H-8b/view?usp=drive_link,46176,Chrisjohn Basco,1118840,10k-15k,1103840,,https://drive.google.com/file/d/10Bo7oEjl0qa9-E0fKkVcvcA1qih7gl3k/view?usp=drive_link,,,14,46195.32292,46267.375,800000,980000,883000,,800000,-1103840,,,RIDE AGAIN - PARANAQUE WAREHOUSE,,https://drive.google.com/file/d/1aYjZ0MeFJPT8Y0O1koTBx99urrLOzFja/view?usp=drive_link,,,,,,,,https://drive.google.com/drive/folders/1OX5U2wGH-dw1hRULK35PYUTy9S_smlaT?usp=drive_link,,https://drive.google.com/drive/folders/1OX5U2wGH-dw1hRULK35PYUTy9S_smlaT?usp=drive_link,Vault,Rose Batacan,https://drive.google.com/file/d/1aZbwpiP2Z_7NXEsOvricORRO41V-wdqJ/view?usp=sharing,,Sellable Need brochure
IF0330,MCPS7,29MMCARHUB MANILA CAR PAINT SERVICES,MCPS7,,Malou Alfonso,Benjo Fontanilla,Michael John Pineda,Digno Law Firm,Digno Law Firm,,,,,,,,,,,,29-May-2026,15,46186,ACTIVE LISTING,,,,,,102,Surrendered at Paranaque WareHouse,Bad Condition,"- engine wont start control box damage
- not working all electrical
- Brake - not sure
-  Interior need detailing
- Fuel - not sure
- Seen rust at the exterior of unit
- Need major repair
- The vehicle's ECU appears to be defective and is recommended for replacement. 
- Seen plate not original",https://drive.google.com/file/d/1OSEkDtqGh82nh1eTkzfRDCXDuDVn2CE2/view?usp=drive_open,46176,Chrisjohn Basco,541476.1,80k-100k,441476,,https://drive.google.com/drive/folders/1CqYaS-wC_L6FN2BrbdAGPfrGNcno2j0v?usp=drive_link,,,4,46202.11736,46254.08333,370,380000,190185,,370,-441476,,,RIDE AGAIN - PARANAQUE WAREHOUSE,,N/A - Surredered by dealer via tow,,,,,,,,https://drive.google.com/drive/folders/1iXZhSHjWN5WUfnbDLU_6Rb7qvB_5EiEM?usp=drive_link,,https://drive.google.com/drive/folders/1iXZhSHjWN5WUfnbDLU_6Rb7qvB_5EiEM?usp=drive_link,Vault,Myrnalyn Bankingkito,https://drive.google.com/file/d/17yuI1dxndynMKmwipCBZZloatDfzkauC/view?usp=drive_link
IF0330,MCPS10,29MMCARHUB MANILA CAR PAINT SERVICES,MCPS10,,Malou Alfonso,Benjo Fontanilla,Michael John Pineda,Digno Law Firm,Digno Law Firm,,,,,,,,,,,,29-May-2026,15,46186,ACTIVE LISTING,,,,,,102,Surrendered at Paranaque WareHouse,Bad Condition,"- no transmission installed engine unable to start
- noted with engine leaked
- electrical: not working
- Brake: not sure
- interior need cleaning
- Fuel: not sure
- seen rust at the exterior of unit
- Need to install transmission before checking issues.",https://drive.google.com/file/d/1j5_T47SkK3ey8F6rqR2fb1vTFtqSECsg/view,46176,Chrisjohn Basco,280227.65,60k-80k,200228,,https://drive.google.com/drive/folders/1q9phIysqp0Cn_CjRtjbxU_FUZpyCqgBx?usp=drive_link,,,14,46209.46111,46271.08333,100000,100000,100000,,100000,-200228,,,RIDE AGAIN - PARANAQUE WAREHOUSE,,N/A - Surredered by dealer via tow,,,,,,,,https://drive.google.com/drive/folders/1V2iwJs4jbljlUTOd18YM88YsWICLkFte?usp=drive_link,,https://drive.google.com/drive/folders/1V2iwJs4jbljlUTOd18YM88YsWICLkFte?usp=drive_link,Vault,Myrnalyn Bankingkito,https://drive.google.com/file/d/1h6xqWBwjik38nXBdTl42s8RQOzij1od7/view?usp=sharing
IF0330,MCPS11,29MMCARHUB MANILA CAR PAINT SERVICES,MCPS11,,Malou Alfonso,Benjo Fontanilla,Michael John Pineda,Digno Law Firm,Digno Law Firm,,,,,,,,,,,,29-May-2026,15,46186,ACTIVE LISTING,,,,,,102,Surrendered at Paranaque WareHouse,Bad Condition,"-  engine unable to start due to missing parts
- elctrical: not working
- Brake: not sure
- wiring at the dashboard was exposed
- dashboard is partially disassembled 
- fuel: not sure
- seen rust at exterior of the unit
- Observed uneven vehicle color.
- Observed wrinkled body panel and braces
- Major accident front bumper for major repair 
- Observed that unit chassis has issues",https://drive.google.com/file/d/1QIVl8Kczp0_DByif2xGGAO1aopSKwXwT/view,46176,Chrisjohn Basco,279067.89,150k-250k,29068,,https://drive.google.com/drive/folders/1CX3dB5WL3CVXC1kr-G5dh9CsWZJoTnGA?usp=drive_link,,,20,46205.36667,46270.08333,80500,155000,123812.5,,80500,-29068,,,RIDE AGAIN - PARANAQUE WAREHOUSE,,N/A - Surredered by dealer via tow,,,,,,,,https://drive.google.com/drive/folders/1FsN-qx0X4pVHcwqRxeE9cZW78nXe66wP?usp=drive_link,,https://drive.google.com/drive/folders/1FsN-qx0X4pVHcwqRxeE9cZW78nXe66wP?usp=drive_link,Vault,Myrnalyn Bankingkito,https://drive.google.com/file/d/1KeOrPSJjQcG0M1HqjWzh7GnWqBWLCNpT/view?usp=sharing
IF0219,MAB4,MAB CAR TRADING,MAB4,,Albert Dalupang,Benjo Fontanilla,Joseph Borromeo,Constantino and Associates Law Offices,Constantino and Associates Law Offices,,,,,,,,,,,,1-Jun-2026,5,46179,ACTIVE LISTING,,,,,,99,"Unit 3, Sandoval Avenue, Pasig",Good Condition,No master key,https://drive.google.com/drive/folders/1IM5y_yC6W3xw6Kh1WTkoIInlQu7_po1C,46183,Chrisjohn Basco,1637800,25k-35k for master key and master switch,1602800,,https://drive.google.com/drive/folders/1uz0DGe6efdYpys_juoojxnFH-wFj8usG?usp=drive_link,,,7,46206.23333,46270.08333,1100000,1500000,1306666.667,,1100000,-1602800,,,RIDE AGAIN - PARANAQUE WAREHOUSE,,Replivin,,,,,,,,https://drive.google.com/drive/folders/1hOu1JUgz5hxvQjzxfelyXdnGwjqSQbN0?usp=drive_link,,https://drive.google.com/drive/folders/1hOu1JUgz5hxvQjzxfelyXdnGwjqSQbN0?usp=drive_link,C/o Joseph,Marlon Llamas,https://drive.google.com/file/d/1eEYGiWbGoqTdqAucRMlvTXKPiCxx77Zl/view?usp=drive_link,,"Sellable, Good to go"
IF0103,JKAR22,JKARS CAR TRADING,JKAR22,,Marah Luriely A. Villaruz,Benjo Fontanilla,Michael John Pineda,Constantino and Associates Law Offices,Constantino and Associates Law Offices,,,,,,,,,,,,2-Jun-2026,15,46190,ACTIVE LISTING,,,,,,98,"Antipolo, RIzal",Fair Condition,"- seat cover sign of usage
- bubbles on paint not too visible
- engine: for cleaning sign of ageing.
- ac no cooling for servicing",https://drive.google.com/file/d/1O5QxulILHaSiGpfOLgFO3p5ahddoI6ut/view?usp=drive_link,46176,Chrisjohn Basco,562769.23,20k-25k,537769.23,,https://drive.google.com/drive/folders/17DPdrSfvXshnSLmmzabMUnLMNaZmgq82?usp=drive_link,,,2,46256.54236,46257.24375,350000,350000,350000,,350000,-537769.23,,,RIDE AGAIN - PARANAQUE WAREHOUSE,,https://drive.google.com/drive/folders/1my7zFE06fQ5OXMLIZz0s5Hxp1FPnPnUm?usp=drive_link,,,,,,,,https://drive.google.com/drive/folders/1B6YCKuM8X967i4w_1OPi-PlbOhxX1PJq?usp=drive_link,,https://drive.google.com/drive/folders/1B6YCKuM8X967i4w_1OPi-PlbOhxX1PJq?usp=drive_link,Vault,Rhoyland Alagon,https://drive.google.com/file/d/17UrWsWAybsV4FOolXCJppLpb05Z9ZaGo/view?usp=drive_link
IF0151,NXG39,NXGEN CAR TRADING,NXG39,,Malou Alfonso,Randy Celorico,Anton Belmonte,,Anton Belmonte,,,,,,,,,,,,5-Jun-2026,30,46208,ACTIVE LISTING,,,,,,95,"Sarmiento, Novaliches, Quezon City",Fair Condition,"Seen discoloration and dents
Missing headlining dome light assy and glove box",https://drive.google.com/drive/folders/1BUWzF2s1nxnZWl1gucPn1JaLmg-7540T,46183,Chrisjohn Basco,799636.36,10k-15k for body repair,784636,,https://drive.google.com/drive/folders/151oE44cbNXP9Rpoh5wbhhBAglLbvOGRz?usp=drive_link,,,0,,,,,,,784636,-784636,,,RIDE AGAIN - PARANAQUE WAREHOUSE,,https://drive.google.com/drive/folders/1dTsdghrQp82dgbwSkvFq-oXBYJ_w3ILq?usp=drive_link,,,,,,,,https://drive.google.com/drive/folders/1n4Nvg8hW8qvEKEmH4P1GDWz50DynmEDR?usp=drive_link,,https://drive.google.com/drive/folders/1n4Nvg8hW8qvEKEmH4P1GDWz50DynmEDR?usp=drive_link,Vault - anton just said that he give the dealer 30 days redemption period,Rose Batacan,https://drive.google.com/file/d/1tzc8mPx4OjG-6KDoTXPD1s6yubui8syM/view?usp=sharing,,Sellable Need brochure
IF0097,JEM108,JEMM CAR TRADING,JEM108,,Malou Alfonso,Randy Celorico,Anton Belmonte,,Anton Belmonte,,,,,,,,,,,,5-Jun-2026,30,46208,ACTIVE LISTING,,,,,,95,"Sarmiento, Novaliches, Quezon City",Fair Condition,"For buffing and carwash. Temporary plate used 
Radio not working",https://drive.google.com/drive/folders/1tgmR5Kni6NglKZLARvVrF-8Rse9knAv3,46183,Chrisjohn Basco,603028.27,10k for radio and cleanign,593028,,https://drive.google.com/drive/folders/13TBo_aj_r6v0IE_C-V2O8HencFlhUgis?usp=drive_link,,,2,46251.66667,46269.27986,540000,540000,540000,,540000,-593028,,,RIDE AGAIN - PARANAQUE WAREHOUSE,,https://drive.google.com/drive/folders/14hY2deVpzVpMb-UzyOdJLycGp_xZ0wwf?usp=drive_link,,,,,,,,https://drive.google.com/drive/folders/1Qc2AmzDu_2Z_yHsqkOSpT8JRJddV6bbK?usp=drive_link,,https://drive.google.com/drive/folders/1Qc2AmzDu_2Z_yHsqkOSpT8JRJddV6bbK?usp=drive_link,Vault - anton just said that he give the dealer 30 days redemption period,Rose Batacan,https://drive.google.com/file/d/1U7F_XMmJYXZEsJACQChXPEeKhJa0ccD9/view?usp=sharing
IF0135,KPA24,K2P AUTO TRADING,KPA24,,Marah Luriely A. Villaruz,Benjo Fontanilla,Michael John Pineda,,Michael John Pineda,,,,,,,,,,,,15-Jun-2026,30,46218,ACTIVE LISTING,,,,,,85,"1800 Riverbanks Avenue, Marikina City",Good Condition,Minor repairs needed - cleaning,https://drive.google.com/drive/u/0/folders/1_lcF9EOxfgCQHALsKlstbUdnjzxH58mU,46190,Chrisjohn Basco,1388868,5k for interior and exterior cleaning,1383868,,https://drive.google.com/drive/folders/1DWEIie5gnRv5FmS-uMUPkfCL4l0rDgeb?usp=drive_link,,,5,46191.22778,46251.15,900000,1250000,1087500,,900000,-1383868,,,RIDE AGAIN - PARANAQUE WAREHOUSE,,https://drive.google.com/drive/folders/1n9TnXCeG6Ca2LeVUXaf8-PiAPaFVoRcN?usp=drive_link,,,,,,,,https://drive.google.com/drive/folders/16beZ_bkKW6YErHCUvh9syxCqZAVk9ub6?usp=drive_link,,https://drive.google.com/drive/folders/16beZ_bkKW6YErHCUvh9syxCqZAVk9ub6?usp=drive_link,Vault,Elvira Ladea
IF0135,KPA27,K2P AUTO TRADING,KPA27,,Marah Luriely A. Villaruz,Benjo Fontanilla,Michael John Pineda,,Michael John Pineda,,,,,,,,,,,,15-Jun-2026,30,46218,ACTIVE LISTING,,,,,,85,"84 Andres A. Bonifacio Avenue, Marikina City",Fair Condition,steering radio button not working,https://drive.google.com/drive/u/0/folders/1Q6hObdmjcUwxva588hAVZSmOBeYASb8G,46190,Chrisjohn Basco,831629.85,10k for interior and exterior cleaning and steering button replacement,821629.85,,https://drive.google.com/drive/folders/1phrQeJadpZEG_bCz7_SFw85vXhMnrQP2?usp=drive_link,,,0,,,,,,,821630,-821629.85,,,RIDE AGAIN - PARANAQUE WAREHOUSE,,https://drive.google.com/drive/folders/1zvpAzvjCTwdKxuwpFGzeDme7YEyVuNk7?usp=drive_link,,,,,,,,https://drive.google.com/drive/folders/1nk_Pk8plaNdkC8364h7Ol3DrSZaWd_bb?usp=drive_link,,https://drive.google.com/drive/folders/1nk_Pk8plaNdkC8364h7Ol3DrSZaWd_bb?usp=drive_link,Vault,Elvira Ladea
IF0102,XKK6,XKK CAR TRADING,XKK6,,Marah Luriely A. Villaruz,Benjo Fontanilla,Michael John Pineda,Constantino and Associates Law Offices,Constantino and Associates Law Offices,,,,,,,,,,,,16-Jun-2026,15,46204,ACTIVE LISTING,,,,,,84,"Dela Paz Street, Antipolo, Rizal",Good Condition,Minor repair needed - seen minor scratches hairline for buffing and steering upholstery,https://drive.google.com/drive/u/0/folders/1T5Mhzg-9iCrHYAO_J3ajHvpWiZSp-Tl-,46190,Chrisjohn Basco,687344.59,5k -10k,677344.59,,https://drive.google.com/drive/folders/1jJjHOo5PQeyBG6AcF71kB0cNnWwUuPnu?usp=drive_link,,,5,46195.33125,46271.08333,490000,700000,623333.3333,,490000,-677344.59,,,RIDE AGAIN - PARANAQUE WAREHOUSE,,https://drive.google.com/drive/folders/1syNLy8wplxpVpBUAFp5H4pcdzrnty8Sw?usp=drive_link,,,,,,,,https://drive.google.com/drive/folders/1YxQtQoAufyjoCWfPMCWCdX-8hnD3aG1S?usp=drive_link,,https://drive.google.com/drive/folders/1YxQtQoAufyjoCWfPMCWCdX-8hnD3aG1S?usp=drive_link,Vault,Rhoyland Alagon,https://drive.google.com/file/d/1micEhnqGI4jYxJYIeM7WK6tmUgBjHvd8/view?usp=sharing,,"Sellable, Good to go"
IF0082,JSC29,JERICO S. CRUZ-JSC AUTO TRADING,JSC29,,Marah Luriely A. Villaruz,Benjo Fontanilla,Michael John Pineda,,Michael John Pineda,,,,,,,,,,,,17-Jun-2026,15,46205,ACTIVE LISTING,,,,,,83,"30 Colossians Street, Marikina City",Fair Condition,"Minor repairs needed - smoke from dip stick, interior seat and steering for repair",https://drive.google.com/drive/u/0/folders/1ZwmlidPa7Xn1UJOZcd6ZwE4_xWfdJkZy,46192,Chrisjohn Basco,"₱1,037,784.12","20k-25k for body repair,seat upholstery,steering
",1012784.12,,https://drive.google.com/drive/folders/1prSFT7UDnqDDnjv2OSm78Ur-6J0IA0iU?usp=drive_link,,,4,46193.03472,46261.08333,650000,900000,775000,,650000,-1012784.12,,,RIDE AGAIN - PARANAQUE WAREHOUSE,,https://drive.google.com/drive/folders/1ea8JTezng73mrAc1poi3_tnzDwpHU_TK?usp=drive_link,,,,,,,,https://drive.google.com/drive/folders/1Oj7mFWX0zSJeHhMoYUOUV-QGAiq5f-23?usp=drive_link,,https://drive.google.com/drive/folders/1Oj7mFWX0zSJeHhMoYUOUV-QGAiq5f-23?usp=drive_link,Vault,Elvira Ladea,https://drive.google.com/file/d/1ZOuC79mryc6Yaer3MeGkgY3fgfOArb6h/view?usp=sharing,,Sellable Need brochure
IF0007,RAMP79,RAMP AUTO TRADING,RAMP79,,Albert Dalupang,Bernard Gombio,Bernard Gombio,,Bernard Gombio,,,,,,,,,,,,19-Jun-2026,0,46192,ACTIVE LISTING,,,,,,81,"16 Dona Pilar Aguirre Rd, Las Pinas ",Fair Condition,"side mirror not working and broken mirror rh side / dismantled cluster 
Minor repair needed - power window and radio need to fixed",https://drive.google.com/drive/u/0/folders/1qmpc0yLy4NZuyxxLiw3Gr-YL_fjq8d3t,46196,Chrisjohn Basco,1397320.29,15k to 20k for power window and radio,1377320.29,,https://drive.google.com/drive/folders/1tB37Sa9hWzEjEsQiV_c9WhZY8rYVkJLa?usp=drive_link,,,1,46265.08333,46265.08333,0,0,,,1377320,-1377320.29,,,RIDE AGAIN - PARANAQUE WAREHOUSE,,https://drive.google.com/drive/folders/1_EADHVjnDkC1f3isJwejJLkognDds689?usp=drive_link,,,,,,,,https://drive.google.com/drive/folders/1KyN0TGpR4kPKhWgoPLbGp5E-qzKovmma?usp=drive_link,,https://drive.google.com/drive/folders/1KyN0TGpR4kPKhWgoPLbGp5E-qzKovmma?usp=drive_link,Vault,Marlon Llamas,https://drive.google.com/file/d/1IeroVMXsGnq0HJj8Yqf301Ovn5XYqq5B/view?usp=drive_link,,"Sellable, Good to go"
IF0007,RAMP80,RAMP AUTO TRADING,RAMP80,,Albert Dalupang,Bernard Gombio,Bernard Gombio,,Bernard Gombio,,,,,,,,,,,,19-Jun-2026,0,46192,ACTIVE LISTING,,,,,,81,"16 Dona Pilar Aguirre Rd, Las Pinas ",Fair Condition,"sign of major collision rear portion of vehicle | collision repair on front portion |repainted front bumper 
Minor repairs needed
",https://drive.google.com/drive/u/0/folders/12O-Eo3BvEhzhC7NLIbCmCuT4gwmihTDw,46196,Chrisjohn Basco,299739,15k - for power window and engine stalling try to refuel,284739,,https://drive.google.com/drive/folders/1kSabk8Ca_UBnU3_aaCvdlfOGxktgRW8D?usp=drive_link,,,3,46221.68819,46269.05,190000,190000,190000,,190000,-284739,,,RIDE AGAIN - PARANAQUE WAREHOUSE,,https://drive.google.com/drive/folders/1m-yA1wEwCn2GZzeZyCWJITT26eDGqAa7?usp=drive_link,,,,,,,,https://drive.google.com/drive/folders/1XZT2Qyh4AFao2CzaT-UDbOlPfN50h-cm?usp=drive_link,,https://drive.google.com/drive/folders/1XZT2Qyh4AFao2CzaT-UDbOlPfN50h-cm?usp=drive_link,Vault,Marlon Llamas,https://drive.google.com/file/d/1Q9zgivondeDsAIxFtjD_DU-V4Gbv_2h0/view?usp=sharing
IF0097,JEM126,JEMM CAR TRADING,JEM126,,Malou Alfonso,Randy Celorico,Anton Belmonte,,Anton Belmonte,,,,,,,,,,,,26-Jun-2026,15,46214,ACTIVE LISTING,,,,,,74,"Sarmiento, Novaliches, Quezon City",Fair Condition,"Unit was moved from Constantino parking to RA Warehouse - re-inspect to check if the unit is the same when moved to another parking lot. 
Last Inspection dated July 6 2026, unit has no battery / minor scratch frh bumper for buffing, minor scratches door rh frt/rear for buffing, dent rrh fender for repair ",https://drive.google.com/file/d/1TK4pdfKNNPLfem_6m0LJyfPtP9ng5bKZ/view?usp=sharing,46216,Chrisjohn Basco,796581.25,5-7k for dent ,789581.25,,https://drive.google.com/drive/folders/11bS9qFuepGzaJFI9FTmqCLcW0kxSGX-f?usp=drive_link,,,1,46271.08333,46271.08333,0,0,,,789581,-789581.25,,,RIDE AGAIN - PARANAQUE WAREHOUSE,,https://drive.google.com/drive/folders/1ziLEjN6J5LGOZy3rgZw_6Yn62xFywQj8?usp=drive_link,,,,,,,,https://drive.google.com/drive/folders/10wbjCQ-jhr1ePSJ4_86F7svRRkQ-7STN?usp=drive_link,,https://drive.google.com/drive/folders/10wbjCQ-jhr1ePSJ4_86F7svRRkQ-7STN?usp=drive_link,Vault,Rose Batacan
IF0097,JEM128,JEMM CAR TRADING,JEM128,,Malou Alfonso,Randy Celorico,Anton Belmonte,,Anton Belmonte,,,,,,,,,,,,29-Jun-2026,15,46217,ACTIVE LISTING,,,,,,71,"Sarmiento, Novaliches, Quezon City",Good Condition,"Unit was moved from Constantino parking to RA Warehouse - re-inspect to check if the unit is the same when moved to another parking lot. 
dent and scratches rlh fender, scratch on frt rh bumper",https://drive.google.com/file/d/15CO9FRuReTkVCriCX15lkoqwwgtd9cbO/view?usp=sharing,46216,Chrisjohn Basco,812580,10000,802580,,https://drive.google.com/drive/folders/1o7BCV3XO-ocE22A2sQiH3XZfjOHgr5me?usp=drive_link,,,11,46249.08333,46269.08333,0,0,,,802580,-802580,,,RIDE AGAIN - PARANAQUE WAREHOUSE,,https://drive.google.com/drive/folders/1z_OKRa74bxN6iSscnIrX16IjsCxD4xtj?usp=drive_link,,,,,,,,https://drive.google.com/drive/folders/1z-YX4_hhSv2qVECB1-hUpGmk3MS3JzUR?usp=drive_link,,https://drive.google.com/drive/folders/1z-YX4_hhSv2qVECB1-hUpGmk3MS3JzUR?usp=drive_link,Vault,Rose Batacan
IF0350,XVT6,XXTREME VEHICLE TRADING,XVT6,,Marah Luriely A. Villaruz,Randy Celorico,Nathaniel Ruelos,Digno Law Firm,Digno Law Firm,,,,,,,,,,,,29-Jun-2026,15,46217,ACTIVE LISTING,,,,,,71,"10 Honesty St., Novaliches, Quezon City",Bad Condition,"Major Repairs needed: internal leak combustion/ transmission assy / Minor repair: sparkplug, air filter, atf fluid/filter
 
",https://drive.google.com/file/d/1AofySMrBU08qXLNhvBI4Jbw7C5H5xYE1/view?usp=sharing,46209,Chrisjohn Basco,308679.07,60K,248679.07,,https://drive.google.com/drive/folders/16pnIJlD4IKfqGleVg-S9ZDOKqACnBGYq?usp=drive_link,,,0,,,,,,,248679,-248679.07,,,CONSTANTINO PARKING,,https://drive.google.com/drive/folders/1O17khQSb737P2l5B7fFIndGowtI-xlDT?usp=drive_link,,,,,,,,https://drive.google.com/drive/folders/1-3b051cypbmxA0E-8AOq9551fquSkOlG?usp=drive_link,,https://drive.google.com/drive/folders/1-3b051cypbmxA0E-8AOq9551fquSkOlG?usp=drive_link,Vault,Elvira Ladea
IF0135,KPA26,K2P AUTO TRADING,KPA26,,Marah Luriely A. Villaruz,Benjo Fontanilla,Michael John Pineda,,Michael John Pineda,,,,,,,,,,,,8-Jul-2026,30,46241,ACTIVE LISTING,,,,,,62,"Constantino Parking - 1 Mapagsangguni, Diliman, Quezon City",Good Condition,"Unit has no issues, fully functional / Recommended for cleaning",https://drive.google.com/file/d/1cDHaFU2-XwnWU8gKb4oThTU87Wn05Mv_/view?usp=sharing,46216,Chrisjohn Basco,1258372.87,5k for cleaning interior and exterior,1253372.87,,https://drive.google.com/drive/folders/1s0VBtV57leqddD3TuRSd8bhIkqzFrieE?usp=drive_link,,,5,46226.23264,46253.08333,1000000,1099997,1049999,,1000000,-1253372.87,,,RIDE AGAIN - PARANAQUE WAREHOUSE,,https://drive.google.com/drive/folders/160pIF8g1dFJpDcFaySFlOcpAAZt4IK7b?usp=drive_link,,,,,,,,https://drive.google.com/drive/folders/1BCopmMg8_PNUGZF77nY610kLxXF5sOoY?usp=drive_link,,https://drive.google.com/drive/folders/1BCopmMg8_PNUGZF77nY610kLxXF5sOoY?usp=drive_link,Vault,Elvira Ladea
IF0143,RCB64,RCB CONSULTANCY SERVICES AND VEHICLE TRADING,RCB64,,Malou Alfonso,Randy Celorico,Anton Belmonte,Digno Law Firm,Digno Law Firm,,,,,,,,,,,,9-Jul-2026,30,46242,ACTIVE LISTING,,,,,,61,"35 Matahimik Street, Diliman, Quezon City ",Good Condition,"No issues, Unit is fully functional",https://drive.google.com/file/d/1WgcRfRjwvE-djPHOGsN2nE7oxWirYoZb/view?usp=sharing,46218,Chrisjohn Basco,717133.29,0,717133.29,,https://drive.google.com/drive/folders/1qpBfhzvxQF747quvBjuDc9ed3BSZHzZg?usp=drive_link,,,2,46238.21736,46251.15,570000,570000,570000,,570000,-717133.29,,,RIDE AGAIN - PARANAQUE WAREHOUSE,,https://drive.google.com/drive/folders/1ktb-ToP2ePnCULS82Pe9ExAwv0exGG6t?usp=drive_link,,,,,,,,https://drive.google.com/drive/folders/1CbxNO8r95ldlzIECrGA9BujUXMWM4h_3?usp=drive_link,,https://drive.google.com/drive/folders/1CbxNO8r95ldlzIECrGA9BujUXMWM4h_3?usp=drive_link,Vault,Myrnalyn Bankingkito
IF0143,RCB70,RCB CONSULTANCY SERVICES AND VEHICLE TRADING,RCB70,,Malou Alfonso,Randy Celorico,Anton Belmonte,Digno Law Firm,Digno Law Firm,,,,,,,,,,,,9-Jul-2026,30,46242,ACTIVE LISTING,,,,,,61,"35 Matahimik Street, Diliman, Quezon City ",Bad Condition,Scratches and dents all over the body subject for repaint and for general pms - Need Major repair,https://drive.google.com/file/d/18agGQ4hZGu1qJKBLbRw51XHZcVnHLRiG/view?usp=sharing,46218,Chrisjohn Basco,318706.02,80000,238706.02,,https://drive.google.com/drive/folders/1-2vn4HOJkwji6V8cKDzUv4P_0tqt2GnN?usp=drive_link,,,0,,,,,,,238706,-238706.02,,,RIDE AGAIN - PARANAQUE WAREHOUSE,,https://drive.google.com/drive/folders/1X5yxe8cPQnkXh_5jpCMcZ-9VGsPHpAiA?usp=drive_link,,,,,,,,https://drive.google.com/drive/folders/1SMHC7VXwOLZYQrix-QV-3R6RHKroGhcY?usp=drive_link,,https://drive.google.com/drive/folders/1SMHC7VXwOLZYQrix-QV-3R6RHKroGhcY?usp=drive_link,Vault,Myrnalyn Bankingkito
IF0308,TTR5,T3 AUTO TRADING,TTR5,,Albert Dalupang,Bernard Gombio,Bernard Gombio,Internal Collections,Bernard Gombio,,,,,,,,,,,,16-Jul-2026,10,46229,ACTIVE LISTING,,,,,,54,"Bacoor Blvd, Bacoor, Cavite",Fair Condition,Minor repair - ad paint on rrh door and front / sign of collision repair front bumper,https://drive.google.com/file/d/17ivXdhrn6c_ZWlhQIPRVRQ46mAerkEh-/view?usp=sharing,46224,Chrisjohn Basco,405842.45,15k for body paint,390842.45,,https://drive.google.com/drive/folders/1zagdipfAmZ_7THcBE0D83y-q7wov44Ny?usp=drive_link,,,3,46264.08333,46268.08333,0,0,,,390842,-390842.45,,,RIDE AGAIN - PARANAQUE WAREHOUSE,,https://drive.google.com/drive/folders/1_Bq-TLuDh6ZQiIoi3OdIx6C2WyHrkU-0?usp=drive_link,,,,,,,,https://drive.google.com/drive/folders/1Al4LfKmPDW0bzGqZQorW9Y34I8VieBlW?usp=drive_link,,https://drive.google.com/drive/folders/1Al4LfKmPDW0bzGqZQorW9Y34I8VieBlW?usp=drive_link,Vault,Zhesa Resurrecion
IF0097,JEM129,JEMM CAR TRADING,JEM129,,Malou Alfonso,Randy Celorico,Anton Belmonte,,Anton Belmonte,,,,,,,,,,,,17-Jul-2026,0,46220,ACTIVE LISTING,,,,,,53,"23 Sarniento, Novaliches, Quezon City",Bad Condition,"Major Repairs needed - With sign of flooding and collision / front bumper sign of accident /
frt lh fender/  sign of collision repair / dent on rh door frt/rear / Seen plate number is paper printed only DBH5085",https://drive.google.com/file/d/1uoueSuyyim1T1Dt2xsCditS6sFflVYz5/view?usp=sharing,46224,Chrisjohn Basco,861597.33,"120k to 200k
",661597.33,,https://drive.google.com/drive/folders/1ikvNPbxN5UeYnQdCLq0CtI5PmOaMMP1M?usp=drive_link,,,2,46248.08333,46253.11528,765000,765000,765000,,765000,-661597.33,,,RIDE AGAIN - PARANAQUE WAREHOUSE,,https://drive.google.com/drive/folders/1zvKblFmHaO4bq09GdPQQHc5RQW8fnUWE?usp=drive_link,,,,,,,,https://drive.google.com/drive/folders/1p0-OO4KgInGZDlirW_IAaJY2ehSEP1vg?usp=drive_link,,https://drive.google.com/drive/folders/1p0-OO4KgInGZDlirW_IAaJY2ehSEP1vg?usp=drive_link,Vault ,Rose Batacan
IF0093,MCV115,MACLOUIE CARS VEHICLE TRADING,MCV115,,Malou Alfonso,Bernard Gombio,Bernard Gombio,,Bernard Gombio,,,,,,,,,,,,22-Jul-2026,0,46225,ACTIVE LISTING,,,,,,48,"23 Sarniento, Novaliches, Quezon City",Fair Condition,for wash over. due to scratches and dents all over the body ,https://drive.google.com/file/d/12ZFwD7FjuGFMr6YsS7BhGzZBQhWySzLc/view?usp=sharing,46233,Chrisjohn Basco,798565.14, 50k to 70k,728565.14,,https://drive.google.com/drive/folders/1TGyMqHx4nQf6omEkNMQ6q6N7lfXcLeTc?usp=drive_link,,,4,46251.08333,46264.08333,0,0,,,728565,-728565.14,,,RIDE AGAIN - PARANAQUE WAREHOUSE,,https://drive.google.com/drive/folders/1PqCQmUIZZJ2_MUydwsfXtcjCeMyvPEPU?usp=drive_link,,,,,,,,https://drive.google.com/drive/folders/169mRj2MUvKyIiIvIBCEpFL7l-utTL2N_?usp=drive_link,,https://drive.google.com/drive/folders/169mRj2MUvKyIiIvIBCEpFL7l-utTL2N_?usp=drive_link,Vault ,Rose Batacan
IF0262,FMB6,FMB CAR TRADING,FMB6,,Malou Alfonso,Randy Celorico,Anton Belmonte,Digno Law Firm,Digno Law Firm,,,,,,,,,,,,15-Aug-2026,0,46249,ACTIVE LISTING,,,,,,24,"Phase 6, Camarin Rd. Barangay 178, Caloocan  City",Bad Condition,"Major Repairs needed: 
need interior restoration
exterior for wash over due to sign of ageing,rusted part and cracked paint
windshield spot cracked
plate number not original 
Battery issue
Seen body discoloration
need to supply batteries for engine and aircon and electrical issues. ",https://drive.google.com/file/d/16XCIqZ0PasAaHWjtaeiLDfY2KkBUNLLn/view?usp=sharing,"Sept 1, 2026",Chrisjohn Basco,349321.57,"150k for restoration and paint
7k for battery
10k for radio
15k for pin cracked windshield
Total of 182K",167321.57,,https://drive.google.com/drive/folders/1sQEQNT0bSUqP7iIQjG4N17NRRAjpthyA?usp=drive_link,,,0,,,,,,,167322,-167321.57,,,CONSTANTINO PARKING,,https://drive.google.com/drive/folders/1yNxl8N_hZEMGOTkMj3YT8aU57m2njC2J?usp=drive_link,,,,,,,,https://drive.google.com/drive/folders/1HNUw_P-K1yodGvI-qpjTE47ZVPR3tZFh?usp=drive_link,,https://drive.google.com/drive/folders/1c2kJZTNWN5gDpUexfk5U6hifCFEVYBx6?usp=drive_link,Vault ,Myrnalyn Bankingkito
IF0410,PRIM1,PRIME CAR TRADING,PRIM1,,Marah Luriely A. Villaruz,Randy Celorico,Nathaniel Ruelos,,Nathaniel Ruelos,,,,,,,,,,,,19-Aug-2026,15,46268,ACTIVE LISTING,,,,,,20,28 Rivera CMPD Brgy. Kaligayahan Novaliches Quezon CIty ,Fair Condition,"for interior and exterior cleaning. Need to replace battery
",https://drive.google.com/file/d/1DVfX8X_Df6_ZwvWQjfwglYl-weQO1uUK/view?usp=sharing,"Sept 1, 2026",Chrisjohn Basco,451823.14,"for battery cost est. 7000
interior and exterior 10k to 15k",429823.14,,https://drive.google.com/drive/folders/1SgEU1ro97BAugR6srK0JILLEv88nAwPl?usp=drive_link,,,0,,,,,,,429823,-429823.14,,,CONSTANTINO PARKING,,https://drive.google.com/drive/folders/1Neu9IeWHOn-YrkElWPOvIap-ppwSE6AD?usp=drive_link,,,,,,,,https://drive.google.com/drive/folders/16D1zcNSWxgte8HP4rZiFoI2hlvQ8IfBz?usp=drive_link,,https://drive.google.com/drive/folders/1XUZvbvSDckQbTdkbw8WjLOHVfY6KY1pr?usp=drive_link,Vault ,Rhoyland Alagon
IF0151,NXG43,NXGEN CAR TRADING,NXG43,,Malou Alfonso,Randy Celorico,Anton Belmonte,,Anton Belmonte,,,,,,,,,,,,25-Aug-2026,0,46259,ACTIVE LISTING,,,,,,14,"23 Sarniento, Novaliches, Quezon City",Fair Condition,"for cleaning and sticker removal (seen sticker marks, need to thoroughly clean)",https://drive.google.com/file/d/1d80koEq6NwzC8iPqZT27hNe83zz4Ogjv/view?usp=sharing,"Sept 1, 2026",Chrisjohn Basco,809066.67,15k for sticker removal and cleaning ,794066.67,,https://drive.google.com/drive/folders/16Aj8YUeRFEKTnlvO-dw-R3XVlXPNofGa?usp=drive_link,,,0,,,,,,,794067,-794066.67,,,CONSTANTINO PARKING,,https://drive.google.com/drive/folders/1HzG-Npu6k1DHUDjBZY5vWCvEmgtLlejJ?usp=drive_link,,,,,,,,https://drive.google.com/drive/folders/1-hBsF8YfgLwVVeW5bLWWHyNPTnz0sZcq?usp=drive_link,,https://drive.google.com/drive/folders/1Bg-_69YCz4PN2lQMf0mnet2IMTNlWSsW?usp=drive_link,Vault ,Rose Batacan
IF0400,GLOC2,GOLDEN LUBE OIL CHANGE SERVICES,GLOC2,,Marah Luriely A. Villaruz,Benjo Fontanilla,Nathaniel Ruelos,,Nathaniel Ruelos,,,,,,,,,,,,27-Aug-2026,0,46261,ACTIVE LISTING,,,,,,12,"Commonwealth Ave., Novaliches, Quezon City",Good Condition,"No issues, fully functional - for cleaning buffing only",https://drive.google.com/file/d/18x8CS-mEsrAFjX8f0CgiG9jqYFaMQdi8/view?usp=sharing,"Sept 1, 2026",Chrisjohn Basco,784843.77,"10k for cleaning buffing
",774843.77,,https://drive.google.com/drive/folders/114Id0EEd72W_vMdcMWLqmZFfS2TX-U1L?usp=drive_link,,,0,,,,,,,774844,-774843.77,,,CONSTANTINO PARKING,,https://drive.google.com/drive/folders/1i_DiYiCVcZaUFXbf0CNXbPNso3o_IAa0?usp=drive_link,,,,,,,,https://drive.google.com/drive/folders/1vpM9jcbIhRLXXFMoCBHysW7VgTIKIdxr?usp=drive_link,,https://drive.google.com/drive/folders/1rvpesJxxoXR2b3XQFAsMsLX6kAG3IWC1?usp=drive_link,Vault ,Elvira Ladea
IF0350,XVT2,XXTREME VEHICLE TRADING,,XVT2,Marah Luriely A. Villaruz,Randy Celorico,Nathaniel Ruelos,Digno Law Firm,Digno Law Firm,2009,FORD ESCAPE 4X2,ZTB724,2009,FORD ESCAPE 4X2,ZTB724,,,,,,7-Sep-2026,0,46272,ACTIVE LISTING,,,,,,1,07 Honesty St. Quezon City ,,,,,,,,,ZTB724,https://drive.google.com/drive/folders/11WgoyZZfLF4cMp7XKoc8HSQ2u_LGRbFv?usp=drive_link,,,0,,,,,,,,0,,,CONSTANTINO PARKING,,https://drive.google.com/drive/folders/1ForLiUKVngnM5JmQv25YC_PdneTVdy8D?usp=drive_link,,,,,,,,https://drive.google.com/drive/folders/1Lm7SThEhreqAl9qOuv3l9fygUzxJQ3wn?usp=drive_link,,https://drive.google.com/drive/folders/1Lm7SThEhreqAl9qOuv3l9fygUzxJQ3wn?usp=drive_link,The Original copy is still with the dealer.,Elvira Ladea
,,,,,,,,,,,,,,,,,,,,,,,,,,,,,,,,,,,,,,,,,,,,,,,,,,,,0
,,,,,,,,,,,,,,,,,,,,,,,,,,,,,,,,,,,,,,,,,,,,,,,,,,,,0
,,,,,,,,,,,,,,,,,,,,,,,,,,,,,,,,,,,,,,,,,,,,,,,,,,,,0
,,,,,,,,,,,,,,,,,,,,,,,,,,,,,,,,,,,,,,,,,,,,,,,,,,,,0
,,,,,,,,,,,,,,,,,,,,,,,,,,,,,,,,,,,,,,,,,,,,,,,,,,,,0
,,,,,,,,,,,,,,,,,,,,,,,,,,,,,,,,,,,,,,,,,,,,,,,,,,,,0
,,,,,,,,,,,,,,,,,,,,,,,,,,,,,,,,,,,,,,,,,,,,,,,,,,,,0
,,,,,,,,,,,,,,,,,,,,,,,,,,,,,,,,,,,,,,,,,,,,,,,,,,,,0
,,,,,,,,,,,,,,,,,,,,,,,,,,,,,,,,,,,,,,,,,,,,,,,,,,,,0
,,,,,,,,,,,,,,,,,,,,,,,,,,,,,,,,,,,,,,,,,,,,,,,,,,,,0
,,,,,,,,,,,,,,,,,,,,,,,,,,,,,,,,,,,,,,,,,,,,,,,,,,,,0
,,,,,,,,,,,,,,,,,,,,,,,,,,,,,,,,,,,,,,,,,,,,,,,,,,,,0
,,,,,,,,,,,,,,,,,,,,,,,,,,,,,,,,,,,,,,,,,,,,,,,,,,,,0
,,,,,,,,,,,,,,,,,,,,,,,,,,,,,,,,,,,,,,,,,,,,,,,,,,,,0
,,,,,,,,,,,,,,,,,,,,,,,,,,,,,,,,,,,,,,,,,,,,,,,,,,,,0
,,,,,,,,,,,,,,,,,,,,,,,,,,,,,,,,,,,,,,,,,,,,,,,,,,,,0
,,,,,,,,,,,,,,,,,,,,,,,,,,,,,,,,,,,,,,,,,,,,,,,,,,,,0
,,,,,,,,,,,,,,,,,,,,,,,,,,,,,,,,,,,,,,,,,,,,,,,,,,,,0
,,,,,,,,,,,,,,,,,,,,,,,,,,,,,,,,,,,,,,,,,,,,,,,,,,,,0
,,,,,,,,,,,,,,,,,,,,,,,,,,,,,,,,,,,,,,,,,,,,,,,,,,,,0
,,,,,,,,,,,,,,,,,,,,,,,,,,,,,,,,,,,,,,,,,,,,,,,,,,,,0
,,,,,,,,,,,,,,,,,,,,,,,,,,,,,,,,,,,,,,,,,,,,,,,,,,,,0
,,,,,,,,,,,,,,,,,,,,,,,,,,,,,,,,,,,,,,,,,,,,,,,,,,,,0
,,,,,,,,,,,,,,,,,,,,,,,,,,,,,,,,,,,,,,,,,,,,,,,,,,,,0
,,,,,,,,,,,,,,,,,,,,,,,,,,,,,,,,,,,,,,,,,,,,,,,,,,,,0
,,,,,,,,,,,,,,,,,,,,,,,,,,,,,,,,,,,,,,,,,,,,,,,,,,,,0
,,,,,,,,,,,,,,,,,,,,,,,,,,,,,,,,,,,,,,,,,,,,,,,,,,,,0
,,,,,,,,,,,,,,,,,,,,,,,,,,,,,,,,,,,,,,,,,,,,,,,,,,,,0
,,,,,,,,,,,,,,,,,,,,,,,,,,,,,,,,,,,,,,,,,,,,,,,,,,,,0
,,,,,,,,,,,,,,,,,,,,,,,,,,,,,,,,,,,,,,,,,,,,,,,,,,,,0
,,,,,,,,,,,,,,,,,,,,,,,,,,,,,,,,,,,,,,,,,,,,,,,,,,,,0
,,,,,,,,,,,,,,,,,,,,,,,,,,,,,,,,,,,,,,,,,,,,,,,,,,,,0
,,,,,,,,,,,,,,,,,,,,,,,,,,,,,,,,,,,,,,,,,,,,,,,,,,,,0
,,,,,,,,,,,,,,,,,,,,,,,,,,,,,,,,,,,,,,,,,,,,,,,,,,,,0
,,,,,,,,,,,,,,,,,,,,,,,,,,,,,,,,,,,,,,,,,,,,,,,,,,,,0
,,,,,,,,,,,,,,,,,,,,,,,,,,,,,,,,,,,,,,,,,,,,,,,,,,,,0
,,,,,,,,,,,,,,,,,,,,,,,,,,,,,,,,,,,,,,,,,,,,,,,,,,,,0
,,,,,,,,,,,,,,,,,,,,,,,,,,,,,,,,,,,,,,,,,,,,,,,,,,,,0
,,,,,,,,,,,,,,,,,,,,,,,,,,,,,,,,,,,,,,,,,,,,,,,,,,,,0
,,,,,,,,,,,,,,,,,,,,,,,,,,,,,,,,,,,,,,,,,,,,,,,,,,,,0
,,,,,,,,,,,,,,,,,,,,,,,,,,,,,,,,,,,,,,,,,,,,,,,,,,,,0
,,,,,,,,,,,,,,,,,,,,,,,,,,,,,,,,,,,,,,,,,,,,,,,,,,,,0
,,,,,,,,,,,,,,,,,,,,,,,,,,,,,,,,,,,,,,,,,,,,,,,,,,,,0
,,,,,,,,,,,,,,,,,,,,,,,,,,,,,,,,,,,,,,,,,,,,,,,,,,,,0
,,,,,,,,,,,,,,,,,,,,,,,,,,,,,,,,,,,,,,,,,,,,,,,,,,,,0
,,,,,,,,,,,,,,,,,,,,,,,,,,,,,,,,,,,,,,,,,,,,,,,,,,,,0
,,,,,,,,,,,,,,,,,,,,,,,,,,,,,,,,,,,,,,,,,,,,,,,,,,,,0
,,,,,,,,,,,,,,,,,,,,,,,,,,,,,,,,,,,,,,,,,,,,,,,,,,,,0
,,,,,,,,,,,,,,,,,,,,,,,,,,,,,,,,,,,,,,,,,,,,,,,,,,,,0
,,,,,,,,,,,,,,,,,,,,,,,,,,,,,,,,,,,,,,,,,,,,,,,,,,,,0
,,,,,,,,,,,,,,,,,,,,,,,,,,,,,,,,,,,,,,,,,,,,,,,,,,,,0
,,,,,,,,,,,,,,,,,,,,,,,,,,,,,,,,,,,,,,,,,,,,,,,,,,,,0
,,,,,,,,,,,,,,,,,,,,,,,,,,,,,,,,,,,,,,,,,,,,,,,,,,,,0
,,,,,,,,,,,,,,,,,,,,,,,,,,,,,,,,,,,,,,,,,,,,,,,,,,,,0
,,,,,,,,,,,,,,,,,,,,,,,,,,,,,,,,,,,,,,,,,,,,,,,,,,,,0
,,,,,,,,,,,,,,,,,,,,,,,,,,,,,,,,,,,,,,,,,,,,,,,,,,,,0
,,,,,,,,,,,,,,,,,,,,,,,,,,,,,,,,,,,,,,,,,,,,,,,,,,,,0
,,,,,,,,,,,,,,,,,,,,,,,,,,,,,,,,,,,,,,,,,,,,,,,,,,,,0
,,,,,,,,,,,,,,,,,,,,,,,,,,,,,,,,,,,,,,,,,,,,,,,,,,,,0
,,,,,,,,,,,,,,,,,,,,,,,,,,,,,,,,,,,,,,,,,,,,,,,,,,,,0
,,,,,,,,,,,,,,,,,,,,,,,,,,,,,,,,,,,,,,,,,,,,,,,,,,,,0
,,,,,,,,,,,,,,,,,,,,,,,,,,,,,,,,,,,,,,,,,,,,,,,,,,,,0
,,,,,,,,,,,,,,,,,,,,,,,,,,,,,,,,,,,,,,,,,,,,,,,,,,,,0
,,,,,,,,,,,,,,,,,,,,,,,,,,,,,,,,,,,,,,,,,,,,,,,,,,,,0
,,,,,,,,,,,,,,,,,,,,,,,,,,,,,,,,,,,,,,,,,,,,,,,,,,,,0
,,,,,,,,,,,,,,,,,,,,,,,,,,,,,,,,,,,,,,,,,,,,,,,,,,,,0
,,,,,,,,,,,,,,,,,,,,,,,,,,,,,,,,,,,,,,,,,,,,,,,,,,,,0
,,,,,,,,,,,,,,,,,,,,,,,,,,,,,,,,,,,,,,,,,,,,,,,,,,,,0
,,,,,,,,,,,,,,,,,,,,,,,,,,,,,,,,,,,,,,,,,,,,,,,,,,,,0
,,,,,,,,,,,,,,,,,,,,,,,,,,,,,,,,,,,,,,,,,,,,,,,,,,,,0
,,,,,,,,,,,,,,,,,,,,,,,,,,,,,,,,,,,,,,,,,,,,,,,,,,,,0
,,,,,,,,,,,,,,,,,,,,,,,,,,,,,,,,,,,,,,,,,,,,,,,,,,,,0
,,,,,,,,,,,,,,,,,,,,,,,,,,,,,,,,,,,,,,,,,,,,,,,,,,,,0
,,,,,,,,,,,,,,,,,,,,,,,,,,,,,,,,,,,,,,,,,,,,,,,,,,,,0
,,,,,,,,,,,,,,,,,,,,,,,,,,,,,,,,,,,,,,,,,,,,,,,,,,,,0
,,,,,,,,,,,,,,,,,,,,,,,,,,,,,,,,,,,,,,,,,,,,,,,,,,,,0
,,,,,,,,,,,,,,,,,,,,,,,,,,,,,,,,,,,,,,,,,,,,,,,,,,,,0
,,,,,,,,,,,,,,,,,,,,,,,,,,,,,,,,,,,,,,,,,,,,,,,,,,,,0
,,,,,,,,,,,,,,,,,,,,,,,,,,,,,,,,,,,,,,,,,,,,,,,,,,,,0
,,,,,,,,,,,,,,,,,,,,,,,,,,,,,,,,,,,,,,,,,,,,,,,,,,,,0
,,,,,,,,,,,,,,,,,,,,,,,,,,,,,,,,,,,,,,,,,,,,,,,,,,,,0
,,,,,,,,,,,,,,,,,,,,,,,,,,,,,,,,,,,,,,,,,,,,,,,,,,,,0
,,,,,,,,,,,,,,,,,,,,,,,,,,,,,,,,,,,,,,,,,,,,,,,,,,,,0
,,,,,,,,,,,,,,,,,,,,,,,,,,,,,,,,,,,,,,,,,,,,,,,,,,,,0
,,,,,,,,,,,,,,,,,,,,,,,,,,,,,,,,,,,,,,,,,,,,,,,,,,,,0
,,,,,,,,,,,,,,,,,,,,,,,,,,,,,,,,,,,,,,,,,,,,,,,,,,,,0
,,,,,,,,,,,,,,,,,,,,,,,,,,,,,,,,,,,,,,,,,,,,,,,,,,,,0
,,,,,,,,,,,,,,,,,,,,,,,,,,,,,,,,,,,,,,,,,,,,,,,,,,,,0
,,,,,,,,,,,,,,,,,,,,,,,,,,,,,,,,,,,,,,,,,,,,,,,,,,,,0
,,,,,,,,,,,,,,,,,,,,,,,,,,,,,,,,,,,,,,,,,,,,,,,,,,,,0
,,,,,,,,,,,,,,,,,,,,,,,,,,,,,,,,,,,,,,,,,,,,,,,,,,,,0
,,,,,,,,,,,,,,,,,,,,,,,,,,,,,,,,,,,,,,,,,,,,,,,,,,,,0
,,,,,,,,,,,,,,,,,,,,,,,,,,,,,,,,,,,,,,,,,,,,,,,,,,,,0
,,,,,,,,,,,,,,,,,,,,,,,,,,,,,,,,,,,,,,,,,,,,,,,,,,,,0
,,,,,,,,,,,,,,,,,,,,,,,,,,,,,,,,,,,,,,,,,,,,,,,,,,,,0
,,,,,,,,,,,,,,,,,,,,,,,,,,,,,,,,,,,,,,,,,,,,,,,,,,,,0
,,,,,,,,,,,,,,,,,,,,,,,,,,,,,,,,,,,,,,,,,,,,,,,,,,,,0
,,,,,,,,,,,,,,,,,,,,,,,,,,,,,,,,,,,,,,,,,,,,,,,,,,,,0
,,,,,,,,,,,,,,,,,,,,,,,,,,,,,,,,,,,,,,,,,,,,,,,,,,,,0
,,,,,,,,,,,,,,,,,,,,,,,,,,,,,,,,,,,,,,,,,,,,,,,,,,,,0
,,,,,,,,,,,,,,,,,,,,,,,,,,,,,,,,,,,,,,,,,,,,,,,,,,,,0
,,,,,,,,,,,,,,,,,,,,,,,,,,,,,,,,,,,,,,,,,,,,,,,,,,,,0
,,,,,,,,,,,,,,,,,,,,,,,,,,,,,,,,,,,,,,,,,,,,,,,,,,,,0
,,,,,,,,,,,,,,,,,,,,,,,,,,,,,,,,,,,,,,,,,,,,,,,,,,,,0
,,,,,,,,,,,,,,,,,,,,,,,,,,,,,,,,,,,,,,,,,,,,,,,,,,,,0
,,,,,,,,,,,,,,,,,,,,,,,,,,,,,,,,,,,,,,,,,,,,,,,,,,,,0
,,,,,,,,,,,,,,,,,,,,,,,,,,,,,,,,,,,,,,,,,,,,,,,,,,,,0
,,,,,,,,,,,,,,,,,,,,,,,,,,,,,,,,,,,,,,,,,,,,,,,,,,,,0
,,,,,,,,,,,,,,,,,,,,,,,,,,,,,,,,,,,,,,,,,,,,,,,,,,,,0
,,,,,,,,,,,,,,,,,,,,,,,,,,,,,,,,,,,,,,,,,,,,,,,,,,,,0
,,,,,,,,,,,,,,,,,,,,,,,,,,,,,,,,,,,,,,,,,,,,,,,,,,,,0
,,,,,,,,,,,,,,,,,,,,,,,,,,,,,,,,,,,,,,,,,,,,,,,,,,,,0
,,,,,,,,,,,,,,,,,,,,,,,,,,,,,,,,,,,,,,,,,,,,,,,,,,,,0
,,,,,,,,,,,,,,,,,,,,,,,,,,,,,,,,,,,,,,,,,,,,,,,,,,,,0
,,,,,,,,,,,,,,,,,,,,,,,,,,,,,,,,,,,,,,,,,,,,,,,,,,,,0
,,,,,,,,,,,,,,,,,,,,,,,,,,,,,,,,,,,,,,,,,,,,,,,,,,,,0
,,,,,,,,,,,,,,,,,,,,,,,,,,,,,,,,,,,,,,,,,,,,,,,,,,,,0
,,,,,,,,,,,,,,,,,,,,,,,,,,,,,,,,,,,,,,,,,,,,,,,,,,,,0
,,,,,,,,,,,,,,,,,,,,,,,,,,,,,,,,,,,,,,,,,,,,,,,,,,,,0
,,,,,,,,,,,,,,,,,,,,,,,,,,,,,,,,,,,,,,,,,,,,,,,,,,,,0
,,,,,,,,,,,,,,,,,,,,,,,,,,,,,,,,,,,,,,,,,,,,,,,,,,,,0
,,,,,,,,,,,,,,,,,,,,,,,,,,,,,,,,,,,,,,,,,,,,,,,,,,,,0
,,,,,,,,,,,,,,,,,,,,,,,,,,,,,,,,,,,,,,,,,,,,,,,,,,,,0
,,,,,,,,,,,,,,,,,,,,,,,,,,,,,,,,,,,,,,,,,,,,,,,,,,,,0
,,,,,,,,,,,,,,,,,,,,,,,,,,,,,,,,,,,,,,,,,,,,,,,,,,,,0
,,,,,,,,,,,,,,,,,,,,,,,,,,,,,,,,,,,,,,,,,,,,,,,,,,,,0
,,,,,,,,,,,,,,,,,,,,,,,,,,,,,,,,,,,,,,,,,,,,,,,,,,,,0
,,,,,,,,,,,,,,,,,,,,,,,,,,,,,,,,,,,,,,,,,,,,,,,,,,,,0
,,,,,,,,,,,,,,,,,,,,,,,,,,,,,,,,,,,,,,,,,,,,,,,,,,,,0
,,,,,,,,,,,,,,,,,,,,,,,,,,,,,,,,,,,,,,,,,,,,,,,,,,,,0
,,,,,,,,,,,,,,,,,,,,,,,,,,,,,,,,,,,,,,,,,,,,,,,,,,,,0
,,,,,,,,,,,,,,,,,,,,,,,,,,,,,,,,,,,,,,,,,,,,,,,,,,,,0
,,,,,,,,,,,,,,,,,,,,,,,,,,,,,,,,,,,,,,,,,,,,,,,,,,,,0
,,,,,,,,,,,,,,,,,,,,,,,,,,,,,,,,,,,,,,,,,,,,,,,,,,,,0
,,,,,,,,,,,,,,,,,,,,,,,,,,,,,,,,,,,,,,,,,,,,,,,,,,,,0
,,,,,,,,,,,,,,,,,,,,,,,,,,,,,,,,,,,,,,,,,,,,,,,,,,,,0
,,,,,,,,,,,,,,,,,,,,,,,,,,,,,,,,,,,,,,,,,,,,,,,,,,,,0
,,,,,,,,,,,,,,,,,,,,,,,,,,,,,,,,,,,,,,,,,,,,,,,,,,,,0
,,,,,,,,,,,,,,,,,,,,,,,,,,,,,,,,,,,,,,,,,,,,,,,,,,,,0
,,,,,,,,,,,,,,,,,,,,,,,,,,,,,,,,,,,,,,,,,,,,,,,,,,,,0
,,,,,,,,,,,,,,,,,,,,,,,,,,,,,,,,,,,,,,,,,,,,,,,,,,,,0
,,,,,,,,,,,,,,,,,,,,,,,,,,,,,,,,,,,,,,,,,,,,,,,,,,,,0
,,,,,,,,,,,,,,,,,,,,,,,,,,,,,,,,,,,,,,,,,,,,,,,,,,,,0
,,,,,,,,,,,,,,,,,,,,,,,,,,,,,,,,,,,,,,,,,,,,,,,,,,,,0
,,,,,,,,,,,,,,,,,,,,,,,,,,,,,,,,,,,,,,,,,,,,,,,,,,,,0
,,,,,,,,,,,,,,,,,,,,,,,,,,,,,,,,,,,,,,,,,,,,,,,,,,,,0
,,,,,,,,,,,,,,,,,,,,,,,,,,,,,,,,,,,,,,,,,,,,,,,,,,,,0
,,,,,,,,,,,,,,,,,,,,,,,,,,,,,,,,,,,,,,,,,,,,,,,,,,,,0
,,,,,,,,,,,,,,,,,,,,,,,,,,,,,,,,,,,,,,,,,,,,,,,,,,,,0
,,,,,,,,,,,,,,,,,,,,,,,,,,,,,,,,,,,,,,,,,,,,,,,,,,,,0
,,,,,,,,,,,,,,,,,,,,,,,,,,,,,,,,,,,,,,,,,,,,,,,,,,,,0
,,,,,,,,,,,,,,,,,,,,,,,,,,,,,,,,,,,,,,,,,,,,,,,,,,,,0
,,,,,,,,,,,,,,,,,,,,,,,,,,,,,,,,,,,,,,,,,,,,,,,,,,,,0
,,,,,,,,,,,,,,,,,,,,,,,,,,,,,,,,,,,,,,,,,,,,,,,,,,,,0
,,,,,,,,,,,,,,,,,,,,,,,,,,,,,,,,,,,,,,,,,,,,,,,,,,,,0
,,,,,,,,,,,,,,,,,,,,,,,,,,,,,,,,,,,,,,,,,,,,,,,,,,,,0
,,,,,,,,,,,,,,,,,,,,,,,,,,,,,,,,,,,,,,,,,,,,,,,,,,,,0
,,,,,,,,,,,,,,,,,,,,,,,,,,,,,,,,,,,,,,,,,,,,,,,,,,,,0
,,,,,,,,,,,,,,,,,,,,,,,,,,,,,,,,,,,,,,,,,,,,,,,,,,,,0
,,,,,,,,,,,,,,,,,,,,,,,,,,,,,,,,,,,,,,,,,,,,,,,,,,,,0
,,,,,,,,,,,,,,,,,,,,,,,,,,,,,,,,,,,,,,,,,,,,,,,,,,,,0
,,,,,,,,,,,,,,,,,,,,,,,,,,,,,,,,,,,,,,,,,,,,,,,,,,,,0
,,,,,,,,,,,,,,,,,,,,,,,,,,,,,,,,,,,,,,,,,,,,,,,,,,,,0
,,,,,,,,,,,,,,,,,,,,,,,,,,,,,,,,,,,,,,,,,,,,,,,,,,,,0
,,,,,,,,,,,,,,,,,,,,,,,,,,,,,,,,,,,,,,,,,,,,,,,,,,,,0
,,,,,,,,,,,,,,,,,,,,,,,,,,,,,,,,,,,,,,,,,,,,,,,,,,,,0
,,,,,,,,,,,,,,,,,,,,,,,,,,,,,,,,,,,,,,,,,,,,,,,,,,,,0
,,,,,,,,,,,,,,,,,,,,,,,,,,,,,,,,,,,,,,,,,,,,,,,,,,,,0
,,,,,,,,,,,,,,,,,,,,,,,,,,,,,,,,,,,,,,,,,,,,,,,,,,,,0
,,,,,,,,,,,,,,,,,,,,,,,,,,,,,,,,,,,,,,,,,,,,,,,,,,,,0
,,,,,,,,,,,,,,,,,,,,,,,,,,,,,,,,,,,,,,,,,,,,,,,,,,,,0
,,,,,,,,,,,,,,,,,,,,,,,,,,,,,,,,,,,,,,,,,,,,,,,,,,,,0
,,,,,,,,,,,,,,,,,,,,,,,,,,,,,,,,,,,,,,,,,,,,,,,,,,,,0
,,,,,,,,,,,,,,,,,,,,,,,,,,,,,,,,,,,,,,,,,,,,,,,,,,,,0
,,,,,,,,,,,,,,,,,,,,,,,,,,,,,,,,,,,,,,,,,,,,,,,,,,,,0
,,,,,,,,,,,,,,,,,,,,,,,,,,,,,,,,,,,,,,,,,,,,,,,,,,,,0
,,,,,,,,,,,,,,,,,,,,,,,,,,,,,,,,,,,,,,,,,,,,,,,,,,,,0
,,,,,,,,,,,,,,,,,,,,,,,,,,,,,,,,,,,,,,,,,,,,,,,,,,,,0
,,,,,,,,,,,,,,,,,,,,,,,,,,,,,,,,,,,,,,,,,,,,,,,,,,,,0
,,,,,,,,,,,,,,,,,,,,,,,,,,,,,,,,,,,,,,,,,,,,,,,,,,,,0
,,,,,,,,,,,,,,,,,,,,,,,,,,,,,,,,,,,,,,,,,,,,,,,,,,,,0
,,,,,,,,,,,,,,,,,,,,,,,,,,,,,,,,,,,,,,,,,,,,,,,,,,,,0
,,,,,,,,,,,,,,,,,,,,,,,,,,,,,,,,,,,,,,,,,,,,,,,,,,,,0
,,,,,,,,,,,,,,,,,,,,,,,,,,,,,,,,,,,,,,,,,,,,,,,,,,,,0
,,,,,,,,,,,,,,,,,,,,,,,,,,,,,,,,,,,,,,,,,,,,,,,,,,,,0
,,,,,,,,,,,,,,,,,,,,,,,,,,,,,,,,,,,,,,,,,,,,,,,,,,,,0
,,,,,,,,,,,,,,,,,,,,,,,,,,,,,,,,,,,,,,,,,,,,,,,,,,,,0
,,,,,,,,,,,,,,,,,,,,,,,,,,,,,,,,,,,,,,,,,,,,,,,,,,,,0
,,,,,,,,,,,,,,,,,,,,,,,,,,,,,,,,,,,,,,,,,,,,,,,,,,,,0
,,,,,,,,,,,,,,,,,,,,,,,,,,,,,,,,,,,,,,,,,,,,,,,,,,,,0
,,,,,,,,,,,,,,,,,,,,,,,,,,,,,,,,,,,,,,,,,,,,,,,,,,,,0
,,,,,,,,,,,,,,,,,,,,,,,,,,,,,,,,,,,,,,,,,,,,,,,,,,,,0
,,,,,,,,,,,,,,,,,,,,,,,,,,,,,,,,,,,,,,,,,,,,,,,,,,,,0
,,,,,,,,,,,,,,,,,,,,,,,,,,,,,,,,,,,,,,,,,,,,,,,,,,,,0
,,,,,,,,,,,,,,,,,,,,,,,,,,,,,,,,,,,,,,,,,,,,,,,,,,,,0
,,,,,,,,,,,,,,,,,,,,,,,,,,,,,,,,,,,,,,,,,,,,,,,,,,,,0
,,,,,,,,,,,,,,,,,,,,,,,,,,,,,,,,,,,,,,,,,,,,,,,,,,,,0
,,,,,,,,,,,,,,,,,,,,,,,,,,,,,,,,,,,,,,,,,,,,,,,,,,,,0
,,,,,,,,,,,,,,,,,,,,,,,,,,,,,,,,,,,,,,,,,,,,,,,,,,,,0
,,,,,,,,,,,,,,,,,,,,,,,,,,,,,,,,,,,,,,,,,,,,,,,,,,,,0
,,,,,,,,,,,,,,,,,,,,,,,,,,,,,,,,,,,,,,,,,,,,,,,,,,,,0
,,,,,,,,,,,,,,,,,,,,,,,,,,,,,,,,,,,,,,,,,,,,,,,,,,,,0
,,,,,,,,,,,,,,,,,,,,,,,,,,,,,,,,,,,,,,,,,,,,,,,,,,,,0
,,,,,,,,,,,,,,,,,,,,,,,,,,,,,,,,,,,,,,,,,,,,,,,,,,,,0
,,,,,,,,,,,,,,,,,,,,,,,,,,,,,,,,,,,,,,,,,,,,,,,,,,,,0
,,,,,,,,,,,,,,,,,,,,,,,,,,,,,,,,,,,,,,,,,,,,,,,,,,,,0
,,,,,,,,,,,,,,,,,,,,,,,,,,,,,,,,,,,,,,,,,,,,,,,,,,,,0
,,,,,,,,,,,,,,,,,,,,,,,,,,,,,,,,,,,,,,,,,,,,,,,,,,,,0
,,,,,,,,,,,,,,,,,,,,,,,,,,,,,,,,,,,,,,,,,,,,,,,,,,,,0
,,,,,,,,,,,,,,,,,,,,,,,,,,,,,,,,,,,,,,,,,,,,,,,,,,,,0
,,,,,,,,,,,,,,,,,,,,,,,,,,,,,,,,,,,,,,,,,,,,,,,,,,,,0
,,,,,,,,,,,,,,,,,,,,,,,,,,,,,,,,,,,,,,,,,,,,,,,,,,,,0
,,,,,,,,,,,,,,,,,,,,,,,,,,,,,,,,,,,,,,,,,,,,,,,,,,,,0
,,,,,,,,,,,,,,,,,,,,,,,,,,,,,,,,,,,,,,,,,,,,,,,,,,,,0
,,,,,,,,,,,,,,,,,,,,,,,,,,,,,,,,,,,,,,,,,,,,,,,,,,,,0
,,,,,,,,,,,,,,,,,,,,,,,,,,,,,,,,,,,,,,,,,,,,,,,,,,,,0
,,,,,,,,,,,,,,,,,,,,,,,,,,,,,,,,,,,,,,,,,,,,,,,,,,,,0
,,,,,,,,,,,,,,,,,,,,,,,,,,,,,,,,,,,,,,,,,,,,,,,,,,,,0
,,,,,,,,,,,,,,,,,,,,,,,,,,,,,,,,,,,,,,,,,,,,,,,,,,,,0
,,,,,,,,,,,,,,,,,,,,,,,,,,,,,,,,,,,,,,,,,,,,,,,,,,,,0
,,,,,,,,,,,,,,,,,,,,,,,,,,,,,,,,,,,,,,,,,,,,,,,,,,,,0
,,,,,,,,,,,,,,,,,,,,,,,,,,,,,,,,,,,,,,,,,,,,,,,,,,,,0
,,,,,,,,,,,,,,,,,,,,,,,,,,,,,,,,,,,,,,,,,,,,,,,,,,,,0
,,,,,,,,,,,,,,,,,,,,,,,,,,,,,,,,,,,,,,,,,,,,,,,,,,,,0
,,,,,,,,,,,,,,,,,,,,,,,,,,,,,,,,,,,,,,,,,,,,,,,,,,,,0
,,,,,,,,,,,,,,,,,,,,,,,,,,,,,,,,,,,,,,,,,,,,,,,,,,,,0
,,,,,,,,,,,,,,,,,,,,,,,,,,,,,,,,,,,,,,,,,,,,,,,,,,,,0
,,,,,,,,,,,,,,,,,,,,,,,,,,,,,,,,,,,,,,,,,,,,,,,,,,,,0
,,,,,,,,,,,,,,,,,,,,,,,,,,,,,,,,,,,,,,,,,,,,,,,,,,,,0
,,,,,,,,,,,,,,,,,,,,,,,,,,,,,,,,,,,,,,,,,,,,,,,,,,,,0
,,,,,,,,,,,,,,,,,,,,,,,,,,,,,,,,,,,,,,,,,,,,,,,,,,,,0
,,,,,,,,,,,,,,,,,,,,,,,,,,,,,,,,,,,,,,,,,,,,,,,,,,,,0
,,,,,,,,,,,,,,,,,,,,,,,,,,,,,,,,,,,,,,,,,,,,,,,,,,,,0
,,,,,,,,,,,,,,,,,,,,,,,,,,,,,,,,,,,,,,,,,,,,,,,,,,,,0
,,,,,,,,,,,,,,,,,,,,,,,,,,,,,,,,,,,,,,,,,,,,,,,,,,,,0
,,,,,,,,,,,,,,,,,,,,,,,,,,,,,,,,,,,,,,,,,,,,,,,,,,,,0
,,,,,,,,,,,,,,,,,,,,,,,,,,,,,,,,,,,,,,,,,,,,,,,,,,,,0
,,,,,,,,,,,,,,,,,,,,,,,,,,,,,,,,,,,,,,,,,,,,,,,,,,,,0
,,,,,,,,,,,,,,,,,,,,,,,,,,,,,,,,,,,,,,,,,,,,,,,,,,,,0
,,,,,,,,,,,,,,,,,,,,,,,,,,,,,,,,,,,,,,,,,,,,,,,,,,,,0
,,,,,,,,,,,,,,,,,,,,,,,,,,,,,,,,,,,,,,,,,,,,,,,,,,,,0
,,,,,,,,,,,,,,,,,,,,,,,,,,,,,,,,,,,,,,,,,,,,,,,,,,,,0
,,,,,,,,,,,,,,,,,,,,,,,,,,,,,,,,,,,,,,,,,,,,,,,,,,,,0
,,,,,,,,,,,,,,,,,,,,,,,,,,,,,,,,,,,,,,,,,,,,,,,,,,,,0
,,,,,,,,,,,,,,,,,,,,,,,,,,,,,,,,,,,,,,,,,,,,,,,,,,,,0
,,,,,,,,,,,,,,,,,,,,,,,,,,,,,,,,,,,,,,,,,,,,,,,,,,,,0
,,,,,,,,,,,,,,,,,,,,,,,,,,,,,,,,,,,,,,,,,,,,,,,,,,,,0
,,,,,,,,,,,,,,,,,,,,,,,,,,,,,,,,,,,,,,,,,,,,,,,,,,,,0
,,,,,,,,,,,,,,,,,,,,,,,,,,,,,,,,,,,,,,,,,,,,,,,,,,,,0
,,,,,,,,,,,,,,,,,,,,,,,,,,,,,,,,,,,,,,,,,,,,,,,,,,,,0
,,,,,,,,,,,,,,,,,,,,,,,,,,,,,,,,,,,,,,,,,,,,,,,,,,,,0
,,,,,,,,,,,,,,,,,,,,,,,,,,,,,,,,,,,,,,,,,,,,,,,,,,,,0
,,,,,,,,,,,,,,,,,,,,,,,,,,,,,,,,,,,,,,,,,,,,,,,,,,,,0
,,,,,,,,,,,,,,,,,,,,,,,,,,,,,,,,,,,,,,,,,,,,,,,,,,,,0
,,,,,,,,,,,,,,,,,,,,,,,,,,,,,,,,,,,,,,,,,,,,,,,,,,,,0
,,,,,,,,,,,,,,,,,,,,,,,,,,,,,,,,,,,,,,,,,,,,,,,,,,,,0
,,,,,,,,,,,,,,,,,,,,,,,,,,,,,,,,,,,,,,,,,,,,,,,,,,,,0
,,,,,,,,,,,,,,,,,,,,,,,,,,,,,,,,,,,,,,,,,,,,,,,,,,,,0
,,,,,,,,,,,,,,,,,,,,,,,,,,,,,,,,,,,,,,,,,,,,,,,,,,,,0
,,,,,,,,,,,,,,,,,,,,,,,,,,,,,,,,,,,,,,,,,,,,,,,,,,,,0
,,,,,,,,,,,,,,,,,,,,,,,,,,,,,,,,,,,,,,,,,,,,,,,,,,,,0
,,,,,,,,,,,,,,,,,,,,,,,,,,,,,,,,,,,,,,,,,,,,,,,,,,,,0
,,,,,,,,,,,,,,,,,,,,,,,,,,,,,,,,,,,,,,,,,,,,,,,,,,,,0
,,,,,,,,,,,,,,,,,,,,,,,,,,,,,,,,,,,,,,,,,,,,,,,,,,,,0
,,,,,,,,,,,,,,,,,,,,,,,,,,,,,,,,,,,,,,,,,,,,,,,,,,,,0
,,,,,,,,,,,,,,,,,,,,,,,,,,,,,,,,,,,,,,,,,,,,,,,,,,,,0
,,,,,,,,,,,,,,,,,,,,,,,,,,,,,,,,,,,,,,,,,,,,,,,,,,,,0
,,,,,,,,,,,,,,,,,,,,,,,,,,,,,,,,,,,,,,,,,,,,,,,,,,,,0
,,,,,,,,,,,,,,,,,,,,,,,,,,,,,,,,,,,,,,,,,,,,,,,,,,,,0
,,,,,,,,,,,,,,,,,,,,,,,,,,,,,,,,,,,,,,,,,,,,,,,,,,,,0
,,,,,,,,,,,,,,,,,,,,,,,,,,,,,,,,,,,,,,,,,,,,,,,,,,,,0
,,,,,,,,,,,,,,,,,,,,,,,,,,,,,,,,,,,,,,,,,,,,,,,,,,,,0
,,,,,,,,,,,,,,,,,,,,,,,,,,,,,,,,,,,,,,,,,,,,,,,,,,,,0
,,,,,,,,,,,,,,,,,,,,,,,,,,,,,,,,,,,,,,,,,,,,,,,,,,,,0
,,,,,,,,,,,,,,,,,,,,,,,,,,,,,,,,,,,,,,,,,,,,,,,,,,,,0
,,,,,,,,,,,,,,,,,,,,,,,,,,,,,,,,,,,,,,,,,,,,,,,,,,,,0
,,,,,,,,,,,,,,,,,,,,,,,,,,,,,,,,,,,,,,,,,,,,,,,,,,,,0
,,,,,,,,,,,,,,,,,,,,,,,,,,,,,,,,,,,,,,,,,,,,,,,,,,,,0
,,,,,,,,,,,,,,,,,,,,,,,,,,,,,,,,,,,,,,,,,,,,,,,,,,,,0
,,,,,,,,,,,,,,,,,,,,,,,,,,,,,,,,,,,,,,,,,,,,,,,,,,,,0
,,,,,,,,,,,,,,,,,,,,,,,,,,,,,,,,,,,,,,,,,,,,,,,,,,,,0
,,,,,,,,,,,,,,,,,,,,,,,,,,,,,,,,,,,,,,,,,,,,,,,,,,,,0
,,,,,,,,,,,,,,,,,,,,,,,,,,,,,,,,,,,,,,,,,,,,,,,,,,,,0
,,,,,,,,,,,,,,,,,,,,,,,,,,,,,,,,,,,,,,,,,,,,,,,,,,,,0
,,,,,,,,,,,,,,,,,,,,,,,,,,,,,,,,,,,,,,,,,,,,,,,,,,,,0
,,,,,,,,,,,,,,,,,,,,,,,,,,,,,,,,,,,,,,,,,,,,,,,,,,,,0
,,,,,,,,,,,,,,,,,,,,,,,,,,,,,,,,,,,,,,,,,,,,,,,,,,,,0
,,,,,,,,,,,,,,,,,,,,,,,,,,,,,,,,,,,,,,,,,,,,,,,,,,,,0
,,,,,,,,,,,,,,,,,,,,,,,,,,,,,,,,,,,,,,,,,,,,,,,,,,,,0
,,,,,,,,,,,,,,,,,,,,,,,,,,,,,,,,,,,,,,,,,,,,,,,,,,,,0
,,,,,,,,,,,,,,,,,,,,,,,,,,,,,,,,,,,,,,,,,,,,,,,,,,,,0
,,,,,,,,,,,,,,,,,,,,,,,,,,,,,,,,,,,,,,,,,,,,,,,,,,,,0
,,,,,,,,,,,,,,,,,,,,,,,,,,,,,,,,,,,,,,,,,,,,,,,,,,,,0
,,,,,,,,,,,,,,,,,,,,,,,,,,,,,,,,,,,,,,,,,,,,,,,,,,,,0
,,,,,,,,,,,,,,,,,,,,,,,,,,,,,,,,,,,,,,,,,,,,,,,,,,,,0
,,,,,,,,,,,,,,,,,,,,,,,,,,,,,,,,,,,,,,,,,,,,,,,,,,,,0
,,,,,,,,,,,,,,,,,,,,,,,,,,,,,,,,,,,,,,,,,,,,,,,,,,,,0
,,,,,,,,,,,,,,,,,,,,,,,,,,,,,,,,,,,,,,,,,,,,,,,,,,,,0
,,,,,,,,,,,,,,,,,,,,,,,,,,,,,,,,,,,,,,,,,,,,,,,,,,,,0
,,,,,,,,,,,,,,,,,,,,,,,,,,,,,,,,,,,,,,,,,,,,,,,,,,,,0
,,,,,,,,,,,,,,,,,,,,,,,,,,,,,,,,,,,,,,,,,,,,,,,,,,,,0
,,,,,,,,,,,,,,,,,,,,,,,,,,,,,,,,,,,,,,,,,,,,,,,,,,,,0
,,,,,,,,,,,,,,,,,,,,,,,,,,,,,,,,,,,,,,,,,,,,,,,,,,,,0
,,,,,,,,,,,,,,,,,,,,,,,,,,,,,,,,,,,,,,,,,,,,,,,,,,,,0
,,,,,,,,,,,,,,,,,,,,,,,,,,,,,,,,,,,,,,,,,,,,,,,,,,,,0
,,,,,,,,,,,,,,,,,,,,,,,,,,,,,,,,,,,,,,,,,,,,,,,,,,,,0
,,,,,,,,,,,,,,,,,,,,,,,,,,,,,,,,,,,,,,,,,,,,,,,,,,,,0
,,,,,,,,,,,,,,,,,,,,,,,,,,,,,,,,,,,,,,,,,,,,,,,,,,,,0
,,,,,,,,,,,,,,,,,,,,,,,,,,,,,,,,,,,,,,,,,,,,,,,,,,,,0
,,,,,,,,,,,,,,,,,,,,,,,,,,,,,,,,,,,,,,,,,,,,,,,,,,,,0
,,,,,,,,,,,,,,,,,,,,,,,,,,,,,,,,,,,,,,,,,,,,,,,,,,,,0
,,,,,,,,,,,,,,,,,,,,,,,,,,,,,,,,,,,,,,,,,,,,,,,,,,,,0
,,,,,,,,,,,,,,,,,,,,,,,,,,,,,,,,,,,,,,,,,,,,,,,,,,,,0
,,,,,,,,,,,,,,,,,,,,,,,,,,,,,,,,,,,,,,,,,,,,,,,,,,,,0
,,,,,,,,,,,,,,,,,,,,,,,,,,,,,,,,,,,,,,,,,,,,,,,,,,,,0
,,,,,,,,,,,,,,,,,,,,,,,,,,,,,,,,,,,,,,,,,,,,,,,,,,,,0
,,,,,,,,,,,,,,,,,,,,,,,,,,,,,,,,,,,,,,,,,,,,,,,,,,,,0
,,,,,,,,,,,,,,,,,,,,,,,,,,,,,,,,,,,,,,,,,,,,,,,,,,,,0
,,,,,,,,,,,,,,,,,,,,,,,,,,,,,,,,,,,,,,,,,,,,,,,,,,,,0
,,,,,,,,,,,,,,,,,,,,,,,,,,,,,,,,,,,,,,,,,,,,,,,,,,,,0
,,,,,,,,,,,,,,,,,,,,,,,,,,,,,,,,,,,,,,,,,,,,,,,,,,,,0
,,,,,,,,,,,,,,,,,,,,,,,,,,,,,,,,,,,,,,,,,,,,,,,,,,,,0
,,,,,,,,,,,,,,,,,,,,,,,,,,,,,,,,,,,,,,,,,,,,,,,,,,,,0
,,,,,,,,,,,,,,,,,,,,,,,,,,,,,,,,,,,,,,,,,,,,,,,,,,,,0
,,,,,,,,,,,,,,,,,,,,,,,,,,,,,,,,,,,,,,,,,,,,,,,,,,,,0
,,,,,,,,,,,,,,,,,,,,,,,,,,,,,,,,,,,,,,,,,,,,,,,,,,,,0
,,,,,,,,,,,,,,,,,,,,,,,,,,,,,,,,,,,,,,,,,,,,,,,,,,,,0
,,,,,,,,,,,,,,,,,,,,,,,,,,,,,,,,,,,,,,,,,,,,,,,,,,,,0
,,,,,,,,,,,,,,,,,,,,,,,,,,,,,,,,,,,,,,,,,,,,,,,,,,,,0
,,,,,,,,,,,,,,,,,,,,,,,,,,,,,,,,,,,,,,,,,,,,,,,,,,,,0
,,,,,,,,,,,,,,,,,,,,,,,,,,,,,,,,,,,,,,,,,,,,,,,,,,,,0
,,,,,,,,,,,,,,,,,,,,,,,,,,,,,,,,,,,,,,,,,,,,,,,,,,,,0
,,,,,,,,,,,,,,,,,,,,,,,,,,,,,,,,,,,,,,,,,,,,,,,,,,,,0
,,,,,,,,,,,,,,,,,,,,,,,,,,,,,,,,,,,,,,,,,,,,,,,,,,,,0
,,,,,,,,,,,,,,,,,,,,,,,,,,,,,,,,,,,,,,,,,,,,,,,,,,,,0
,,,,,,,,,,,,,,,,,,,,,,,,,,,,,,,,,,,,,,,,,,,,,,,,,,,,0
,,,,,,,,,,,,,,,,,,,,,,,,,,,,,,,,,,,,,,,,,,,,,,,,,,,,0
,,,,,,,,,,,,,,,,,,,,,,,,,,,,,,,,,,,,,,,,,,,,,,,,,,,,0
,,,,,,,,,,,,,,,,,,,,,,,,,,,,,,,,,,,,,,,,,,,,,,,,,,,,0
,,,,,,,,,,,,,,,,,,,,,,,,,,,,,,,,,,,,,,,,,,,,,,,,,,,,0
,,,,,,,,,,,,,,,,,,,,,,,,,,,,,,,,,,,,,,,,,,,,,,,,,,,,0
,,,,,,,,,,,,,,,,,,,,,,,,,,,,,,,,,,,,,,,,,,,,,,,,,,,,0
,,,,,,,,,,,,,,,,,,,,,,,,,,,,,,,,,,,,,,,,,,,,,,,,,,,,0
,,,,,,,,,,,,,,,,,,,,,,,,,,,,,,,,,,,,,,,,,,,,,,,,,,,,0
,,,,,,,,,,,,,,,,,,,,,,,,,,,,,,,,,,,,,,,,,,,,,,,,,,,,0
,,,,,,,,,,,,,,,,,,,,,,,,,,,,,,,,,,,,,,,,,,,,,,,,,,,,0
,,,,,,,,,,,,,,,,,,,,,,,,,,,,,,,,,,,,,,,,,,,,,,,,,,,,0
,,,,,,,,,,,,,,,,,,,,,,,,,,,,,,,,,,,,,,,,,,,,,,,,,,,,0
,,,,,,,,,,,,,,,,,,,,,,,,,,,,,,,,,,,,,,,,,,,,,,,,,,,,0
,,,,,,,,,,,,,,,,,,,,,,,,,,,,,,,,,,,,,,,,,,,,,,,,,,,,0
,,,,,,,,,,,,,,,,,,,,,,,,,,,,,,,,,,,,,,,,,,,,,,,,,,,,0
,,,,,,,,,,,,,,,,,,,,,,,,,,,,,,,,,,,,,,,,,,,,,,,,,,,,0
,,,,,,,,,,,,,,,,,,,,,,,,,,,,,,,,,,,,,,,,,,,,,,,,,,,,0
,,,,,,,,,,,,,,,,,,,,,,,,,,,,,,,,,,,,,,,,,,,,,,,,,,,,0
,,,,,,,,,,,,,,,,,,,,,,,,,,,,,,,,,,,,,,,,,,,,,,,,,,,,0
,,,,,,,,,,,,,,,,,,,,,,,,,,,,,,,,,,,,,,,,,,,,,,,,,,,,0
,,,,,,,,,,,,,,,,,,,,,,,,,,,,,,,,,,,,,,,,,,,,,,,,,,,,0
,,,,,,,,,,,,,,,,,,,,,,,,,,,,,,,,,,,,,,,,,,,,,,,,,,,,0
,,,,,,,,,,,,,,,,,,,,,,,,,,,,,,,,,,,,,,,,,,,,,,,,,,,,0
,,,,,,,,,,,,,,,,,,,,,,,,,,,,,,,,,,,,,,,,,,,,,,,,,,,,0
,,,,,,,,,,,,,,,,,,,,,,,,,,,,,,,,,,,,,,,,,,,,,,,,,,,,0
,,,,,,,,,,,,,,,,,,,,,,,,,,,,,,,,,,,,,,,,,,,,,,,,,,,,0
,,,,,,,,,,,,,,,,,,,,,,,,,,,,,,,,,,,,,,,,,,,,,,,,,,,,0
,,,,,,,,,,,,,,,,,,,,,,,,,,,,,,,,,,,,,,,,,,,,,,,,,,,,0
,,,,,,,,,,,,,,,,,,,,,,,,,,,,,,,,,,,,,,,,,,,,,,,,,,,,0
,,,,,,,,,,,,,,,,,,,,,,,,,,,,,,,,,,,,,,,,,,,,,,,,,,,,0
,,,,,,,,,,,,,,,,,,,,,,,,,,,,,,,,,,,,,,,,,,,,,,,,,,,,0
,,,,,,,,,,,,,,,,,,,,,,,,,,,,,,,,,,,,,,,,,,,,,,,,,,,,0
,,,,,,,,,,,,,,,,,,,,,,,,,,,,,,,,,,,,,,,,,,,,,,,,,,,,0
,,,,,,,,,,,,,,,,,,,,,,,,,,,,,,,,,,,,,,,,,,,,,,,,,,,,0
,,,,,,,,,,,,,,,,,,,,,,,,,,,,,,,,,,,,,,,,,,,,,,,,,,,,0
,,,,,,,,,,,,,,,,,,,,,,,,,,,,,,,,,,,,,,,,,,,,,,,,,,,,0
,,,,,,,,,,,,,,,,,,,,,,,,,,,,,,,,,,,,,,,,,,,,,,,,,,,,0
,,,,,,,,,,,,,,,,,,,,,,,,,,,,,,,,,,,,,,,,,,,,,,,,,,,,0
,,,,,,,,,,,,,,,,,,,,,,,,,,,,,,,,,,,,,,,,,,,,,,,,,,,,0
,,,,,,,,,,,,,,,,,,,,,,,,,,,,,,,,,,,,,,,,,,,,,,,,,,,,0
,,,,,,,,,,,,,,,,,,,,,,,,,,,,,,,,,,,,,,,,,,,,,,,,,,,,0
,,,,,,,,,,,,,,,,,,,,,,,,,,,,,,,,,,,,,,,,,,,,,,,,,,,,0
,,,,,,,,,,,,,,,,,,,,,,,,,,,,,,,,,,,,,,,,,,,,,,,,,,,,0
,,,,,,,,,,,,,,,,,,,,,,,,,,,,,,,,,,,,,,,,,,,,,,,,,,,,0
,,,,,,,,,,,,,,,,,,,,,,,,,,,,,,,,,,,,,,,,,,,,,,,,,,,,0
,,,,,,,,,,,,,,,,,,,,,,,,,,,,,,,,,,,,,,,,,,,,,,,,,,,,0
,,,,,,,,,,,,,,,,,,,,,,,,,,,,,,,,,,,,,,,,,,,,,,,,,,,,0
,,,,,,,,,,,,,,,,,,,,,,,,,,,,,,,,,,,,,,,,,,,,,,,,,,,,0
,,,,,,,,,,,,,,,,,,,,,,,,,,,,,,,,,,,,,,,,,,,,,,,,,,,,0
,,,,,,,,,,,,,,,,,,,,,,,,,,,,,,,,,,,,,,,,,,,,,,,,,,,,0
,,,,,,,,,,,,,,,,,,,,,,,,,,,,,,,,,,,,,,,,,,,,,,,,,,,,0
,,,,,,,,,,,,,,,,,,,,,,,,,,,,,,,,,,,,,,,,,,,,,,,,,,,,0
,,,,,,,,,,,,,,,,,,,,,,,,,,,,,,,,,,,,,,,,,,,,,,,,,,,,0
,,,,,,,,,,,,,,,,,,,,,,,,,,,,,,,,,,,,,,,,,,,,,,,,,,,,0
,,,,,,,,,,,,,,,,,,,,,,,,,,,,,,,,,,,,,,,,,,,,,,,,,,,,0
,,,,,,,,,,,,,,,,,,,,,,,,,,,,,,,,,,,,,,,,,,,,,,,,,,,,0
,,,,,,,,,,,,,,,,,,,,,,,,,,,,,,,,,,,,,,,,,,,,,,,,,,,,0
,,,,,,,,,,,,,,,,,,,,,,,,,,,,,,,,,,,,,,,,,,,,,,,,,,,,0
,,,,,,,,,,,,,,,,,,,,,,,,,,,,,,,,,,,,,,,,,,,,,,,,,,,,0
,,,,,,,,,,,,,,,,,,,,,,,,,,,,,,,,,,,,,,,,,,,,,,,,,,,,0
,,,,,,,,,,,,,,,,,,,,,,,,,,,,,,,,,,,,,,,,,,,,,,,,,,,,0
,,,,,,,,,,,,,,,,,,,,,,,,,,,,,,,,,,,,,,,,,,,,,,,,,,,,0
,,,,,,,,,,,,,,,,,,,,,,,,,,,,,,,,,,,,,,,,,,,,,,,,,,,,0
,,,,,,,,,,,,,,,,,,,,,,,,,,,,,,,,,,,,,,,,,,,,,,,,,,,,0
,,,,,,,,,,,,,,,,,,,,,,,,,,,,,,,,,,,,,,,,,,,,,,,,,,,,0
,,,,,,,,,,,,,,,,,,,,,,,,,,,,,,,,,,,,,,,,,,,,,,,,,,,,0
,,,,,,,,,,,,,,,,,,,,,,,,,,,,,,,,,,,,,,,,,,,,,,,,,,,,0
,,,,,,,,,,,,,,,,,,,,,,,,,,,,,,,,,,,,,,,,,,,,,,,,,,,,0
,,,,,,,,,,,,,,,,,,,,,,,,,,,,,,,,,,,,,,,,,,,,,,,,,,,,0
,,,,,,,,,,,,,,,,,,,,,,,,,,,,,,,,,,,,,,,,,,,,,,,,,,,,0
,,,,,,,,,,,,,,,,,,,,,,,,,,,,,,,,,,,,,,,,,,,,,,,,,,,,0
,,,,,,,,,,,,,,,,,,,,,,,,,,,,,,,,,,,,,,,,,,,,,,,,,,,,0
,,,,,,,,,,,,,,,,,,,,,,,,,,,,,,,,,,,,,,,,,,,,,,,,,,,,0
,,,,,,,,,,,,,,,,,,,,,,,,,,,,,,,,,,,,,,,,,,,,,,,,,,,,0
,,,,,,,,,,,,,,,,,,,,,,,,,,,,,,,,,,,,,,,,,,,,,,,,,,,,0
,,,,,,,,,,,,,,,,,,,,,,,,,,,,,,,,,,,,,,,,,,,,,,,,,,,,0
,,,,,,,,,,,,,,,,,,,,,,,,,,,,,,,,,,,,,,,,,,,,,,,,,,,,0
,,,,,,,,,,,,,,,,,,,,,,,,,,,,,,,,,,,,,,,,,,,,,,,,,,,,0
,,,,,,,,,,,,,,,,,,,,,,,,,,,,,,,,,,,,,,,,,,,,,,,,,,,,0
,,,,,,,,,,,,,,,,,,,,,,,,,,,,,,,,,,,,,,,,,,,,,,,,,,,,0
,,,,,,,,,,,,,,,,,,,,,,,,,,,,,,,,,,,,,,,,,,,,,,,,,,,,0
,,,,,,,,,,,,,,,,,,,,,,,,,,,,,,,,,,,,,,,,,,,,,,,,,,,,0
,,,,,,,,,,,,,,,,,,,,,,,,,,,,,,,,,,,,,,,,,,,,,,,,,,,,0
,,,,,,,,,,,,,,,,,,,,,,,,,,,,,,,,,,,,,,,,,,,,,,,,,,,,0
,,,,,,,,,,,,,,,,,,,,,,,,,,,,,,,,,,,,,,,,,,,,,,,,,,,,0
,,,,,,,,,,,,,,,,,,,,,,,,,,,,,,,,,,,,,,,,,,,,,,,,,,,,0
,,,,,,,,,,,,,,,,,,,,,,,,,,,,,,,,,,,,,,,,,,,,,,,,,,,,0
,,,,,,,,,,,,,,,,,,,,,,,,,,,,,,,,,,,,,,,,,,,,,,,,,,,,0
,,,,,,,,,,,,,,,,,,,,,,,,,,,,,,,,,,,,,,,,,,,,,,,,,,,,0
,,,,,,,,,,,,,,,,,,,,,,,,,,,,,,,,,,,,,,,,,,,,,,,,,,,,0
,,,,,,,,,,,,,,,,,,,,,,,,,,,,,,,,,,,,,,,,,,,,,,,,,,,,0
,,,,,,,,,,,,,,,,,,,,,,,,,,,,,,,,,,,,,,,,,,,,,,,,,,,,0
,,,,,,,,,,,,,,,,,,,,,,,,,,,,,,,,,,,,,,,,,,,,,,,,,,,,0
,,,,,,,,,,,,,,,,,,,,,,,,,,,,,,,,,,,,,,,,,,,,,,,,,,,,0
,,,,,,,,,,,,,,,,,,,,,,,,,,,,,,,,,,,,,,,,,,,,,,,,,,,,0
,,,,,,,,,,,,,,,,,,,,,,,,,,,,,,,,,,,,,,,,,,,,,,,,,,,,0
,,,,,,,,,,,,,,,,,,,,,,,,,,,,,,,,,,,,,,,,,,,,,,,,,,,,0
,,,,,,,,,,,,,,,,,,,,,,,,,,,,,,,,,,,,,,,,,,,,,,,,,,,,0
,,,,,,,,,,,,,,,,,,,,,,,,,,,,,,,,,,,,,,,,,,,,,,,,,,,,0
,,,,,,,,,,,,,,,,,,,,,,,,,,,,,,,,,,,,,,,,,,,,,,,,,,,,0
,,,,,,,,,,,,,,,,,,,,,,,,,,,,,,,,,,,,,,,,,,,,,,,,,,,,0
,,,,,,,,,,,,,,,,,,,,,,,,,,,,,,,,,,,,,,,,,,,,,,,,,,,,0
,,,,,,,,,,,,,,,,,,,,,,,,,,,,,,,,,,,,,,,,,,,,,,,,,,,,0
,,,,,,,,,,,,,,,,,,,,,,,,,,,,,,,,,,,,,,,,,,,,,,,,,,,,0
,,,,,,,,,,,,,,,,,,,,,,,,,,,,,,,,,,,,,,,,,,,,,,,,,,,,0
,,,,,,,,,,,,,,,,,,,,,,,,,,,,,,,,,,,,,,,,,,,,,,,,,,,,0
,,,,,,,,,,,,,,,,,,,,,,,,,,,,,,,,,,,,,,,,,,,,,,,,,,,,0
,,,,,,,,,,,,,,,,,,,,,,,,,,,,,,,,,,,,,,,,,,,,,,,,,,,,0
,,,,,,,,,,,,,,,,,,,,,,,,,,,,,,,,,,,,,,,,,,,,,,,,,,,,0
,,,,,,,,,,,,,,,,,,,,,,,,,,,,,,,,,,,,,,,,,,,,,,,,,,,,0
,,,,,,,,,,,,,,,,,,,,,,,,,,,,,,,,,,,,,,,,,,,,,,,,,,,,0
,,,,,,,,,,,,,,,,,,,,,,,,,,,,,,,,,,,,,,,,,,,,,,,,,,,,0
,,,,,,,,,,,,,,,,,,,,,,,,,,,,,,,,,,,,,,,,,,,,,,,,,,,,0
,,,,,,,,,,,,,,,,,,,,,,,,,,,,,,,,,,,,,,,,,,,,,,,,,,,,0
,,,,,,,,,,,,,,,,,,,,,,,,,,,,,,,,,,,,,,,,,,,,,,,,,,,,0
,,,,,,,,,,,,,,,,,,,,,,,,,,,,,,,,,,,,,,,,,,,,,,,,,,,,0
,,,,,,,,,,,,,,,,,,,,,,,,,,,,,,,,,,,,,,,,,,,,,,,,,,,,0
,,,,,,,,,,,,,,,,,,,,,,,,,,,,,,,,,,,,,,,,,,,,,,,,,,,,0
,,,,,,,,,,,,,,,,,,,,,,,,,,,,,,,,,,,,,,,,,,,,,,,,,,,,0
,,,,,,,,,,,,,,,,,,,,,,,,,,,,,,,,,,,,,,,,,,,,,,,,,,,,0
,,,,,,,,,,,,,,,,,,,,,,,,,,,,,,,,,,,,,,,,,,,,,,,,,,,,0
,,,,,,,,,,,,,,,,,,,,,,,,,,,,,,,,,,,,,,,,,,,,,,,,,,,,0
,,,,,,,,,,,,,,,,,,,,,,,,,,,,,,,,,,,,,,,,,,,,,,,,,,,,0
,,,,,,,,,,,,,,,,,,,,,,,,,,,,,,,,,,,,,,,,,,,,,,,,,,,,0
,,,,,,,,,,,,,,,,,,,,,,,,,,,,,,,,,,,,,,,,,,,,,,,,,,,,0
,,,,,,,,,,,,,,,,,,,,,,,,,,,,,,,,,,,,,,,,,,,,,,,,,,,,0
,,,,,,,,,,,,,,,,,,,,,,,,,,,,,,,,,,,,,,,,,,,,,,,,,,,,0
,,,,,,,,,,,,,,,,,,,,,,,,,,,,,,,,,,,,,,,,,,,,,,,,,,,,0
,,,,,,,,,,,,,,,,,,,,,,,,,,,,,,,,,,,,,,,,,,,,,,,,,,,,0
,,,,,,,,,,,,,,,,,,,,,,,,,,,,,,,,,,,,,,,,,,,,,,,,,,,,0
,,,,,,,,,,,,,,,,,,,,,,,,,,,,,,,,,,,,,,,,,,,,,,,,,,,,0
,,,,,,,,,,,,,,,,,,,,,,,,,,,,,,,,,,,,,,,,,,,,,,,,,,,,0
,,,,,,,,,,,,,,,,,,,,,,,,,,,,,,,,,,,,,,,,,,,,,,,,,,,,0
,,,,,,,,,,,,,,,,,,,,,,,,,,,,,,,,,,,,,,,,,,,,,,,,,,,,0
,,,,,,,,,,,,,,,,,,,,,,,,,,,,,,,,,,,,,,,,,,,,,,,,,,,,0
,,,,,,,,,,,,,,,,,,,,,,,,,,,,,,,,,,,,,,,,,,,,,,,,,,,,0
,,,,,,,,,,,,,,,,,,,,,,,,,,,,,,,,,,,,,,,,,,,,,,,,,,,,0
,,,,,,,,,,,,,,,,,,,,,,,,,,,,,,,,,,,,,,,,,,,,,,,,,,,,0
,,,,,,,,,,,,,,,,,,,,,,,,,,,,,,,,,,,,,,,,,,,,,,,,,,,,0
,,,,,,,,,,,,,,,,,,,,,,,,,,,,,,,,,,,,,,,,,,,,,,,,,,,,0
,,,,,,,,,,,,,,,,,,,,,,,,,,,,,,,,,,,,,,,,,,,,,,,,,,,,0
,,,,,,,,,,,,,,,,,,,,,,,,,,,,,,,,,,,,,,,,,,,,,,,,,,,,0
,,,,,,,,,,,,,,,,,,,,,,,,,,,,,,,,,,,,,,,,,,,,,,,,,,,,0
,,,,,,,,,,,,,,,,,,,,,,,,,,,,,,,,,,,,,,,,,,,,,,,,,,,,0
,,,,,,,,,,,,,,,,,,,,,,,,,,,,,,,,,,,,,,,,,,,,,,,,,,,,0
,,,,,,,,,,,,,,,,,,,,,,,,,,,,,,,,,,,,,,,,,,,,,,,,,,,,0
,,,,,,,,,,,,,,,,,,,,,,,,,,,,,,,,,,,,,,,,,,,,,,,,,,,,0
,,,,,,,,,,,,,,,,,,,,,,,,,,,,,,,,,,,,,,,,,,,,,,,,,,,,0
,,,,,,,,,,,,,,,,,,,,,,,,,,,,,,,,,,,,,,,,,,,,,,,,,,,,0
,,,,,,,,,,,,,,,,,,,,,,,,,,,,,,,,,,,,,,,,,,,,,,,,,,,,0
,,,,,,,,,,,,,,,,,,,,,,,,,,,,,,,,,,,,,,,,,,,,,,,,,,,,0
,,,,,,,,,,,,,,,,,,,,,,,,,,,,,,,,,,,,,,,,,,,,,,,,,,,,0
,,,,,,,,,,,,,,,,,,,,,,,,,,,,,,,,,,,,,,,,,,,,,,,,,,,,0
,,,,,,,,,,,,,,,,,,,,,,,,,,,,,,,,,,,,,,,,,,,,,,,,,,,,0
,,,,,,,,,,,,,,,,,,,,,,,,,,,,,,,,,,,,,,,,,,,,,,,,,,,,0
,,,,,,,,,,,,,,,,,,,,,,,,,,,,,,,,,,,,,,,,,,,,,,,,,,,,0
,,,,,,,,,,,,,,,,,,,,,,,,,,,,,,,,,,,,,,,,,,,,,,,,,,,,0
,,,,,,,,,,,,,,,,,,,,,,,,,,,,,,,,,,,,,,,,,,,,,,,,,,,,0
,,,,,,,,,,,,,,,,,,,,,,,,,,,,,,,,,,,,,,,,,,,,,,,,,,,,0
,,,,,,,,,,,,,,,,,,,,,,,,,,,,,,,,,,,,,,,,,,,,,,,,,,,,0
,,,,,,,,,,,,,,,,,,,,,,,,,,,,,,,,,,,,,,,,,,,,,,,,,,,,0
,,,,,,,,,,,,,,,,,,,,,,,,,,,,,,,,,,,,,,,,,,,,,,,,,,,,0
,,,,,,,,,,,,,,,,,,,,,,,,,,,,,,,,,,,,,,,,,,,,,,,,,,,,0
,,,,,,,,,,,,,,,,,,,,,,,,,,,,,,,,,,,,,,,,,,,,,,,,,,,,0
,,,,,,,,,,,,,,,,,,,,,,,,,,,,,,,,,,,,,,,,,,,,,,,,,,,,0
,,,,,,,,,,,,,,,,,,,,,,,,,,,,,,,,,,,,,,,,,,,,,,,,,,,,0
,,,,,,,,,,,,,,,,,,,,,,,,,,,,,,,,,,,,,,,,,,,,,,,,,,,,0
,,,,,,,,,,,,,,,,,,,,,,,,,,,,,,,,,,,,,,,,,,,,,,,,,,,,0
,,,,,,,,,,,,,,,,,,,,,,,,,,,,,,,,,,,,,,,,,,,,,,,,,,,,0
,,,,,,,,,,,,,,,,,,,,,,,,,,,,,,,,,,,,,,,,,,,,,,,,,,,,0
,,,,,,,,,,,,,,,,,,,,,,,,,,,,,,,,,,,,,,,,,,,,,,,,,,,,0
,,,,,,,,,,,,,,,,,,,,,,,,,,,,,,,,,,,,,,,,,,,,,,,,,,,,0
,,,,,,,,,,,,,,,,,,,,,,,,,,,,,,,,,,,,,,,,,,,,,,,,,,,,0
,,,,,,,,,,,,,,,,,,,,,,,,,,,,,,,,,,,,,,,,,,,,,,,,,,,,0
,,,,,,,,,,,,,,,,,,,,,,,,,,,,,,,,,,,,,,,,,,,,,,,,,,,,0
,,,,,,,,,,,,,,,,,,,,,,,,,,,,,,,,,,,,,,,,,,,,,,,,,,,,0
,,,,,,,,,,,,,,,,,,,,,,,,,,,,,,,,,,,,,,,,,,,,,,,,,,,,0
,,,,,,,,,,,,,,,,,,,,,,,,,,,,,,,,,,,,,,,,,,,,,,,,,,,,0
,,,,,,,,,,,,,,,,,,,,,,,,,,,,,,,,,,,,,,,,,,,,,,,,,,,,0
,,,,,,,,,,,,,,,,,,,,,,,,,,,,,,,,,,,,,,,,,,,,,,,,,,,,0
,,,,,,,,,,,,,,,,,,,,,,,,,,,,,,,,,,,,,,,,,,,,,,,,,,,,0
,,,,,,,,,,,,,,,,,,,,,,,,,,,,,,,,,,,,,,,,,,,,,,,,,,,,0
,,,,,,,,,,,,,,,,,,,,,,,,,,,,,,,,,,,,,,,,,,,,,,,,,,,,0
,,,,,,,,,,,,,,,,,,,,,,,,,,,,,,,,,,,,,,,,,,,,,,,,,,,,0
,,,,,,,,,,,,,,,,,,,,,,,,,,,,,,,,,,,,,,,,,,,,,,,,,,,,0
,,,,,,,,,,,,,,,,,,,,,,,,,,,,,,,,,,,,,,,,,,,,,,,,,,,,0
,,,,,,,,,,,,,,,,,,,,,,,,,,,,,,,,,,,,,,,,,,,,,,,,,,,,0
,,,,,,,,,,,,,,,,,,,,,,,,,,,,,,,,,,,,,,,,,,,,,,,,,,,,0
,,,,,,,,,,,,,,,,,,,,,,,,,,,,,,,,,,,,,,,,,,,,,,,,,,,,0
,,,,,,,,,,,,,,,,,,,,,,,,,,,,,,,,,,,,,,,,,,,,,,,,,,,,0
,,,,,,,,,,,,,,,,,,,,,,,,,,,,,,,,,,,,,,,,,,,,,,,,,,,,0
,,,,,,,,,,,,,,,,,,,,,,,,,,,,,,,,,,,,,,,,,,,,,,,,,,,,0
,,,,,,,,,,,,,,,,,,,,,,,,,,,,,,,,,,,,,,,,,,,,,,,,,,,,0
,,,,,,,,,,,,,,,,,,,,,,,,,,,,,,,,,,,,,,,,,,,,,,,,,,,,0
,,,,,,,,,,,,,,,,,,,,,,,,,,,,,,,,,,,,,,,,,,,,,,,,,,,,0
,,,,,,,,,,,,,,,,,,,,,,,,,,,,,,,,,,,,,,,,,,,,,,,,,,,,0
,,,,,,,,,,,,,,,,,,,,,,,,,,,,,,,,,,,,,,,,,,,,,,,,,,,,0
,,,,,,,,,,,,,,,,,,,,,,,,,,,,,,,,,,,,,,,,,,,,,,,,,,,,0
,,,,,,,,,,,,,,,,,,,,,,,,,,,,,,,,,,,,,,,,,,,,,,,,,,,,0
,,,,,,,,,,,,,,,,,,,,,,,,,,,,,,,,,,,,,,,,,,,,,,,,,,,,0
,,,,,,,,,,,,,,,,,,,,,,,,,,,,,,,,,,,,,,,,,,,,,,,,,,,,0
,,,,,,,,,,,,,,,,,,,,,,,,,,,,,,,,,,,,,,,,,,,,,,,,,,,,0
,,,,,,,,,,,,,,,,,,,,,,,,,,,,,,,,,,,,,,,,,,,,,,,,,,,,0
,,,,,,,,,,,,,,,,,,,,,,,,,,,,,,,,,,,,,,,,,,,,,,,,,,,,0
,,,,,,,,,,,,,,,,,,,,,,,,,,,,,,,,,,,,,,,,,,,,,,,,,,,,0
,,,,,,,,,,,,,,,,,,,,,,,,,,,,,,,,,,,,,,,,,,,,,,,,,,,,0
,,,,,,,,,,,,,,,,,,,,,,,,,,,,,,,,,,,,,,,,,,,,,,,,,,,,0
,,,,,,,,,,,,,,,,,,,,,,,,,,,,,,,,,,,,,,,,,,,,,,,,,,,,0
,,,,,,,,,,,,,,,,,,,,,,,,,,,,,,,,,,,,,,,,,,,,,,,,,,,,0
,,,,,,,,,,,,,,,,,,,,,,,,,,,,,,,,,,,,,,,,,,,,,,,,,,,,0
,,,,,,,,,,,,,,,,,,,,,,,,,,,,,,,,,,,,,,,,,,,,,,,,,,,,0
,,,,,,,,,,,,,,,,,,,,,,,,,,,,,,,,,,,,,,,,,,,,,,,,,,,,0
,,,,,,,,,,,,,,,,,,,,,,,,,,,,,,,,,,,,,,,,,,,,,,,,,,,,0
,,,,,,,,,,,,,,,,,,,,,,,,,,,,,,,,,,,,,,,,,,,,,,,,,,,,0
,,,,,,,,,,,,,,,,,,,,,,,,,,,,,,,,,,,,,,,,,,,,,,,,,,,,0
,,,,,,,,,,,,,,,,,,,,,,,,,,,,,,,,,,,,,,,,,,,,,,,,,,,,0
,,,,,,,,,,,,,,,,,,,,,,,,,,,,,,,,,,,,,,,,,,,,,,,,,,,,0
,,,,,,,,,,,,,,,,,,,,,,,,,,,,,,,,,,,,,,,,,,,,,,,,,,,,0
,,,,,,,,,,,,,,,,,,,,,,,,,,,,,,,,,,,,,,,,,,,,,,,,,,,,0
,,,,,,,,,,,,,,,,,,,,,,,,,,,,,,,,,,,,,,,,,,,,,,,,,,,,0
,,,,,,,,,,,,,,,,,,,,,,,,,,,,,,,,,,,,,,,,,,,,,,,,,,,,0
,,,,,,,,,,,,,,,,,,,,,,,,,,,,,,,,,,,,,,,,,,,,,,,,,,,,0
,,,,,,,,,,,,,,,,,,,,,,,,,,,,,,,,,,,,,,,,,,,,,,,,,,,,0
,,,,,,,,,,,,,,,,,,,,,,,,,,,,,,,,,,,,,,,,,,,,,,,,,,,,0
,,,,,,,,,,,,,,,,,,,,,,,,,,,,,,,,,,,,,,,,,,,,,,,,,,,,0
,,,,,,,,,,,,,,,,,,,,,,,,,,,,,,,,,,,,,,,,,,,,,,,,,,,,0
,,,,,,,,,,,,,,,,,,,,,,,,,,,,,,,,,,,,,,,,,,,,,,,,,,,,0
,,,,,,,,,,,,,,,,,,,,,,,,,,,,,,,,,,,,,,,,,,,,,,,,,,,,0
,,,,,,,,,,,,,,,,,,,,,,,,,,,,,,,,,,,,,,,,,,,,,,,,,,,,0
,,,,,,,,,,,,,,,,,,,,,,,,,,,,,,,,,,,,,,,,,,,,,,,,,,,,0
,,,,,,,,,,,,,,,,,,,,,,,,,,,,,,,,,,,,,,,,,,,,,,,,,,,,0
,,,,,,,,,,,,,,,,,,,,,,,,,,,,,,,,,,,,,,,,,,,,,,,,,,,,0
,,,,,,,,,,,,,,,,,,,,,,,,,,,,,,,,,,,,,,,,,,,,,,,,,,,,0
,,,,,,,,,,,,,,,,,,,,,,,,,,,,,,,,,,,,,,,,,,,,,,,,,,,,0
,,,,,,,,,,,,,,,,,,,,,,,,,,,,,,,,,,,,,,,,,,,,,,,,,,,,0
,,,,,,,,,,,,,,,,,,,,,,,,,,,,,,,,,,,,,,,,,,,,,,,,,,,,0
,,,,,,,,,,,,,,,,,,,,,,,,,,,,,,,,,,,,,,,,,,,,,,,,,,,,0
,,,,,,,,,,,,,,,,,,,,,,,,,,,,,,,,,,,,,,,,,,,,,,,,,,,,0
,,,,,,,,,,,,,,,,,,,,,,,,,,,,,,,,,,,,,,,,,,,,,,,,,,,,0
,,,,,,,,,,,,,,,,,,,,,,,,,,,,,,,,,,,,,,,,,,,,,,,,,,,,0
,,,,,,,,,,,,,,,,,,,,,,,,,,,,,,,,,,,,,,,,,,,,,,,,,,,,0
,,,,,,,,,,,,,,,,,,,,,,,,,,,,,,,,,,,,,,,,,,,,,,,,,,,,0
,,,,,,,,,,,,,,,,,,,,,,,,,,,,,,,,,,,,,,,,,,,,,,,,,,,,0
,,,,,,,,,,,,,,,,,,,,,,,,,,,,,,,,,,,,,,,,,,,,,,,,,,,,0
,,,,,,,,,,,,,,,,,,,,,,,,,,,,,,,,,,,,,,,,,,,,,,,,,,,,0
,,,,,,,,,,,,,,,,,,,,,,,,,,,,,,,,,,,,,,,,,,,,,,,,,,,,0
,,,,,,,,,,,,,,,,,,,,,,,,,,,,,,,,,,,,,,,,,,,,,,,,,,,,0
,,,,,,,,,,,,,,,,,,,,,,,,,,,,,,,,,,,,,,,,,,,,,,,,,,,,0
,,,,,,,,,,,,,,,,,,,,,,,,,,,,,,,,,,,,,,,,,,,,,,,,,,,,0
,,,,,,,,,,,,,,,,,,,,,,,,,,,,,,,,,,,,,,,,,,,,,,,,,,,,0
,,,,,,,,,,,,,,,,,,,,,,,,,,,,,,,,,,,,,,,,,,,,,,,,,,,,0
,,,,,,,,,,,,,,,,,,,,,,,,,,,,,,,,,,,,,,,,,,,,,,,,,,,,0
,,,,,,,,,,,,,,,,,,,,,,,,,,,,,,,,,,,,,,,,,,,,,,,,,,,,0
,,,,,,,,,,,,,,,,,,,,,,,,,,,,,,,,,,,,,,,,,,,,,,,,,,,,0
,,,,,,,,,,,,,,,,,,,,,,,,,,,,,,,,,,,,,,,,,,,,,,,,,,,,0
,,,,,,,,,,,,,,,,,,,,,,,,,,,,,,,,,,,,,,,,,,,,,,,,,,,,0
,,,,,,,,,,,,,,,,,,,,,,,,,,,,,,,,,,,,,,,,,,,,,,,,,,,,0
,,,,,,,,,,,,,,,,,,,,,,,,,,,,,,,,,,,,,,,,,,,,,,,,,,,,0
,,,,,,,,,,,,,,,,,,,,,,,,,,,,,,,,,,,,,,,,,,,,,,,,,,,,0
,,,,,,,,,,,,,,,,,,,,,,,,,,,,,,,,,,,,,,,,,,,,,,,,,,,,0
,,,,,,,,,,,,,,,,,,,,,,,,,,,,,,,,,,,,,,,,,,,,,,,,,,,,0
,,,,,,,,,,,,,,,,,,,,,,,,,,,,,,,,,,,,,,,,,,,,,,,,,,,,0
,,,,,,,,,,,,,,,,,,,,,,,,,,,,,,,,,,,,,,,,,,,,,,,,,,,,0
,,,,,,,,,,,,,,,,,,,,,,,,,,,,,,,,,,,,,,,,,,,,,,,,,,,,0
,,,,,,,,,,,,,,,,,,,,,,,,,,,,,,,,,,,,,,,,,,,,,,,,,,,,0
,,,,,,,,,,,,,,,,,,,,,,,,,,,,,,,,,,,,,,,,,,,,,,,,,,,,0
,,,,,,,,,,,,,,,,,,,,,,,,,,,,,,,,,,,,,,,,,,,,,,,,,,,,0
,,,,,,,,,,,,,,,,,,,,,,,,,,,,,,,,,,,,,,,,,,,,,,,,,,,,0
,,,,,,,,,,,,,,,,,,,,,,,,,,,,,,,,,,,,,,,,,,,,,,,,,,,,0
,,,,,,,,,,,,,,,,,,,,,,,,,,,,,,,,,,,,,,,,,,,,,,,,,,,,0
,,,,,,,,,,,,,,,,,,,,,,,,,,,,,,,,,,,,,,,,,,,,,,,,,,,,0
,,,,,,,,,,,,,,,,,,,,,,,,,,,,,,,,,,,,,,,,,,,,,,,,,,,,0
,,,,,,,,,,,,,,,,,,,,,,,,,,,,,,,,,,,,,,,,,,,,,,,,,,,,0
,,,,,,,,,,,,,,,,,,,,,,,,,,,,,,,,,,,,,,,,,,,,,,,,,,,,0
,,,,,,,,,,,,,,,,,,,,,,,,,,,,,,,,,,,,,,,,,,,,,,,,,,,,0
,,,,,,,,,,,,,,,,,,,,,,,,,,,,,,,,,,,,,,,,,,,,,,,,,,,,0
,,,,,,,,,,,,,,,,,,,,,,,,,,,,,,,,,,,,,,,,,,,,,,,,,,,,0
,,,,,,,,,,,,,,,,,,,,,,,,,,,,,,,,,,,,,,,,,,,,,,,,,,,,0
,,,,,,,,,,,,,,,,,,,,,,,,,,,,,,,,,,,,,,,,,,,,,,,,,,,,0
,,,,,,,,,,,,,,,,,,,,,,,,,,,,,,,,,,,,,,,,,,,,,,,,,,,,0
,,,,,,,,,,,,,,,,,,,,,,,,,,,,,,,,,,,,,,,,,,,,,,,,,,,,0
,,,,,,,,,,,,,,,,,,,,,,,,,,,,,,,,,,,,,,,,,,,,,,,,,,,,0
,,,,,,,,,,,,,,,,,,,,,,,,,,,,,,,,,,,,,,,,,,,,,,,,,,,,0
,,,,,,,,,,,,,,,,,,,,,,,,,,,,,,,,,,,,,,,,,,,,,,,,,,,,0
,,,,,,,,,,,,,,,,,,,,,,,,,,,,,,,,,,,,,,,,,,,,,,,,,,,,0
,,,,,,,,,,,,,,,,,,,,,,,,,,,,,,,,,,,,,,,,,,,,,,,,,,,,0
,,,,,,,,,,,,,,,,,,,,,,,,,,,,,,,,,,,,,,,,,,,,,,,,,,,,0
,,,,,,,,,,,,,,,,,,,,,,,,,,,,,,,,,,,,,,,,,,,,,,,,,,,,0
,,,,,,,,,,,,,,,,,,,,,,,,,,,,,,,,,,,,,,,,,,,,,,,,,,,,0
,,,,,,,,,,,,,,,,,,,,,,,,,,,,,,,,,,,,,,,,,,,,,,,,,,,,0
,,,,,,,,,,,,,,,,,,,,,,,,,,,,,,,,,,,,,,,,,,,,,,,,,,,,0
,,,,,,,,,,,,,,,,,,,,,,,,,,,,,,,,,,,,,,,,,,,,,,,,,,,,0
,,,,,,,,,,,,,,,,,,,,,,,,,,,,,,,,,,,,,,,,,,,,,,,,,,,,0
,,,,,,,,,,,,,,,,,,,,,,,,,,,,,,,,,,,,,,,,,,,,,,,,,,,,0
,,,,,,,,,,,,,,,,,,,,,,,,,,,,,,,,,,,,,,,,,,,,,,,,,,,,0
,,,,,,,,,,,,,,,,,,,,,,,,,,,,,,,,,,,,,,,,,,,,,,,,,,,,0
,,,,,,,,,,,,,,,,,,,,,,,,,,,,,,,,,,,,,,,,,,,,,,,,,,,,0
,,,,,,,,,,,,,,,,,,,,,,,,,,,,,,,,,,,,,,,,,,,,,,,,,,,,0
,,,,,,,,,,,,,,,,,,,,,,,,,,,,,,,,,,,,,,,,,,,,,,,,,,,,0
,,,,,,,,,,,,,,,,,,,,,,,,,,,,,,,,,,,,,,,,,,,,,,,,,,,,0
,,,,,,,,,,,,,,,,,,,,,,,,,,,,,,,,,,,,,,,,,,,,,,,,,,,,0
,,,,,,,,,,,,,,,,,,,,,,,,,,,,,,,,,,,,,,,,,,,,,,,,,,,,0
,,,,,,,,,,,,,,,,,,,,,,,,,,,,,,,,,,,,,,,,,,,,,,,,,,,,0
,,,,,,,,,,,,,,,,,,,,,,,,,,,,,,,,,,,,,,,,,,,,,,,,,,,,0
,,,,,,,,,,,,,,,,,,,,,,,,,,,,,,,,,,,,,,,,,,,,,,,,,,,,0
,,,,,,,,,,,,,,,,,,,,,,,,,,,,,,,,,,,,,,,,,,,,,,,,,,,,0
,,,,,,,,,,,,,,,,,,,,,,,,,,,,,,,,,,,,,,,,,,,,,,,,,,,,0
,,,,,,,,,,,,,,,,,,,,,,,,,,,,,,,,,,,,,,,,,,,,,,,,,,,,0
,,,,,,,,,,,,,,,,,,,,,,,,,,,,,,,,,,,,,,,,,,,,,,,,,,,,0
,,,,,,,,,,,,,,,,,,,,,,,,,,,,,,,,,,,,,,,,,,,,,,,,,,,,0
,,,,,,,,,,,,,,,,,,,,,,,,,,,,,,,,,,,,,,,,,,,,,,,,,,,,0
,,,,,,,,,,,,,,,,,,,,,,,,,,,,,,,,,,,,,,,,,,,,,,,,,,,,0
,,,,,,,,,,,,,,,,,,,,,,,,,,,,,,,,,,,,,,,,,,,,,,,,,,,,0
,,,,,,,,,,,,,,,,,,,,,,,,,,,,,,,,,,,,,,,,,,,,,,,,,,,,0
,,,,,,,,,,,,,,,,,,,,,,,,,,,,,,,,,,,,,,,,,,,,,,,,,,,,0
,,,,,,,,,,,,,,,,,,,,,,,,,,,,,,,,,,,,,,,,,,,,,,,,,,,,0
,,,,,,,,,,,,,,,,,,,,,,,,,,,,,,,,,,,,,,,,,,,,,,,,,,,,0
,,,,,,,,,,,,,,,,,,,,,,,,,,,,,,,,,,,,,,,,,,,,,,,,,,,,0
,,,,,,,,,,,,,,,,,,,,,,,,,,,,,,,,,,,,,,,,,,,,,,,,,,,,0
,,,,,,,,,,,,,,,,,,,,,,,,,,,,,,,,,,,,,,,,,,,,,,,,,,,,0
,,,,,,,,,,,,,,,,,,,,,,,,,,,,,,,,,,,,,,,,,,,,,,,,,,,,0
,,,,,,,,,,,,,,,,,,,,,,,,,,,,,,,,,,,,,,,,,,,,,,,,,,,,0
,,,,,,,,,,,,,,,,,,,,,,,,,,,,,,,,,,,,,,,,,,,,,,,,,,,,0
,,,,,,,,,,,,,,,,,,,,,,,,,,,,,,,,,,,,,,,,,,,,,,,,,,,,0
,,,,,,,,,,,,,,,,,,,,,,,,,,,,,,,,,,,,,,,,,,,,,,,,,,,,0
,,,,,,,,,,,,,,,,,,,,,,,,,,,,,,,,,,,,,,,,,,,,,,,,,,,,0
,,,,,,,,,,,,,,,,,,,,,,,,,,,,,,,,,,,,,,,,,,,,,,,,,,,,0
,,,,,,,,,,,,,,,,,,,,,,,,,,,,,,,,,,,,,,,,,,,,,,,,,,,,0
,,,,,,,,,,,,,,,,,,,,,,,,,,,,,,,,,,,,,,,,,,,,,,,,,,,,0
,,,,,,,,,,,,,,,,,,,,,,,,,,,,,,,,,,,,,,,,,,,,,,,,,,,,0
,,,,,,,,,,,,,,,,,,,,,,,,,,,,,,,,,,,,,,,,,,,,,,,,,,,,0
,,,,,,,,,,,,,,,,,,,,,,,,,,,,,,,,,,,,,,,,,,,,,,,,,,,,0
,,,,,,,,,,,,,,,,,,,,,,,,,,,,,,,,,,,,,,,,,,,,,,,,,,,,0
,,,,,,,,,,,,,,,,,,,,,,,,,,,,,,,,,,,,,,,,,,,,,,,,,,,,0
,,,,,,,,,,,,,,,,,,,,,,,,,,,,,,,,,,,,,,,,,,,,,,,,,,,,0
,,,,,,,,,,,,,,,,,,,,,,,,,,,,,,,,,,,,,,,,,,,,,,,,,,,,0
,,,,,,,,,,,,,,,,,,,,,,,,,,,,,,,,,,,,,,,,,,,,,,,,,,,,0
,,,,,,,,,,,,,,,,,,,,,,,,,,,,,,,,,,,,,,,,,,,,,,,,,,,,0
,,,,,,,,,,,,,,,,,,,,,,,,,,,,,,,,,,,,,,,,,,,,,,,,,,,,0
,,,,,,,,,,,,,,,,,,,,,,,,,,,,,,,,,,,,,,,,,,,,,,,,,,,,0
,,,,,,,,,,,,,,,,,,,,,,,,,,,,,,,,,,,,,,,,,,,,,,,,,,,,0
,,,,,,,,,,,,,,,,,,,,,,,,,,,,,,,,,,,,,,,,,,,,,,,,,,,,0
,,,,,,,,,,,,,,,,,,,,,,,,,,,,,,,,,,,,,,,,,,,,,,,,,,,,0
,,,,,,,,,,,,,,,,,,,,,,,,,,,,,,,,,,,,,,,,,,,,,,,,,,,,0
,,,,,,,,,,,,,,,,,,,,,,,,,,,,,,,,,,,,,,,,,,,,,,,,,,,,0
,,,,,,,,,,,,,,,,,,,,,,,,,,,,,,,,,,,,,,,,,,,,,,,,,,,,0
,,,,,,,,,,,,,,,,,,,,,,,,,,,,,,,,,,,,,,,,,,,,,,,,,,,,0
,,,,,,,,,,,,,,,,,,,,,,,,,,,,,,,,,,,,,,,,,,,,,,,,,,,,0
,,,,,,,,,,,,,,,,,,,,,,,,,,,,,,,,,,,,,,,,,,,,,,,,,,,,0
,,,,,,,,,,,,,,,,,,,,,,,,,,,,,,,,,,,,,,,,,,,,,,,,,,,,0
,,,,,,,,,,,,,,,,,,,,,,,,,,,,,,,,,,,,,,,,,,,,,,,,,,,,0
,,,,,,,,,,,,,,,,,,,,,,,,,,,,,,,,,,,,,,,,,,,,,,,,,,,,0
,,,,,,,,,,,,,,,,,,,,,,,,,,,,,,,,,,,,,,,,,,,,,,,,,,,,0
,,,,,,,,,,,,,,,,,,,,,,,,,,,,,,,,,,,,,,,,,,,,,,,,,,,,0
,,,,,,,,,,,,,,,,,,,,,,,,,,,,,,,,,,,,,,,,,,,,,,,,,,,,0
,,,,,,,,,,,,,,,,,,,,,,,,,,,,,,,,,,,,,,,,,,,,,,,,,,,,0
,,,,,,,,,,,,,,,,,,,,,,,,,,,,,,,,,,,,,,,,,,,,,,,,,,,,0
,,,,,,,,,,,,,,,,,,,,,,,,,,,,,,,,,,,,,,,,,,,,,,,,,,,,0
,,,,,,,,,,,,,,,,,,,,,,,,,,,,,,,,,,,,,,,,,,,,,,,,,,,,0
,,,,,,,,,,,,,,,,,,,,,,,,,,,,,,,,,,,,,,,,,,,,,,,,,,,,0
,,,,,,,,,,,,,,,,,,,,,,,,,,,,,,,,,,,,,,,,,,,,,,,,,,,,0
,,,,,,,,,,,,,,,,,,,,,,,,,,,,,,,,,,,,,,,,,,,,,,,,,,,,0
,,,,,,,,,,,,,,,,,,,,,,,,,,,,,,,,,,,,,,,,,,,,,,,,,,,,0
,,,,,,,,,,,,,,,,,,,,,,,,,,,,,,,,,,,,,,,,,,,,,,,,,,,,0
,,,,,,,,,,,,,,,,,,,,,,,,,,,,,,,,,,,,,,,,,,,,,,,,,,,,0
,,,,,,,,,,,,,,,,,,,,,,,,,,,,,,,,,,,,,,,,,,,,,,,,,,,,0
,,,,,,,,,,,,,,,,,,,,,,,,,,,,,,,,,,,,,,,,,,,,,,,,,,,,0
,,,,,,,,,,,,,,,,,,,,,,,,,,,,,,,,,,,,,,,,,,,,,,,,,,,,0
,,,,,,,,,,,,,,,,,,,,,,,,,,,,,,,,,,,,,,,,,,,,,,,,,,,,0
,,,,,,,,,,,,,,,,,,,,,,,,,,,,,,,,,,,,,,,,,,,,,,,,,,,,0
,,,,,,,,,,,,,,,,,,,,,,,,,,,,,,,,,,,,,,,,,,,,,,,,,,,,0
,,,,,,,,,,,,,,,,,,,,,,,,,,,,,,,,,,,,,,,,,,,,,,,,,,,,0
,,,,,,,,,,,,,,,,,,,,,,,,,,,,,,,,,,,,,,,,,,,,,,,,,,,,0
,,,,,,,,,,,,,,,,,,,,,,,,,,,,,,,,,,,,,,,,,,,,,,,,,,,,0
,,,,,,,,,,,,,,,,,,,,,,,,,,,,,,,,,,,,,,,,,,,,,,,,,,,,0
,,,,,,,,,,,,,,,,,,,,,,,,,,,,,,,,,,,,,,,,,,,,,,,,,,,,0
,,,,,,,,,,,,,,,,,,,,,,,,,,,,,,,,,,,,,,,,,,,,,,,,,,,,0
,,,,,,,,,,,,,,,,,,,,,,,,,,,,,,,,,,,,,,,,,,,,,,,,,,,,0
,,,,,,,,,,,,,,,,,,,,,,,,,,,,,,,,,,,,,,,,,,,,,,,,,,,,0
,,,,,,,,,,,,,,,,,,,,,,,,,,,,,,,,,,,,,,,,,,,,,,,,,,,,0
,,,,,,,,,,,,,,,,,,,,,,,,,,,,,,,,,,,,,,,,,,,,,,,,,,,,0
,,,,,,,,,,,,,,,,,,,,,,,,,,,,,,,,,,,,,,,,,,,,,,,,,,,,0
,,,,,,,,,,,,,,,,,,,,,,,,,,,,,,,,,,,,,,,,,,,,,,,,,,,,0
,,,,,,,,,,,,,,,,,,,,,,,,,,,,,,,,,,,,,,,,,,,,,,,,,,,,0
,,,,,,,,,,,,,,,,,,,,,,,,,,,,,,,,,,,,,,,,,,,,,,,,,,,,0
,,,,,,,,,,,,,,,,,,,,,,,,,,,,,,,,,,,,,,,,,,,,,,,,,,,,0
,,,,,,,,,,,,,,,,,,,,,,,,,,,,,,,,,,,,,,,,,,,,,,,,,,,,0
,,,,,,,,,,,,,,,,,,,,,,,,,,,,,,,,,,,,,,,,,,,,,,,,,,,,0
,,,,,,,,,,,,,,,,,,,,,,,,,,,,,,,,,,,,,,,,,,,,,,,,,,,,0
,,,,,,,,,,,,,,,,,,,,,,,,,,,,,,,,,,,,,,,,,,,,,,,,,,,,0
,,,,,,,,,,,,,,,,,,,,,,,,,,,,,,,,,,,,,,,,,,,,,,,,,,,,0
,,,,,,,,,,,,,,,,,,,,,,,,,,,,,,,,,,,,,,,,,,,,,,,,,,,,0
,,,,,,,,,,,,,,,,,,,,,,,,,,,,,,,,,,,,,,,,,,,,,,,,,,,,0
,,,,,,,,,,,,,,,,,,,,,,,,,,,,,,,,,,,,,,,,,,,,,,,,,,,,0
,,,,,,,,,,,,,,,,,,,,,,,,,,,,,,,,,,,,,,,,,,,,,,,,,,,,0
,,,,,,,,,,,,,,,,,,,,,,,,,,,,,,,,,,,,,,,,,,,,,,,,,,,,0
,,,,,,,,,,,,,,,,,,,,,,,,,,,,,,,,,,,,,,,,,,,,,,,,,,,,0
,,,,,,,,,,,,,,,,,,,,,,,,,,,,,,,,,,,,,,,,,,,,,,,,,,,,0
,,,,,,,,,,,,,,,,,,,,,,,,,,,,,,,,,,,,,,,,,,,,,,,,,,,,0
,,,,,,,,,,,,,,,,,,,,,,,,,,,,,,,,,,,,,,,,,,,,,,,,,,,,0
,,,,,,,,,,,,,,,,,,,,,,,,,,,,,,,,,,,,,,,,,,,,,,,,,,,,0
,,,,,,,,,,,,,,,,,,,,,,,,,,,,,,,,,,,,,,,,,,,,,,,,,,,,0
,,,,,,,,,,,,,,,,,,,,,,,,,,,,,,,,,,,,,,,,,,,,,,,,,,,,0
,,,,,,,,,,,,,,,,,,,,,,,,,,,,,,,,,,,,,,,,,,,,,,,,,,,,0
,,,,,,,,,,,,,,,,,,,,,,,,,,,,,,,,,,,,,,,,,,,,,,,,,,,,0
,,,,,,,,,,,,,,,,,,,,,,,,,,,,,,,,,,,,,,,,,,,,,,,,,,,,0
,,,,,,,,,,,,,,,,,,,,,,,,,,,,,,,,,,,,,,,,,,,,,,,,,,,,0
,,,,,,,,,,,,,,,,,,,,,,,,,,,,,,,,,,,,,,,,,,,,,,,,,,,,0
,,,,,,,,,,,,,,,,,,,,,,,,,,,,,,,,,,,,,,,,,,,,,,,,,,,,0
,,,,,,,,,,,,,,,,,,,,,,,,,,,,,,,,,,,,,,,,,,,,,,,,,,,,0
,,,,,,,,,,,,,,,,,,,,,,,,,,,,,,,,,,,,,,,,,,,,,,,,,,,,0
,,,,,,,,,,,,,,,,,,,,,,,,,,,,,,,,,,,,,,,,,,,,,,,,,,,,0
,,,,,,,,,,,,,,,,,,,,,,,,,,,,,,,,,,,,,,,,,,,,,,,,,,,,0
,,,,,,,,,,,,,,,,,,,,,,,,,,,,,,,,,,,,,,,,,,,,,,,,,,,,0
,,,,,,,,,,,,,,,,,,,,,,,,,,,,,,,,,,,,,,,,,,,,,,,,,,,,0
,,,,,,,,,,,,,,,,,,,,,,,,,,,,,,,,,,,,,,,,,,,,,,,,,,,,0
,,,,,,,,,,,,,,,,,,,,,,,,,,,,,,,,,,,,,,,,,,,,,,,,,,,,0
,,,,,,,,,,,,,,,,,,,,,,,,,,,,,,,,,,,,,,,,,,,,,,,,,,,,0
,,,,,,,,,,,,,,,,,,,,,,,,,,,,,,,,,,,,,,,,,,,,,,,,,,,,0
,,,,,,,,,,,,,,,,,,,,,,,,,,,,,,,,,,,,,,,,,,,,,,,,,,,,0
,,,,,,,,,,,,,,,,,,,,,,,,,,,,,,,,,,,,,,,,,,,,,,,,,,,,0
,,,,,,,,,,,,,,,,,,,,,,,,,,,,,,,,,,,,,,,,,,,,,,,,,,,,0
,,,,,,,,,,,,,,,,,,,,,,,,,,,,,,,,,,,,,,,,,,,,,,,,,,,,0
,,,,,,,,,,,,,,,,,,,,,,,,,,,,,,,,,,,,,,,,,,,,,,,,,,,,0
,,,,,,,,,,,,,,,,,,,,,,,,,,,,,,,,,,,,,,,,,,,,,,,,,,,,0
,,,,,,,,,,,,,,,,,,,,,,,,,,,,,,,,,,,,,,,,,,,,,,,,,,,,0
,,,,,,,,,,,,,,,,,,,,,,,,,,,,,,,,,,,,,,,,,,,,,,,,,,,,0
,,,,,,,,,,,,,,,,,,,,,,,,,,,,,,,,,,,,,,,,,,,,,,,,,,,,0
,,,,,,,,,,,,,,,,,,,,,,,,,,,,,,,,,,,,,,,,,,,,,,,,,,,,0
,,,,,,,,,,,,,,,,,,,,,,,,,,,,,,,,,,,,,,,,,,,,,,,,,,,,0
,,,,,,,,,,,,,,,,,,,,,,,,,,,,,,,,,,,,,,,,,,,,,,,,,,,,0
,,,,,,,,,,,,,,,,,,,,,,,,,,,,,,,,,,,,,,,,,,,,,,,,,,,,0
,,,,,,,,,,,,,,,,,,,,,,,,,,,,,,,,,,,,,,,,,,,,,,,,,,,,0
,,,,,,,,,,,,,,,,,,,,,,,,,,,,,,,,,,,,,,,,,,,,,,,,,,,,0
,,,,,,,,,,,,,,,,,,,,,,,,,,,,,,,,,,,,,,,,,,,,,,,,,,,,0
,,,,,,,,,,,,,,,,,,,,,,,,,,,,,,,,,,,,,,,,,,,,,,,,,,,,0
,,,,,,,,,,,,,,,,,,,,,,,,,,,,,,,,,,,,,,,,,,,,,,,,,,,,0
,,,,,,,,,,,,,,,,,,,,,,,,,,,,,,,,,,,,,,,,,,,,,,,,,,,,0
,,,,,,,,,,,,,,,,,,,,,,,,,,,,,,,,,,,,,,,,,,,,,,,,,,,,0
,,,,,,,,,,,,,,,,,,,,,,,,,,,,,,,,,,,,,,,,,,,,,,,,,,,,0
,,,,,,,,,,,,,,,,,,,,,,,,,,,,,,,,,,,,,,,,,,,,,,,,,,,,0
,,,,,,,,,,,,,,,,,,,,,,,,,,,,,,,,,,,,,,,,,,,,,,,,,,,,0
,,,,,,,,,,,,,,,,,,,,,,,,,,,,,,,,,,,,,,,,,,,,,,,,,,,,0
,,,,,,,,,,,,,,,,,,,,,,,,,,,,,,,,,,,,,,,,,,,,,,,,,,,,0
,,,,,,,,,,,,,,,,,,,,,,,,,,,,,,,,,,,,,,,,,,,,,,,,,,,,0
,,,,,,,,,,,,,,,,,,,,,,,,,,,,,,,,,,,,,,,,,,,,,,,,,,,,0
,,,,,,,,,,,,,,,,,,,,,,,,,,,,,,,,,,,,,,,,,,,,,,,,,,,,0
,,,,,,,,,,,,,,,,,,,,,,,,,,,,,,,,,,,,,,,,,,,,,,,,,,,,0
,,,,,,,,,,,,,,,,,,,,,,,,,,,,,,,,,,,,,,,,,,,,,,,,,,,,0
,,,,,,,,,,,,,,,,,,,,,,,,,,,,,,,,,,,,,,,,,,,,,,,,,,,,0
,,,,,,,,,,,,,,,,,,,,,,,,,,,,,,,,,,,,,,,,,,,,,,,,,,,,0
,,,,,,,,,,,,,,,,,,,,,,,,,,,,,,,,,,,,,,,,,,,,,,,,,,,,0
,,,,,,,,,,,,,,,,,,,,,,,,,,,,,,,,,,,,,,,,,,,,,,,,,,,,0
,,,,,,,,,,,,,,,,,,,,,,,,,,,,,,,,,,,,,,,,,,,,,,,,,,,,0
,,,,,,,,,,,,,,,,,,,,,,,,,,,,,,,,,,,,,,,,,,,,,,,,,,,,0
,,,,,,,,,,,,,,,,,,,,,,,,,,,,,,,,,,,,,,,,,,,,,,,,,,,,0
,,,,,,,,,,,,,,,,,,,,,,,,,,,,,,,,,,,,,,,,,,,,,,,,,,,,0
,,,,,,,,,,,,,,,,,,,,,,,,,,,,,,,,,,,,,,,,,,,,,,,,,,,,0
,,,,,,,,,,,,,,,,,,,,,,,,,,,,,,,,,,,,,,,,,,,,,,,,,,,,0
,,,,,,,,,,,,,,,,,,,,,,,,,,,,,,,,,,,,,,,,,,,,,,,,,,,,0
,,,,,,,,,,,,,,,,,,,,,,,,,,,,,,,,,,,,,,,,,,,,,,,,,,,,0
,,,,,,,,,,,,,,,,,,,,,,,,,,,,,,,,,,,,,,,,,,,,,,,,,,,,0
,,,,,,,,,,,,,,,,,,,,,,,,,,,,,,,,,,,,,,,,,,,,,,,,,,,,0
,,,,,,,,,,,,,,,,,,,,,,,,,,,,,,,,,,,,,,,,,,,,,,,,,,,,0
,,,,,,,,,,,,,,,,,,,,,,,,,,,,,,,,,,,,,,,,,,,,,,,,,,,,0
,,,,,,,,,,,,,,,,,,,,,,,,,,,,,,,,,,,,,,,,,,,,,,,,,,,,0
,,,,,,,,,,,,,,,,,,,,,,,,,,,,,,,,,,,,,,,,,,,,,,,,,,,,0
,,,,,,,,,,,,,,,,,,,,,,,,,,,,,,,,,,,,,,,,,,,,,,,,,,,,0
,,,,,,,,,,,,,,,,,,,,,,,,,,,,,,,,,,,,,,,,,,,,,,,,,,,,0
,,,,,,,,,,,,,,,,,,,,,,,,,,,,,,,,,,,,,,,,,,,,,,,,,,,,0
,,,,,,,,,,,,,,,,,,,,,,,,,,,,,,,,,,,,,,,,,,,,,,,,,,,,0
,,,,,,,,,,,,,,,,,,,,,,,,,,,,,,,,,,,,,,,,,,,,,,,,,,,,0
,,,,,,,,,,,,,,,,,,,,,,,,,,,,,,,,,,,,,,,,,,,,,,,,,,,,0
,,,,,,,,,,,,,,,,,,,,,,,,,,,,,,,,,,,,,,,,,,,,,,,,,,,,0
,,,,,,,,,,,,,,,,,,,,,,,,,,,,,,,,,,,,,,,,,,,,,,,,,,,,0
,,,,,,,,,,,,,,,,,,,,,,,,,,,,,,,,,,,,,,,,,,,,,,,,,,,,0
,,,,,,,,,,,,,,,,,,,,,,,,,,,,,,,,,,,,,,,,,,,,,,,,,,,,0
,,,,,,,,,,,,,,,,,,,,,,,,,,,,,,,,,,,,,,,,,,,,,,,,,,,,0
,,,,,,,,,,,,,,,,,,,,,,,,,,,,,,,,,,,,,,,,,,,,,,,,,,,,0
,,,,,,,,,,,,,,,,,,,,,,,,,,,,,,,,,,,,,,,,,,,,,,,,,,,,0
,,,,,,,,,,,,,,,,,,,,,,,,,,,,,,,,,,,,,,,,,,,,,,,,,,,,0
,,,,,,,,,,,,,,,,,,,,,,,,,,,,,,,,,,,,,,,,,,,,,,,,,,,,0
,,,,,,,,,,,,,,,,,,,,,,,,,,,,,,,,,,,,,,,,,,,,,,,,,,,,0
,,,,,,,,,,,,,,,,,,,,,,,,,,,,,,,,,,,,,,,,,,,,,,,,,,,,0
,,,,,,,,,,,,,,,,,,,,,,,,,,,,,,,,,,,,,,,,,,,,,,,,,,,,0
,,,,,,,,,,,,,,,,,,,,,,,,,,,,,,,,,,,,,,,,,,,,,,,,,,,,0
,,,,,,,,,,,,,,,,,,,,,,,,,,,,,,,,,,,,,,,,,,,,,,,,,,,,0
,,,,,,,,,,,,,,,,,,,,,,,,,,,,,,,,,,,,,,,,,,,,,,,,,,,,0
,,,,,,,,,,,,,,,,,,,,,,,,,,,,,,,,,,,,,,,,,,,,,,,,,,,,0
,,,,,,,,,,,,,,,,,,,,,,,,,,,,,,,,,,,,,,,,,,,,,,,,,,,,0
,,,,,,,,,,,,,,,,,,,,,,,,,,,,,,,,,,,,,,,,,,,,,,,,,,,,0
,,,,,,,,,,,,,,,,,,,,,,,,,,,,,,,,,,,,,,,,,,,,,,,,,,,,0
,,,,,,,,,,,,,,,,,,,,,,,,,,,,,,,,,,,,,,,,,,,,,,,,,,,,0
,,,,,,,,,,,,,,,,,,,,,,,,,,,,,,,,,,,,,,,,,,,,,,,,,,,,0
,,,,,,,,,,,,,,,,,,,,,,,,,,,,,,,,,,,,,,,,,,,,,,,,,,,,0
,,,,,,,,,,,,,,,,,,,,,,,,,,,,,,,,,,,,,,,,,,,,,,,,,,,,0
,,,,,,,,,,,,,,,,,,,,,,,,,,,,,,,,,,,,,,,,,,,,,,,,,,,,0
,,,,,,,,,,,,,,,,,,,,,,,,,,,,,,,,,,,,,,,,,,,,,,,,,,,,0
,,,,,,,,,,,,,,,,,,,,,,,,,,,,,,,,,,,,,,,,,,,,,,,,,,,,0
,,,,,,,,,,,,,,,,,,,,,,,,,,,,,,,,,,,,,,,,,,,,,,,,,,,,0
,,,,,,,,,,,,,,,,,,,,,,,,,,,,,,,,,,,,,,,,,,,,,,,,,,,,0
,,,,,,,,,,,,,,,,,,,,,,,,,,,,,,,,,,,,,,,,,,,,,,,,,,,,0
,,,,,,,,,,,,,,,,,,,,,,,,,,,,,,,,,,,,,,,,,,,,,,,,,,,,0
,,,,,,,,,,,,,,,,,,,,,,,,,,,,,,,,,,,,,,,,,,,,,,,,,,,,0
,,,,,,,,,,,,,,,,,,,,,,,,,,,,,,,,,,,,,,,,,,,,,,,,,,,,0
,,,,,,,,,,,,,,,,,,,,,,,,,,,,,,,,,,,,,,,,,,,,,,,,,,,,0
,,,,,,,,,,,,,,,,,,,,,,,,,,,,,,,,,,,,,,,,,,,,,,,,,,,,0
,,,,,,,,,,,,,,,,,,,,,,,,,,,,,,,,,,,,,,,,,,,,,,,,,,,,0
,,,,,,,,,,,,,,,,,,,,,,,,,,,,,,,,,,,,,,,,,,,,,,,,,,,,0
,,,,,,,,,,,,,,,,,,,,,,,,,,,,,,,,,,,,,,,,,,,,,,,,,,,,0
,,,,,,,,,,,,,,,,,,,,,,,,,,,,,,,,,,,,,,,,,,,,,,,,,,,,0
,,,,,,,,,,,,,,,,,,,,,,,,,,,,,,,,,,,,,,,,,,,,,,,,,,,,0
,,,,,,,,,,,,,,,,,,,,,,,,,,,,,,,,,,,,,,,,,,,,,,,,,,,,0
,,,,,,,,,,,,,,,,,,,,,,,,,,,,,,,,,,,,,,,,,,,,,,,,,,,,0
,,,,,,,,,,,,,,,,,,,,,,,,,,,,,,,,,,,,,,,,,,,,,,,,,,,,0
,,,,,,,,,,,,,,,,,,,,,,,,,,,,,,,,,,,,,,,,,,,,,,,,,,,,0
,,,,,,,,,,,,,,,,,,,,,,,,,,,,,,,,,,,,,,,,,,,,,,,,,,,,0
,,,,,,,,,,,,,,,,,,,,,,,,,,,,,,,,,,,,,,,,,,,,,,,,,,,,0
,,,,,,,,,,,,,,,,,,,,,,,,,,,,,,,,,,,,,,,,,,,,,,,,,,,,0
,,,,,,,,,,,,,,,,,,,,,,,,,,,,,,,,,,,,,,,,,,,,,,,,,,,,0
,,,,,,,,,,,,,,,,,,,,,,,,,,,,,,,,,,,,,,,,,,,,,,,,,,,,0
,,,,,,,,,,,,,,,,,,,,,,,,,,,,,,,,,,,,,,,,,,,,,,,,,,,,0
,,,,,,,,,,,,,,,,,,,,,,,,,,,,,,,,,,,,,,,,,,,,,,,,,,,,0
,,,,,,,,,,,,,,,,,,,,,,,,,,,,,,,,,,,,,,,,,,,,,,,,,,,,0
,,,,,,,,,,,,,,,,,,,,,,,,,,,,,,,,,,,,,,,,,,,,,,,,,,,,0
,,,,,,,,,,,,,,,,,,,,,,,,,,,,,,,,,,,,,,,,,,,,,,,,,,,,0
,,,,,,,,,,,,,,,,,,,,,,,,,,,,,,,,,,,,,,,,,,,,,,,,,,,,0
,,,,,,,,,,,,,,,,,,,,,,,,,,,,,,,,,,,,,,,,,,,,,,,,,,,,0
,,,,,,,,,,,,,,,,,,,,,,,,,,,,,,,,,,,,,,,,,,,,,,,,,,,,0
,,,,,,,,,,,,,,,,,,,,,,,,,,,,,,,,,,,,,,,,,,,,,,,,,,,,0
,,,,,,,,,,,,,,,,,,,,,,,,,,,,,,,,,,,,,,,,,,,,,,,,,,,,0
,,,,,,,,,,,,,,,,,,,,,,,,,,,,,,,,,,,,,,,,,,,,,,,,,,,,0
,,,,,,,,,,,,,,,,,,,,,,,,,,,,,,,,,,,,,,,,,,,,,,,,,,,,0
,,,,,,,,,,,,,,,,,,,,,,,,,,,,,,,,,,,,,,,,,,,,,,,,,,,,0
,,,,,,,,,,,,,,,,,,,,,,,,,,,,,,,,,,,,,,,,,,,,,,,,,,,,0
,,,,,,,,,,,,,,,,,,,,,,,,,,,,,,,,,,,,,,,,,,,,,,,,,,,,0
,,,,,,,,,,,,,,,,,,,,,,,,,,,,,,,,,,,,,,,,,,,,,,,,,,,,0
,,,,,,,,,,,,,,,,,,,,,,,,,,,,,,,,,,,,,,,,,,,,,,,,,,,,0
,,,,,,,,,,,,,,,,,,,,,,,,,,,,,,,,,,,,,,,,,,,,,,,,,,,,0
,,,,,,,,,,,,,,,,,,,,,,,,,,,,,,,,,,,,,,,,,,,,,,,,,,,,0
,,,,,,,,,,,,,,,,,,,,,,,,,,,,,,,,,,,,,,,,,,,,,,,,,,,,0
,,,,,,,,,,,,,,,,,,,,,,,,,,,,,,,,,,,,,,,,,,,,,,,,,,,,0
,,,,,,,,,,,,,,,,,,,,,,,,,,,,,,,,,,,,,,,,,,,,,,,,,,,,0
,,,,,,,,,,,,,,,,,,,,,,,,,,,,,,,,,,,,,,,,,,,,,,,,,,,,0
,,,,,,,,,,,,,,,,,,,,,,,,,,,,,,,,,,,,,,,,,,,,,,,,,,,,0
,,,,,,,,,,,,,,,,,,,,,,,,,,,,,,,,,,,,,,,,,,,,,,,,,,,,0
,,,,,,,,,,,,,,,,,,,,,,,,,,,,,,,,,,,,,,,,,,,,,,,,,,,,0
,,,,,,,,,,,,,,,,,,,,,,,,,,,,,,,,,,,,,,,,,,,,,,,,,,,,0
,,,,,,,,,,,,,,,,,,,,,,,,,,,,,,,,,,,,,,,,,,,,,,,,,,,,0
,,,,,,,,,,,,,,,,,,,,,,,,,,,,,,,,,,,,,,,,,,,,,,,,,,,,0
,,,,,,,,,,,,,,,,,,,,,,,,,,,,,,,,,,,,,,,,,,,,,,,,,,,,0
,,,,,,,,,,,,,,,,,,,,,,,,,,,,,,,,,,,,,,,,,,,,,,,,,,,,0
,,,,,,,,,,,,,,,,,,,,,,,,,,,,,,,,,,,,,,,,,,,,,,,,,,,,0
,,,,,,,,,,,,,,,,,,,,,,,,,,,,,,,,,,,,,,,,,,,,,,,,,,,,0
,,,,,,,,,,,,,,,,,,,,,,,,,,,,,,,,,,,,,,,,,,,,,,,,,,,,0
,,,,,,,,,,,,,,,,,,,,,,,,,,,,,,,,,,,,,,,,,,,,,,,,,,,,0
,,,,,,,,,,,,,,,,,,,,,,,,,,,,,,,,,,,,,,,,,,,,,,,,,,,,0
,,,,,,,,,,,,,,,,,,,,,,,,,,,,,,,,,,,,,,,,,,,,,,,,,,,,0
,,,,,,,,,,,,,,,,,,,,,,,,,,,,,,,,,,,,,,,,,,,,,,,,,,,,0
,,,,,,,,,,,,,,,,,,,,,,,,,,,,,,,,,,,,,,,,,,,,,,,,,,,,0
,,,,,,,,,,,,,,,,,,,,,,,,,,,,,,,,,,,,,,,,,,,,,,,,,,,,0
,,,,,,,,,,,,,,,,,,,,,,,,,,,,,,,,,,,,,,,,,,,,,,,,,,,,0
,,,,,,,,,,,,,,,,,,,,,,,,,,,,,,,,,,,,,,,,,,,,,,,,,,,,0
,,,,,,,,,,,,,,,,,,,,,,,,,,,,,,,,,,,,,,,,,,,,,,,,,,,,0
,,,,,,,,,,,,,,,,,,,,,,,,,,,,,,,,,,,,,,,,,,,,,,,,,,,,0
,,,,,,,,,,,,,,,,,,,,,,,,,,,,,,,,,,,,,,,,,,,,,,,,,,,,0
,,,,,,,,,,,,,,,,,,,,,,,,,,,,,,,,,,,,,,,,,,,,,,,,,,,,0
,,,,,,,,,,,,,,,,,,,,,,,,,,,,,,,,,,,,,,,,,,,,,,,,,,,,0
,,,,,,,,,,,,,,,,,,,,,,,,,,,,,,,,,,,,,,,,,,,,,,,,,,,,0
,,,,,,,,,,,,,,,,,,,,,,,,,,,,,,,,,,,,,,,,,,,,,,,,,,,,0
,,,,,,,,,,,,,,,,,,,,,,,,,,,,,,,,,,,,,,,,,,,,,,,,,,,,0
,,,,,,,,,,,,,,,,,,,,,,,,,,,,,,,,,,,,,,,,,,,,,,,,,,,,0
,,,,,,,,,,,,,,,,,,,,,,,,,,,,,,,,,,,,,,,,,,,,,,,,,,,,0
,,,,,,,,,,,,,,,,,,,,,,,,,,,,,,,,,,,,,,,,,,,,,,,,,,,,0
,,,,,,,,,,,,,,,,,,,,,,,,,,,,,,,,,,,,,,,,,,,,,,,,,,,,0
,,,,,,,,,,,,,,,,,,,,,,,,,,,,,,,,,,,,,,,,,,,,,,,,,,,,0
,,,,,,,,,,,,,,,,,,,,,,,,,,,,,,,,,,,,,,,,,,,,,,,,,,,,0
,,,,,,,,,,,,,,,,,,,,,,,,,,,,,,,,,,,,,,,,,,,,,,,,,,,,0
,,,,,,,,,,,,,,,,,,,,,,,,,,,,,,,,,,,,,,,,,,,,,,,,,,,,0
,,,,,,,,,,,,,,,,,,,,,,,,,,,,,,,,,,,,,,,,,,,,,,,,,,,,0
,,,,,,,,,,,,,,,,,,,,,,,,,,,,,,,,,,,,,,,,,,,,,,,,,,,,0
,,,,,,,,,,,,,,,,,,,,,,,,,,,,,,,,,,,,,,,,,,,,,,,,,,,,0
,,,,,,,,,,,,,,,,,,,,,,,,,,,,,,,,,,,,,,,,,,,,,,,,,,,,0